Type,Air temperature [K],Process temperature [K],Rotational speed [rpm],Torque [Nm],Tool wear [min],Machine failure,Failure Type,temp_diff,power,torque_per_wear
1,298.1,308.6,1551,42.8,0,0,No Failure,10.5,66382.79999999999,42.8
0,298.2,308.7,1408,46.3,3,0,No Failure,10.5,65190.399999999994,11.575
0,298.1,308.5,1498,49.4,5,0,No Failure,10.399999999999977,74001.2,8.233333333333333
0,298.2,308.6,1433,39.5,7,0,No Failure,10.400000000000034,56603.5,4.9375
0,298.2,308.7,1408,40.0,9,0,No Failure,10.5,56320.0,4.0
1,298.1,308.6,1425,41.9,11,0,No Failure,10.5,59707.5,3.4916666666666667
0,298.1,308.6,1558,42.4,14,0,No Failure,10.5,66059.2,2.8266666666666667
0,298.1,308.6,1527,40.2,16,0,No Failure,10.5,61385.4,2.364705882352941
1,298.3,308.7,1667,28.6,18,0,No Failure,10.399999999999977,47676.200000000004,1.5052631578947369
1,298.5,309.0,1741,28.0,21,0,No Failure,10.5,48748.0,1.2727272727272727
2,298.4,308.9,1782,23.9,24,0,No Failure,10.5,42589.799999999996,0.956
2,298.6,309.1,1423,44.3,29,0,No Failure,10.5,63038.899999999994,1.4766666666666666
1,298.6,309.1,1339,51.1,34,0,No Failure,10.5,68422.90000000001,1.46
1,298.6,309.2,1742,30.0,37,0,No Failure,10.599999999999966,52260.0,0.7894736842105263
0,298.6,309.2,2035,19.6,40,0,No Failure,10.599999999999966,39886.0,0.4780487804878049
0,298.6,309.2,1542,48.4,42,0,No Failure,10.599999999999966,74632.8,1.1255813953488372
1,298.6,309.2,1311,46.6,44,0,No Failure,10.599999999999966,61092.6,1.0355555555555556
1,298.7,309.2,1410,45.6,47,0,No Failure,10.5,64296.0,0.9500000000000001
2,298.8,309.2,1306,54.5,50,0,No Failure,10.399999999999977,71177.0,1.0686274509803921
1,298.9,309.3,1632,32.5,55,0,No Failure,10.400000000000034,53040.0,0.5803571428571429
2,298.9,309.3,1375,42.7,58,0,No Failure,10.400000000000034,58712.50000000001,0.7237288135593221
0,298.8,309.3,1450,44.8,63,0,No Failure,10.5,64959.99999999999,0.7
1,298.9,309.3,1581,30.7,65,0,No Failure,10.400000000000034,48536.7,0.46515151515151515
0,299.0,309.4,1758,25.7,68,0,No Failure,10.399999999999977,45180.6,0.372463768115942
1,299.0,309.4,1561,37.3,70,0,No Failure,10.399999999999977,58225.299999999996,0.5253521126760563
0,299.0,309.5,1861,23.3,73,0,No Failure,10.5,43361.3,0.31486486486486487
0,299.1,309.5,1512,39.0,75,0,No Failure,10.399999999999977,58968.0,0.5131578947368421
2,299.1,309.4,1811,24.6,77,0,No Failure,10.299999999999955,44550.600000000006,0.31538461538461543
0,299.1,309.4,1439,44.2,82,0,No Failure,10.299999999999955,63603.8,0.5325301204819277
0,299.0,309.4,1693,30.1,84,0,No Failure,10.399999999999977,50959.3,0.35411764705882354
1,299.1,309.5,1339,48.2,86,0,No Failure,10.399999999999977,64539.8,0.5540229885057472
0,299.0,309.4,1798,25.5,89,0,No Failure,10.399999999999977,45849.0,0.2833333333333333
0,299.0,309.4,1419,48.3,91,0,No Failure,10.399999999999977,68537.7,0.525
0,298.9,309.3,1665,32.5,93,0,No Failure,10.400000000000034,54112.5,0.34574468085106386
1,298.8,309.1,1559,34.7,95,0,No Failure,10.300000000000011,54097.3,0.3614583333333334
1,298.8,309.2,1452,48.6,98,0,No Failure,10.399999999999977,70567.2,0.4909090909090909
1,298.9,309.2,1581,36.7,101,0,No Failure,10.300000000000011,58022.700000000004,0.3598039215686275
0,298.8,309.1,1439,39.2,104,0,No Failure,10.300000000000011,56408.8,0.37333333333333335
2,298.9,309.2,1379,50.7,106,0,No Failure,10.300000000000011,69915.3,0.4738317757009346
0,298.8,309.1,1350,52.5,111,0,No Failure,10.300000000000011,70875.0,0.46875
0,298.8,309.1,1362,45.4,113,0,No Failure,10.300000000000011,61834.799999999996,0.3982456140350877
0,298.8,309.1,1368,50.8,115,0,No Failure,10.300000000000011,69494.4,0.4379310344827586
1,298.8,309.1,1368,49.1,117,0,No Failure,10.300000000000011,67168.8,0.4161016949152542
2,298.8,309.2,1372,48.5,120,0,No Failure,10.399999999999977,66542.0,0.40082644628099173
1,298.8,309.1,1472,47.5,125,0,No Failure,10.300000000000011,69920.0,0.376984126984127
0,298.8,309.1,1489,49.1,128,0,No Failure,10.300000000000011,73109.90000000001,0.3806201550387597
1,298.7,309.0,1843,25.8,130,0,No Failure,10.300000000000011,47549.4,0.1969465648854962
0,298.8,309.1,1418,46.3,133,0,No Failure,10.300000000000011,65653.4,0.3455223880597015
2,298.8,309.2,1425,53.9,135,0,No Failure,10.399999999999977,76807.5,0.3963235294117647
1,298.9,309.2,1412,44.1,140,0,No Failure,10.300000000000011,62269.200000000004,0.3127659574468085
0,298.9,309.1,2861,4.6,143,1,Power Failure,10.200000000000045,13160.599999999999,0.03194444444444444
0,298.9,309.1,1383,54.9,145,0,No Failure,10.200000000000045,75926.7,0.37602739726027395
2,298.8,309.0,1497,43.8,147,0,No Failure,10.199999999999989,65568.59999999999,0.2959459459459459
0,298.7,309.0,1565,35.1,152,0,No Failure,10.300000000000011,54931.5,0.22941176470588237
0,298.7,309.0,1691,30.1,154,0,No Failure,10.300000000000011,50899.100000000006,0.1941935483870968
0,298.8,309.1,1512,40.7,156,0,No Failure,10.300000000000011,61538.4,0.2592356687898089
0,298.8,309.1,1477,42.4,158,0,No Failure,10.300000000000011,62624.799999999996,0.26666666666666666
0,298.8,309.1,1513,40.3,160,0,No Failure,10.300000000000011,60973.899999999994,0.2503105590062112
1,298.8,309.0,1661,29.5,162,0,No Failure,10.199999999999989,48999.5,0.18098159509202455
0,298.8,309.1,1378,54.4,165,0,No Failure,10.300000000000011,74963.2,0.327710843373494
0,298.8,309.1,1393,52.6,167,0,No Failure,10.300000000000011,73271.8,0.3130952380952381
1,298.8,309.0,1592,38.2,169,0,No Failure,10.199999999999989,60814.4,0.2247058823529412
0,298.8,309.0,1829,22.9,172,0,No Failure,10.199999999999989,41884.1,0.13236994219653178
1,298.9,309.0,1812,25.9,174,0,No Failure,10.100000000000023,46930.799999999996,0.148
0,299.0,309.1,1523,38.6,177,0,No Failure,10.100000000000023,58787.8,0.21685393258426966
0,299.0,309.1,1394,45.1,179,0,No Failure,10.100000000000023,62869.4,0.2505555555555556
1,298.9,308.9,1679,28.7,181,0,No Failure,10.0,48187.299999999996,0.1576923076923077
2,298.8,308.9,1466,44.1,184,0,No Failure,10.099999999999966,64650.6,0.23837837837837839
0,298.8,308.9,1527,32.4,189,0,No Failure,10.099999999999966,49474.799999999996,0.17052631578947366
0,298.9,309.0,1410,65.7,191,1,Power Failure,10.100000000000023,92637.0,0.34218750000000003
1,298.9,309.0,1924,22.6,193,0,No Failure,10.100000000000023,43482.4,0.11649484536082474
0,298.9,309.1,1452,45.5,196,0,No Failure,10.200000000000045,66066.0,0.23096446700507614
0,298.9,309.1,1369,44.4,198,0,No Failure,10.200000000000045,60783.6,0.22311557788944722
0,299.0,309.1,1592,35.0,200,0,No Failure,10.100000000000023,55720.0,0.17412935323383086
0,298.9,309.0,1601,32.3,202,0,No Failure,10.100000000000023,51712.299999999996,0.15911330049261083
0,298.8,308.9,1379,46.7,204,0,No Failure,10.099999999999966,64399.3,0.2278048780487805
0,298.8,308.9,1461,47.9,206,0,No Failure,10.099999999999966,69981.9,0.23140096618357486
0,298.8,308.9,1455,41.3,208,1,Tool Wear Failure,10.099999999999966,60091.49999999999,0.19760765550239234
0,298.8,308.9,1398,51.5,0,0,No Failure,10.099999999999966,71997.0,51.5
0,298.8,308.9,1402,37.9,2,0,No Failure,10.099999999999966,53135.799999999996,12.633333333333333
2,298.8,308.8,1445,49.9,4,0,No Failure,10.0,72105.5,9.98
0,298.9,308.9,1450,47.5,9,0,No Failure,10.0,68875.0,4.75
0,298.9,308.9,1453,40.8,11,0,No Failure,10.0,59282.399999999994,3.4
0,299.0,309.0,1469,40.1,13,0,No Failure,10.0,58906.9,2.8642857142857143
0,298.9,308.9,1422,47.6,15,0,No Failure,10.0,67687.2,2.975
1,299.0,309.0,1804,26.8,17,0,No Failure,10.0,48347.200000000004,1.488888888888889
2,299.0,309.0,1436,43.9,20,0,No Failure,10.0,63040.4,2.0904761904761906
0,299.0,309.0,1544,31.8,25,0,No Failure,10.0,49099.200000000004,1.2230769230769232
1,299.0,309.0,1419,45.2,27,0,No Failure,10.0,64138.8,1.6142857142857143
1,298.9,308.9,1487,39.5,30,0,No Failure,10.0,58736.5,1.2741935483870968
0,298.9,308.9,1753,25.8,33,0,No Failure,10.0,45227.4,0.7588235294117647
0,298.9,308.9,1830,24.9,35,0,No Failure,10.0,45567.0,0.6916666666666667
1,298.9,308.9,1727,27.1,37,0,No Failure,10.0,46801.700000000004,0.7131578947368421
0,299.1,309.0,1450,43.0,40,0,No Failure,9.899999999999977,62350.0,1.048780487804878
0,299.0,308.9,1622,31.9,42,0,No Failure,9.899999999999977,51741.799999999996,0.741860465116279
1,299.0,309.0,1351,52.2,44,0,No Failure,10.0,70522.2,1.1600000000000001
1,299.0,309.0,1575,35.3,47,0,No Failure,10.0,55597.49999999999,0.7354166666666666
1,298.9,308.9,1750,29.9,50,0,No Failure,10.0,52325.0,0.5862745098039216
0,298.9,308.8,1529,32.7,53,0,No Failure,9.900000000000034,49998.3,0.6055555555555556
0,298.8,308.8,1523,44.4,55,0,No Failure,10.0,67621.2,0.7928571428571428
0,298.8,308.9,1852,25.0,57,0,No Failure,10.099999999999966,46300.0,0.43103448275862066
0,298.8,308.8,1991,20.7,59,0,No Failure,10.0,41213.7,0.345
0,298.8,308.8,1555,40.6,61,0,No Failure,10.0,63133.0,0.6548387096774194
1,298.8,308.8,1441,40.5,63,0,No Failure,10.0,58360.5,0.6328125
0,298.8,308.7,1450,43.4,66,0,No Failure,9.899999999999977,62930.0,0.6477611940298508
0,298.8,308.7,1591,31.1,68,0,No Failure,9.899999999999977,49480.100000000006,0.45072463768115945
0,298.8,308.7,1445,48.5,70,0,No Failure,9.899999999999977,70082.5,0.6830985915492958
1,298.8,308.8,1497,46.8,72,0,No Failure,10.0,70059.59999999999,0.6410958904109588
2,298.9,308.8,1621,32.7,75,0,No Failure,9.900000000000034,53006.700000000004,0.4302631578947369
0,298.9,308.7,1572,34.1,80,0,No Failure,9.800000000000011,53605.200000000004,0.42098765432098767
0,298.8,308.6,1872,22.5,82,0,No Failure,9.800000000000011,42120.0,0.2710843373493976
2,298.7,308.6,1499,43.5,84,0,No Failure,9.900000000000034,65206.5,0.5117647058823529
1,298.8,308.7,1498,39.5,89,0,No Failure,9.899999999999977,59171.0,0.4388888888888889
1,298.8,308.6,1486,41.9,92,0,No Failure,9.800000000000011,62263.4,0.4505376344086021
0,298.8,308.6,1680,29.4,95,0,No Failure,9.800000000000011,49392.0,0.30624999999999997
0,298.8,308.6,1431,45.7,97,0,No Failure,9.800000000000011,65396.700000000004,0.46632653061224494
0,298.9,308.7,1564,34.1,99,0,No Failure,9.800000000000011,53332.4,0.341
0,298.8,308.6,1599,33.0,101,0,No Failure,9.800000000000011,52767.0,0.3235294117647059
1,298.8,308.6,1707,28.1,103,0,No Failure,9.800000000000011,47966.700000000004,0.27019230769230773
0,298.7,308.5,1467,40.7,106,0,No Failure,9.800000000000011,59706.9,0.38037383177570094
0,298.9,308.7,1433,44.7,108,0,No Failure,9.800000000000011,64055.100000000006,0.4100917431192661
0,298.9,308.7,1558,41.2,110,0,No Failure,9.800000000000011,64189.600000000006,0.3711711711711712
0,299.0,308.8,1310,50.7,112,0,No Failure,9.800000000000011,66417.0,0.44867256637168146
0,298.9,308.7,1546,43.4,114,0,No Failure,9.800000000000011,67096.4,0.3773913043478261
0,298.9,308.7,1727,29.4,116,0,No Failure,9.800000000000011,50773.799999999996,0.2512820512820513
0,298.9,308.6,1560,32.2,118,0,No Failure,9.700000000000045,50232.00000000001,0.2705882352941177
0,299.0,308.6,1329,60.5,120,0,No Failure,9.600000000000023,80404.5,0.5
0,298.9,308.6,1413,46.5,122,0,No Failure,9.700000000000045,65704.5,0.3780487804878049
0,299.0,308.6,1587,38.6,124,0,No Failure,9.600000000000023,61258.200000000004,0.3088
0,298.9,308.5,1559,34.3,126,0,No Failure,9.600000000000023,53473.7,0.2700787401574803
0,298.8,308.4,1473,41.1,128,0,No Failure,9.599999999999966,60540.3,0.3186046511627907
0,298.8,308.4,1737,27.7,130,0,No Failure,9.599999999999966,48114.9,0.21145038167938932
1,298.7,308.4,1441,43.2,132,0,No Failure,9.699999999999989,62251.200000000004,0.324812030075188
1,298.7,308.4,1430,49.6,135,0,No Failure,9.699999999999989,70928.0,0.3647058823529412
0,298.8,308.4,1369,53.0,138,0,No Failure,9.599999999999966,72557.0,0.381294964028777
1,298.8,308.5,1711,28.5,140,0,No Failure,9.699999999999989,48763.5,0.20212765957446807
2,298.7,308.5,1420,45.7,143,0,No Failure,9.800000000000011,64894.00000000001,0.31736111111111115
0,298.7,308.6,1297,55.3,148,0,No Failure,9.900000000000034,71724.09999999999,0.3711409395973154
2,298.8,308.6,1449,49.4,150,0,No Failure,9.800000000000011,71580.59999999999,0.3271523178807947
0,298.8,308.6,1268,55.8,155,0,No Failure,9.800000000000011,70754.4,0.3576923076923077
0,298.8,308.6,1511,36.1,157,0,No Failure,9.800000000000011,54547.1,0.22848101265822784
0,298.7,308.5,1544,35.2,159,0,No Failure,9.800000000000011,54348.8,0.22000000000000003
1,298.6,308.4,1778,28.2,161,0,No Failure,9.799999999999955,50139.6,0.17407407407407408
2,298.6,308.4,1407,50.5,164,0,No Failure,9.799999999999955,71053.5,0.30606060606060603
1,298.6,308.4,1391,42.4,169,0,No Failure,9.799999999999955,58978.4,0.24941176470588233
0,298.5,308.4,1513,33.6,172,0,No Failure,9.899999999999977,50836.8,0.19421965317919077
2,298.5,308.4,1612,36.1,174,0,No Failure,9.899999999999977,58193.200000000004,0.2062857142857143
0,298.4,308.4,1515,40.1,179,0,No Failure,10.0,60751.5,0.2227777777777778
1,298.3,308.3,1379,48.0,181,0,No Failure,10.0,66192.0,0.26373626373626374
0,298.4,308.3,1473,39.9,184,0,No Failure,9.900000000000034,58772.7,0.21567567567567567
0,298.4,308.3,1422,42.7,186,0,No Failure,9.900000000000034,60719.4,0.22834224598930483
1,298.4,308.2,1463,37.6,188,0,No Failure,9.800000000000011,55008.8,0.19894179894179895
1,298.4,308.2,1584,41.0,191,0,No Failure,9.800000000000011,64944.0,0.21354166666666666
0,298.4,308.2,1850,27.0,194,0,No Failure,9.800000000000011,49950.0,0.13846153846153847
0,298.4,308.2,1528,36.2,196,0,No Failure,9.800000000000011,55313.600000000006,0.18375634517766498
2,298.4,308.2,1987,19.8,198,0,No Failure,9.800000000000011,39342.6,0.09949748743718594
1,298.4,308.1,1495,46.0,203,0,No Failure,9.700000000000045,68770.0,0.22549019607843138
2,298.4,308.2,1478,43.5,206,0,No Failure,9.800000000000011,64293.0,0.21014492753623187
1,298.4,308.2,1499,40.0,211,0,No Failure,9.800000000000011,59960.0,0.18867924528301888
0,298.4,308.2,1471,47.0,214,0,No Failure,9.800000000000011,69137.0,0.2186046511627907
0,298.4,308.2,1282,60.7,216,1,Overstrain Failure,9.800000000000011,77817.40000000001,0.2797235023041475
0,298.3,308.1,1412,52.3,218,1,Overstrain Failure,9.800000000000011,73847.59999999999,0.23881278538812784
0,298.3,308.1,1586,35.5,0,0,No Failure,9.800000000000011,56303.0,35.5
1,298.4,308.2,1468,43.8,2,0,No Failure,9.800000000000011,64298.399999999994,14.6
1,298.5,308.3,1440,43.6,5,0,No Failure,9.800000000000011,62784.0,7.266666666666667
0,298.5,308.4,1733,26.0,8,0,No Failure,9.899999999999977,45058.0,2.888888888888889
2,298.4,308.2,1612,32.6,10,0,No Failure,9.800000000000011,52551.200000000004,2.963636363636364
2,298.4,308.3,1458,42.9,15,0,No Failure,9.900000000000034,62548.2,2.68125
0,298.4,308.3,1433,62.3,20,1,Power Failure,9.900000000000034,89275.9,2.9666666666666663
0,298.4,308.3,1318,59.1,22,0,No Failure,9.900000000000034,77893.8,2.5695652173913044
1,298.4,308.2,1610,35.0,24,0,No Failure,9.800000000000011,56350.0,1.4
0,298.2,308.1,1462,50.8,27,0,No Failure,9.900000000000034,74269.59999999999,1.8142857142857143
1,298.1,308.0,1924,20.8,29,0,No Failure,9.899999999999977,40019.200000000004,0.6933333333333334
1,298.2,308.0,1591,33.7,32,0,No Failure,9.800000000000011,53616.700000000004,1.0212121212121212
0,298.2,308.1,1306,58.3,35,0,No Failure,9.900000000000034,76139.8,1.6194444444444445
0,298.2,308.1,1382,43.5,37,0,No Failure,9.900000000000034,60117.0,1.144736842105263
0,298.2,308.1,1618,34.7,39,0,No Failure,9.900000000000034,56144.600000000006,0.8675
0,298.2,308.2,1988,21.4,41,0,No Failure,10.0,42543.2,0.5095238095238095
0,298.2,308.2,1436,50.2,43,0,No Failure,10.0,72087.2,1.1409090909090909
0,298.2,308.3,1304,49.8,45,0,No Failure,10.100000000000023,64939.2,1.0826086956521739
0,298.2,308.3,1475,49.9,47,0,No Failure,10.100000000000023,73602.5,1.0395833333333333
2,298.2,308.3,1824,24.2,49,0,No Failure,10.100000000000023,44140.799999999996,0.484
1,298.1,308.2,1342,48.1,54,0,No Failure,10.099999999999966,64550.200000000004,0.8745454545454546
0,298.1,308.2,1485,40.7,57,0,No Failure,10.099999999999966,60439.50000000001,0.7017241379310345
0,298.2,308.2,1667,30.6,59,0,No Failure,10.0,51010.200000000004,0.51
0,298.2,308.2,1446,38.2,61,0,No Failure,10.0,55237.200000000004,0.6161290322580646
0,298.1,308.3,1301,56.0,63,0,No Failure,10.199999999999989,72856.0,0.875
0,298.2,308.4,1379,43.1,65,0,No Failure,10.199999999999989,59434.9,0.6530303030303031
0,298.3,308.5,1606,33.6,67,0,No Failure,10.199999999999989,53961.600000000006,0.49411764705882355
1,298.3,308.4,1539,43.4,69,0,No Failure,10.099999999999966,66792.59999999999,0.62
0,298.2,308.4,1477,49.9,72,0,No Failure,10.199999999999989,73702.3,0.6835616438356165
0,298.2,308.4,1666,34.6,74,0,No Failure,10.199999999999989,57643.600000000006,0.4613333333333334
2,298.2,308.4,1398,51.8,76,0,No Failure,10.199999999999989,72416.4,0.6727272727272727
2,298.2,308.4,1678,34.6,81,0,No Failure,10.199999999999989,58058.8,0.42195121951219516
1,298.2,308.5,2678,10.7,86,1,Power Failure,10.300000000000011,28654.6,0.12298850574712643
0,298.3,308.5,1453,42.9,89,0,No Failure,10.199999999999989,62333.7,0.4766666666666666
2,298.3,308.6,1432,49.5,91,0,No Failure,10.300000000000011,70884.0,0.5380434782608695
1,298.4,308.6,1527,40.9,96,0,No Failure,10.200000000000045,62454.299999999996,0.4216494845360825
0,298.4,308.7,1588,35.0,99,0,No Failure,10.300000000000011,55580.0,0.35
0,298.4,308.6,1433,47.1,101,0,No Failure,10.200000000000045,67494.3,0.46176470588235297
0,298.4,308.6,1609,35.0,103,0,No Failure,10.200000000000045,56315.0,0.33653846153846156
0,298.3,308.5,1575,41.2,105,0,No Failure,10.199999999999989,64890.00000000001,0.3886792452830189
1,298.4,308.5,1636,35.7,107,0,No Failure,10.100000000000023,58405.200000000004,0.3305555555555556
0,298.4,308.5,1490,37.9,110,0,No Failure,10.100000000000023,56471.0,0.34144144144144145
0,298.4,308.5,1741,32.8,112,0,No Failure,10.100000000000023,57104.799999999996,0.2902654867256637
1,298.5,308.6,1344,53.0,114,0,No Failure,10.100000000000023,71232.0,0.4608695652173913
0,298.5,308.7,1609,35.3,117,0,No Failure,10.199999999999989,56797.7,0.29915254237288136
1,298.4,308.7,1421,60.7,119,1,Power Failure,10.300000000000011,86254.7,0.5058333333333334
0,298.4,308.6,1591,36.7,122,0,No Failure,10.200000000000045,58389.700000000004,0.2983739837398374
0,298.4,308.6,1477,44.0,124,0,No Failure,10.200000000000045,64988.0,0.352
0,298.4,308.7,1523,36.1,126,0,No Failure,10.300000000000011,54980.3,0.284251968503937
0,298.5,308.7,1575,33.9,128,0,No Failure,10.199999999999989,53392.5,0.2627906976744186
2,298.4,308.7,1344,52.9,130,0,No Failure,10.300000000000011,71097.59999999999,0.40381679389312974
0,298.4,308.7,1386,44.9,135,0,No Failure,10.300000000000011,62231.4,0.3301470588235294
1,298.3,308.6,1589,37.1,137,0,No Failure,10.300000000000011,58951.9,0.2688405797101449
0,298.3,308.6,1548,40.3,140,0,No Failure,10.300000000000011,62384.399999999994,0.2858156028368794
0,298.3,308.6,1499,38.3,142,0,No Failure,10.300000000000011,57411.7,0.2678321678321678
0,298.3,308.5,1664,31.6,144,0,No Failure,10.199999999999989,52582.4,0.21793103448275863
0,298.3,308.6,1447,38.1,146,0,No Failure,10.300000000000011,55130.700000000004,0.25918367346938775
1,298.3,308.5,1434,46.2,148,0,No Failure,10.199999999999989,66250.8,0.31006711409395976
0,298.3,308.5,1416,52.7,151,0,No Failure,10.199999999999989,74623.2,0.34671052631578947
2,298.4,308.5,1827,24.3,153,0,No Failure,10.100000000000023,44396.1,0.1577922077922078
0,298.4,308.6,1304,45.0,158,0,No Failure,10.200000000000045,58680.0,0.2830188679245283
0,298.4,308.6,1569,34.4,160,0,No Failure,10.200000000000045,53973.6,0.21366459627329193
0,298.3,308.6,1584,29.3,162,0,No Failure,10.300000000000011,46411.200000000004,0.17975460122699388
0,298.3,308.5,1362,53.8,164,0,No Failure,10.199999999999989,73275.59999999999,0.32606060606060605
0,298.3,308.4,1329,49.2,166,0,No Failure,10.099999999999966,65386.8,0.2946107784431138
0,298.3,308.5,1539,36.1,168,0,No Failure,10.199999999999989,55557.9,0.21360946745562132
1,298.3,308.5,1629,37.1,170,0,No Failure,10.199999999999989,60435.9,0.21695906432748538
0,298.3,308.5,1538,32.2,173,0,No Failure,10.199999999999989,49523.600000000006,0.18505747126436783
0,298.3,308.6,1570,34.8,175,0,No Failure,10.300000000000011,54635.99999999999,0.19772727272727272
0,298.3,308.4,1408,43.1,177,0,No Failure,10.099999999999966,60684.8,0.24213483146067416
0,298.2,308.4,1424,47.6,179,0,No Failure,10.199999999999989,67782.40000000001,0.2644444444444444
0,298.2,308.4,1512,34.9,181,0,No Failure,10.199999999999989,52768.799999999996,0.19175824175824174
0,298.2,308.4,1478,42.9,183,0,No Failure,10.199999999999989,63406.2,0.23315217391304346
1,298.1,308.3,1680,33.7,185,0,No Failure,10.199999999999989,56616.00000000001,0.18118279569892476
0,298.1,308.3,1495,38.7,188,0,No Failure,10.199999999999989,57856.50000000001,0.20476190476190478
1,298.0,308.1,1552,36.6,190,0,No Failure,10.100000000000023,56803.200000000004,0.19162303664921468
0,297.9,308.1,1393,50.3,193,0,No Failure,10.200000000000045,70067.9,0.2592783505154639
0,298.0,308.2,1611,30.6,195,0,No Failure,10.199999999999989,49296.600000000006,0.15612244897959185
1,298.0,308.1,1339,51.6,197,0,No Failure,10.100000000000023,69092.40000000001,0.2606060606060606
0,298.0,308.1,1777,24.3,200,0,No Failure,10.100000000000023,43181.1,0.1208955223880597
0,298.0,308.2,1348,58.8,202,1,Overstrain Failure,10.199999999999989,79262.4,0.28965517241379307
0,298.0,308.2,1442,44.1,204,0,No Failure,10.199999999999989,63592.200000000004,0.2151219512195122
1,298.0,308.2,1395,49.1,206,0,No Failure,10.199999999999989,68494.5,0.23719806763285026
1,297.9,308.1,1627,31.4,209,0,No Failure,10.200000000000045,51087.799999999996,0.1495238095238095
0,297.9,308.1,1585,33.5,212,0,No Failure,10.200000000000045,53097.5,0.1572769953051643
0,298.0,308.2,1469,45.5,214,0,No Failure,10.199999999999989,66839.5,0.2116279069767442
0,298.0,308.3,1362,56.8,216,1,Overstrain Failure,10.300000000000011,77361.59999999999,0.26175115207373273
0,298.0,308.3,1405,56.2,218,1,Overstrain Failure,10.300000000000011,78961.0,0.25662100456621006
0,298.0,308.3,1662,32.7,0,0,No Failure,10.300000000000011,54347.4,32.7
1,298.0,308.2,1466,42.6,2,0,No Failure,10.199999999999989,62451.6,14.200000000000001
0,298.0,308.2,1620,35.8,5,0,No Failure,10.199999999999989,57995.99999999999,5.966666666666666
0,298.0,308.2,1357,48.2,7,0,No Failure,10.199999999999989,65407.4,6.025
0,298.0,308.2,1514,37.9,9,0,No Failure,10.199999999999989,57380.6,3.79
0,298.0,308.2,1489,40.4,11,0,No Failure,10.199999999999989,60155.6,3.3666666666666667
0,298.1,308.3,1331,63.0,13,0,No Failure,10.199999999999989,83853.0,4.5
0,298.0,308.0,1615,29.5,15,0,No Failure,10.0,47642.5,1.84375
0,298.1,308.2,1482,37.9,17,0,No Failure,10.099999999999966,56167.799999999996,2.1055555555555556
1,298.1,308.2,1420,63.9,19,1,Power Failure,10.099999999999966,90738.0,3.195
1,298.2,308.3,1522,49.1,22,0,No Failure,10.100000000000023,74730.2,2.134782608695652
0,298.1,308.2,1654,32.1,25,0,No Failure,10.099999999999966,53093.4,1.2346153846153847
1,298.1,308.2,1736,26.8,27,0,No Failure,10.099999999999966,46524.8,0.9571428571428572
1,298.0,308.1,1587,32.3,30,0,No Failure,10.100000000000023,51260.1,1.0419354838709676
0,298.1,308.2,1390,47.5,33,0,No Failure,10.099999999999966,66025.0,1.3970588235294117
0,298.0,308.1,1454,37.1,35,0,No Failure,10.100000000000023,53943.4,1.0305555555555557
2,298.0,308.1,1440,43.7,37,0,No Failure,10.100000000000023,62928.00000000001,1.1500000000000001
0,297.9,308.0,1954,21.1,42,0,No Failure,10.100000000000023,41229.4,0.4906976744186047
2,297.9,308.0,1800,24.8,44,0,No Failure,10.100000000000023,44640.0,0.5511111111111111
0,298.0,308.0,1524,37.0,49,0,No Failure,10.0,56388.0,0.74
2,298.0,308.0,1520,39.6,51,0,No Failure,10.0,60192.0,0.7615384615384616
1,298.1,308.1,1452,40.8,56,0,No Failure,10.0,59241.6,0.7157894736842105
0,298.1,308.1,1484,40.4,59,0,No Failure,10.0,59953.6,0.6733333333333333
0,298.1,308.0,1426,46.0,61,0,No Failure,9.899999999999977,65596.0,0.7419354838709677
0,298.1,308.0,1652,28.5,63,0,No Failure,9.899999999999977,47082.0,0.4453125
0,298.0,308.0,1401,54.7,65,0,No Failure,10.0,76634.7,0.8287878787878789
1,298.0,307.9,1750,26.6,67,0,No Failure,9.899999999999977,46550.0,0.3911764705882353
2,298.0,308.0,1479,50.7,70,0,No Failure,10.0,74985.3,0.7140845070422536
1,298.0,308.0,1620,29.4,75,0,No Failure,10.0,47628.0,0.3868421052631579
0,298.0,308.1,1819,23.4,78,0,No Failure,10.100000000000023,42564.6,0.2962025316455696
1,298.1,308.1,1456,43.7,80,0,No Failure,10.0,63627.200000000004,0.5395061728395062
0,298.1,308.0,1626,36.5,83,0,No Failure,9.899999999999977,59349.0,0.43452380952380953
1,298.1,308.1,1390,49.8,85,0,No Failure,10.0,69222.0,0.5790697674418605
0,298.2,308.2,1469,43.0,88,0,No Failure,10.0,63167.0,0.48314606741573035
0,298.2,308.3,2051,19.2,90,0,No Failure,10.100000000000023,39379.2,0.210989010989011
0,298.2,308.3,1568,36.0,92,0,No Failure,10.100000000000023,56448.0,0.3870967741935484
0,298.2,308.3,1589,33.2,94,0,No Failure,10.100000000000023,52754.8,0.3494736842105263
0,298.2,308.3,1805,31.6,96,0,No Failure,10.100000000000023,57038.0,0.32577319587628867
2,298.2,308.4,1385,42.2,98,0,No Failure,10.199999999999989,58447.00000000001,0.4262626262626263
0,298.1,308.4,1436,46.7,103,0,No Failure,10.299999999999955,67061.2,0.44903846153846155
0,298.1,308.4,1438,45.6,105,0,No Failure,10.299999999999955,65572.8,0.43018867924528303
0,298.0,308.3,1473,42.6,107,0,No Failure,10.300000000000011,62749.8,0.39444444444444443
0,298.1,308.4,1335,40.2,109,0,No Failure,10.299999999999955,53667.00000000001,0.3654545454545455
2,298.1,308.5,1392,44.8,111,0,No Failure,10.399999999999977,62361.6,0.39999999999999997
1,298.1,308.5,1372,51.1,116,0,No Failure,10.399999999999977,70109.2,0.43675213675213675
1,298.1,308.6,1716,30.7,119,0,No Failure,10.5,52681.2,0.2558333333333333
0,298.0,308.5,1395,46.2,122,0,No Failure,10.5,64449.00000000001,0.375609756097561
0,298.0,308.5,1713,25.3,124,0,No Failure,10.5,43338.9,0.2024
2,297.9,308.5,2129,18.7,126,0,No Failure,10.600000000000023,39812.299999999996,0.14724409448818898
1,297.8,308.3,1567,35.6,131,0,No Failure,10.5,55785.200000000004,0.2696969696969697
0,297.8,308.4,1622,38.3,134,0,No Failure,10.599999999999966,62122.6,0.2837037037037037
0,297.7,308.4,1740,27.1,136,0,No Failure,10.699999999999989,47154.0,0.1978102189781022
2,297.8,308.4,1512,35.1,138,0,No Failure,10.599999999999966,53071.200000000004,0.2525179856115108
1,297.8,308.4,1479,43.5,143,0,No Failure,10.599999999999966,64336.5,0.3020833333333333
0,297.8,308.4,1737,27.5,146,0,No Failure,10.599999999999966,47767.5,0.1870748299319728
0,297.8,308.4,2129,19.2,148,0,No Failure,10.599999999999966,40876.799999999996,0.12885906040268455
0,297.8,308.4,1374,47.1,150,0,No Failure,10.599999999999966,64715.4,0.3119205298013245
1,297.8,308.4,1579,36.6,152,0,No Failure,10.599999999999966,57791.4,0.23921568627450981
0,297.9,308.5,1305,47.2,155,0,No Failure,10.600000000000023,61596.00000000001,0.3025641025641026
1,297.9,308.5,1449,40.8,157,0,No Failure,10.600000000000023,59119.2,0.2582278481012658
2,298.0,308.6,1526,41.8,160,0,No Failure,10.600000000000023,63786.799999999996,0.25962732919254655
1,298.0,308.6,1453,44.1,165,0,No Failure,10.600000000000023,64077.3,0.2656626506024096
0,297.9,308.6,1468,36.0,168,0,No Failure,10.700000000000045,52848.0,0.21301775147928995
0,298.0,308.6,1313,50.8,170,0,No Failure,10.600000000000023,66700.4,0.2970760233918128
1,297.9,308.5,1300,53.0,172,0,No Failure,10.600000000000023,68900.0,0.3063583815028902
0,297.9,308.4,1646,40.6,175,0,No Failure,10.5,66827.6,0.23068181818181818
0,297.8,308.4,1714,33.2,177,0,No Failure,10.599999999999966,56904.8,0.1865168539325843
0,297.8,308.4,1685,28.4,179,0,No Failure,10.599999999999966,47854.0,0.15777777777777777
0,297.8,308.4,1512,39.9,181,0,No Failure,10.599999999999966,60328.799999999996,0.21923076923076923
0,297.8,308.4,1612,32.1,183,0,No Failure,10.599999999999966,51745.200000000004,0.17445652173913045
2,297.8,308.4,1550,38.2,185,0,No Failure,10.599999999999966,59210.00000000001,0.2053763440860215
0,297.8,308.4,1518,32.5,190,0,No Failure,10.599999999999966,49335.0,0.17015706806282724
0,297.8,308.5,1448,40.0,192,0,No Failure,10.699999999999989,57920.0,0.20725388601036268
0,297.8,308.5,1561,46.3,194,0,No Failure,10.699999999999989,72274.29999999999,0.2374358974358974
1,297.8,308.5,1488,41.9,196,0,No Failure,10.699999999999989,62347.2,0.21269035532994923
0,297.8,308.5,1699,27.8,199,0,No Failure,10.699999999999989,47232.200000000004,0.139
0,297.7,308.5,1501,41.4,201,0,No Failure,10.800000000000011,62141.4,0.20495049504950494
0,297.7,308.5,1373,56.7,203,1,Overstrain Failure,10.800000000000011,77849.1,0.27794117647058825
2,297.6,308.4,1703,31.4,205,0,No Failure,10.799999999999955,53474.2,0.1524271844660194
2,297.7,308.5,1720,29.9,210,0,No Failure,10.800000000000011,51428.0,0.14170616113744075
1,297.6,308.4,1398,41.9,215,0,No Failure,10.799999999999955,58576.2,0.19398148148148148
1,297.6,308.4,1391,51.9,218,0,No Failure,10.799999999999955,72192.9,0.236986301369863
1,297.6,308.3,1538,40.2,0,0,No Failure,10.699999999999989,61827.600000000006,40.2
0,297.5,308.2,1647,31.3,3,0,No Failure,10.699999999999989,51551.1,7.825
1,297.5,308.1,1469,44.8,5,0,No Failure,10.600000000000023,65811.2,7.466666666666666
0,297.4,308.1,1749,25.9,8,0,No Failure,10.700000000000045,45299.1,2.8777777777777778
1,297.6,308.2,1995,20.5,10,0,No Failure,10.599999999999966,40897.5,1.8636363636363635
0,297.6,308.3,1742,27.7,13,0,No Failure,10.699999999999989,48253.4,1.9785714285714284
0,297.5,308.2,1563,38.2,15,0,No Failure,10.699999999999989,59706.600000000006,2.3875
1,297.5,308.2,1713,32.2,17,0,No Failure,10.699999999999989,55158.600000000006,1.788888888888889
0,297.4,308.1,1474,39.4,20,0,No Failure,10.700000000000045,58075.6,1.8761904761904762
1,297.4,308.2,1530,32.6,22,0,No Failure,10.800000000000011,49878.0,1.4173913043478261
0,297.4,308.2,1471,46.5,25,0,No Failure,10.800000000000011,68401.5,1.7884615384615385
0,297.5,308.3,1388,48.6,27,0,No Failure,10.800000000000011,67456.8,1.7357142857142858
1,297.5,308.2,2448,13.8,29,0,No Failure,10.699999999999989,33782.4,0.46
0,297.5,308.3,1585,32.9,32,0,No Failure,10.800000000000011,52146.5,0.996969696969697
1,297.5,308.3,1459,45.2,34,0,No Failure,10.800000000000011,65946.8,1.2914285714285716
0,297.5,308.3,1544,40.8,37,0,No Failure,10.800000000000011,62995.2,1.0736842105263158
0,297.6,308.3,1617,31.7,39,0,No Failure,10.699999999999989,51258.9,0.7925
0,297.6,308.3,1595,34.3,41,0,No Failure,10.699999999999989,54708.49999999999,0.8166666666666667
2,297.6,308.3,1400,44.3,43,0,No Failure,10.699999999999989,62019.99999999999,1.0068181818181818
1,297.6,308.4,1611,31.0,48,0,No Failure,10.799999999999955,49941.0,0.6326530612244898
1,297.6,308.4,1507,46.0,51,0,No Failure,10.799999999999955,69322.0,0.8846153846153846
2,297.5,308.3,1674,30.0,54,0,No Failure,10.800000000000011,50220.0,0.5454545454545454
0,297.6,308.3,1658,34.3,59,0,No Failure,10.699999999999989,56869.399999999994,0.5716666666666667
0,297.6,308.3,1623,36.9,61,0,No Failure,10.699999999999989,59888.7,0.5951612903225806
1,297.6,308.4,1398,48.9,63,0,No Failure,10.799999999999955,68362.2,0.7640625
0,297.6,308.4,1517,34.2,66,0,No Failure,10.799999999999955,51881.4,0.5104477611940299
1,297.6,308.3,1467,36.7,68,0,No Failure,10.699999999999989,53838.9,0.5318840579710146
1,297.6,308.3,1567,34.6,71,0,No Failure,10.699999999999989,54218.200000000004,0.48055555555555557
1,297.5,308.3,1521,38.2,74,0,No Failure,10.800000000000011,58102.200000000004,0.5093333333333334
0,297.5,308.3,1596,36.8,77,0,No Failure,10.800000000000011,58732.799999999996,0.4717948717948718
2,297.6,308.3,1640,30.9,79,0,No Failure,10.699999999999989,50676.0,0.38625
0,297.6,308.3,1438,47.8,84,0,No Failure,10.699999999999989,68736.4,0.5623529411764705
0,297.6,308.4,1407,55.2,86,0,No Failure,10.799999999999955,77666.40000000001,0.6344827586206897
0,297.6,308.4,1353,57.5,88,0,No Failure,10.799999999999955,77797.5,0.6460674157303371
1,297.6,308.5,1552,40.9,90,0,No Failure,10.899999999999977,63476.799999999996,0.4494505494505494
1,297.6,308.4,1569,38.3,93,0,No Failure,10.799999999999955,60092.7,0.40744680851063825
0,297.5,308.4,1489,39.5,96,0,No Failure,10.899999999999977,58815.5,0.4072164948453608
2,297.5,308.4,1587,36.1,98,0,No Failure,10.899999999999977,57290.700000000004,0.36464646464646466
1,297.5,308.3,1622,37.2,103,0,No Failure,10.800000000000011,60338.4,0.3576923076923077
0,297.5,308.4,1604,38.1,106,0,No Failure,10.899999999999977,61112.4,0.3560747663551402
1,297.4,308.3,1405,51.7,108,0,No Failure,10.900000000000034,72638.5,0.4743119266055046
0,297.4,308.3,1412,42.0,111,0,No Failure,10.900000000000034,59304.0,0.375
0,297.4,308.3,1431,43.0,113,0,No Failure,10.900000000000034,61533.0,0.37719298245614036
0,297.4,308.2,1533,37.4,115,0,No Failure,10.800000000000011,57334.2,0.32241379310344825
1,297.4,308.2,1401,51.9,117,0,No Failure,10.800000000000011,72711.9,0.4398305084745763
1,297.4,308.2,1424,53.9,120,0,No Failure,10.800000000000011,76753.59999999999,0.44545454545454544
0,297.3,308.2,1754,29.4,123,0,No Failure,10.899999999999977,51567.6,0.23709677419354838
0,297.3,308.2,1754,26.8,125,0,No Failure,10.899999999999977,47007.200000000004,0.2126984126984127
0,297.5,308.3,2564,12.8,127,1,Power Failure,10.800000000000011,32819.200000000004,0.1
0,297.5,308.5,1546,40.4,129,0,No Failure,11.0,62458.399999999994,0.31076923076923074
0,297.5,308.5,1335,48.0,131,0,No Failure,11.0,64080.0,0.36363636363636365
1,297.5,308.6,1842,27.0,133,0,No Failure,11.100000000000023,49734.0,0.20149253731343283
0,297.5,308.5,1712,26.8,136,0,No Failure,11.0,45881.6,0.19562043795620437
1,297.6,308.6,1414,45.4,138,0,No Failure,11.0,64195.6,0.32661870503597124
0,297.6,308.7,1319,50.9,141,0,No Failure,11.099999999999966,67137.09999999999,0.3584507042253521
0,297.7,308.7,1249,60.4,143,0,No Failure,11.0,75439.59999999999,0.41944444444444445
0,297.6,308.7,1455,48.2,145,0,No Failure,11.099999999999966,70131.0,0.3301369863013699
1,297.6,308.7,1408,54.8,147,0,No Failure,11.099999999999966,77158.4,0.37027027027027026
0,297.6,308.7,1460,46.7,150,0,No Failure,11.099999999999966,68182.0,0.30927152317880796
0,297.6,308.6,1491,38.1,152,0,No Failure,11.0,56807.1,0.24901960784313726
1,297.6,308.5,1490,43.4,154,0,No Failure,10.899999999999977,64666.0,0.27999999999999997
1,297.5,308.4,1350,52.2,157,0,No Failure,10.899999999999977,70470.0,0.3303797468354431
0,297.5,308.4,1528,39.9,160,0,No Failure,10.899999999999977,60967.2,0.24782608695652172
0,297.4,308.3,1571,37.7,162,0,No Failure,10.900000000000034,59226.700000000004,0.23128834355828223
0,297.4,308.3,1490,42.6,164,0,No Failure,10.900000000000034,63474.0,0.2581818181818182
1,297.4,308.3,1774,28.9,166,0,No Failure,10.900000000000034,51268.6,0.17305389221556886
2,297.4,308.3,1502,43.6,169,0,No Failure,10.900000000000034,65487.200000000004,0.2564705882352941
0,297.4,308.4,1392,49.7,174,0,No Failure,11.0,69182.40000000001,0.28400000000000003
0,297.4,308.5,2100,16.9,176,0,No Failure,11.100000000000023,35490.0,0.09548022598870055
0,297.5,308.5,1722,30.4,178,0,No Failure,11.0,52348.799999999996,0.16983240223463686
0,297.4,308.6,1678,32.3,180,0,No Failure,11.200000000000045,54199.399999999994,0.17845303867403314
0,297.3,308.6,1273,59.8,182,0,No Failure,11.300000000000011,76125.4,0.326775956284153
0,297.3,308.6,1297,45.9,184,0,No Failure,11.300000000000011,59532.299999999996,0.2481081081081081
0,297.3,308.5,1350,57.6,186,0,No Failure,11.199999999999989,77760.0,0.30802139037433157
0,297.4,308.6,1439,51.9,188,0,No Failure,11.200000000000045,74684.09999999999,0.27460317460317457
1,297.4,308.5,1600,42.1,190,0,No Failure,11.100000000000023,67360.0,0.22041884816753926
1,297.4,308.6,1434,44.4,193,0,No Failure,11.200000000000045,63669.6,0.2288659793814433
0,297.4,308.6,1459,41.3,196,0,No Failure,11.200000000000045,60256.7,0.2096446700507614
1,297.5,308.6,1472,44.9,198,0,No Failure,11.100000000000023,66092.8,0.22562814070351758
0,297.5,308.7,1429,44.3,201,0,No Failure,11.199999999999989,63304.7,0.21930693069306928
0,297.5,308.6,1388,48.2,203,0,No Failure,11.100000000000023,66901.6,0.2362745098039216
0,297.4,308.4,1573,34.5,205,0,No Failure,11.0,54268.5,0.16747572815533981
0,297.4,308.4,1588,32.5,207,0,No Failure,11.0,51610.0,0.15625
0,297.5,308.4,1511,42.8,209,0,No Failure,10.899999999999977,64670.799999999996,0.2038095238095238
0,297.4,308.5,1495,37.8,211,0,No Failure,11.100000000000023,56510.99999999999,0.17830188679245282
0,297.4,308.4,1394,50.1,213,0,No Failure,11.0,69839.40000000001,0.23411214953271028
0,297.4,308.4,2151,17.7,0,0,No Failure,11.0,38072.7,17.7
1,297.3,308.3,1501,38.2,2,0,No Failure,11.0,57338.200000000004,12.733333333333334
1,297.3,308.3,1301,39.6,5,0,No Failure,11.0,51519.6,6.6000000000000005
1,297.3,308.3,1657,31.1,8,0,No Failure,11.0,51532.700000000004,3.4555555555555557
0,297.3,308.3,1333,55.2,11,0,No Failure,11.0,73581.6,4.6000000000000005
0,297.3,308.3,1484,43.9,13,0,No Failure,11.0,65147.6,3.1357142857142857
0,297.3,308.4,1430,45.7,15,0,No Failure,11.099999999999966,65351.00000000001,2.85625
1,297.3,308.4,1665,28.9,17,0,No Failure,11.099999999999966,48118.5,1.6055555555555554
0,297.4,308.5,1501,44.9,20,0,No Failure,11.100000000000023,67394.9,2.138095238095238
1,297.5,308.5,1496,42.2,22,0,No Failure,11.0,63131.200000000004,1.8347826086956522
1,297.6,308.6,1595,36.9,25,0,No Failure,11.0,58855.5,1.419230769230769
0,297.5,308.6,1208,62.3,28,0,No Failure,11.100000000000023,75258.4,2.1482758620689655
0,297.5,308.6,1596,37.1,30,0,No Failure,11.100000000000023,59211.600000000006,1.196774193548387
0,297.5,308.5,1446,41.9,32,0,No Failure,11.0,60587.4,1.2696969696969695
1,297.6,308.5,1466,39.7,34,0,No Failure,10.899999999999977,58200.200000000004,1.1342857142857143
1,297.6,308.5,1848,23.7,37,0,No Failure,10.899999999999977,43797.6,0.6236842105263157
1,297.5,308.5,1484,44.7,40,0,No Failure,11.0,66334.8,1.0902439024390245
0,297.4,308.3,1493,41.2,43,0,No Failure,10.900000000000034,61511.600000000006,0.9363636363636364
0,297.3,308.3,1504,36.3,45,0,No Failure,11.0,54595.2,0.7891304347826086
0,297.3,308.3,1538,38.5,47,0,No Failure,11.0,59213.0,0.8020833333333334
0,297.4,308.4,1341,52.2,49,0,No Failure,11.0,70000.2,1.044
1,297.4,308.3,1535,34.6,51,0,No Failure,10.900000000000034,53111.0,0.6653846153846155
0,297.4,308.5,1389,39.2,54,0,No Failure,11.100000000000023,54448.8,0.7127272727272728
2,297.5,308.5,1393,46.6,56,0,No Failure,11.0,64913.8,0.8175438596491228
0,297.4,308.5,1399,61.5,61,1,Power Failure,11.100000000000023,86038.5,0.9919354838709677
2,297.4,308.5,1469,45.1,63,0,No Failure,11.100000000000023,66251.90000000001,0.7046875
0,297.4,308.4,1582,37.2,68,0,No Failure,11.0,58850.4,0.5391304347826087
0,297.5,308.6,1793,26.7,70,0,No Failure,11.100000000000023,47873.1,0.376056338028169
0,297.5,308.6,1452,39.0,72,0,No Failure,11.100000000000023,56628.0,0.5342465753424658
1,297.6,308.7,1376,59.9,74,0,No Failure,11.099999999999966,82422.4,0.7986666666666666
0,297.5,308.6,1552,44.9,77,0,No Failure,11.100000000000023,69684.8,0.5756410256410256
0,297.6,308.7,1622,37.9,79,0,No Failure,11.099999999999966,61473.799999999996,0.47375
1,297.6,308.7,1419,41.7,81,0,No Failure,11.099999999999966,59172.3,0.5085365853658537
2,297.5,308.6,1440,46.1,84,0,No Failure,11.100000000000023,66384.0,0.5423529411764706
1,297.4,308.6,1643,31.0,89,0,No Failure,11.200000000000045,50933.0,0.34444444444444444
0,297.4,308.7,1510,36.2,92,0,No Failure,11.300000000000011,54662.00000000001,0.389247311827957
0,297.4,308.7,1468,46.6,94,0,No Failure,11.300000000000011,68408.8,0.4905263157894737
0,297.4,308.7,1429,57.4,96,0,No Failure,11.300000000000011,82024.59999999999,0.5917525773195876
2,297.3,308.7,1478,47.6,98,0,No Failure,11.399999999999977,70352.8,0.4808080808080808
0,297.4,308.6,1276,53.6,103,0,No Failure,11.200000000000045,68393.6,0.5153846153846154
0,297.3,308.6,1486,42.6,105,0,No Failure,11.300000000000011,63303.6,0.4018867924528302
0,297.4,308.6,1476,42.3,107,0,No Failure,11.200000000000045,62434.799999999996,0.39166666666666666
2,297.3,308.6,1431,42.0,109,0,No Failure,11.300000000000011,60102.0,0.38181818181818183
0,297.4,308.7,1402,40.2,114,0,No Failure,11.300000000000011,56360.4,0.34956521739130436
0,297.4,308.7,1433,43.4,116,0,No Failure,11.300000000000011,62192.2,0.37094017094017095
0,297.4,308.7,2874,4.2,118,1,Power Failure,11.300000000000011,12070.800000000001,0.03529411764705882
0,297.3,308.6,1511,35.7,120,0,No Failure,11.300000000000011,53942.700000000004,0.2950413223140496
1,297.3,308.6,1456,42.9,122,0,No Failure,11.300000000000011,62462.4,0.348780487804878
0,297.2,308.5,1550,41.5,125,0,No Failure,11.300000000000011,64325.0,0.32936507936507936
0,297.2,308.5,2182,16.5,127,0,No Failure,11.300000000000011,36003.0,0.12890625
0,297.3,308.7,1619,31.6,129,0,No Failure,11.399999999999977,51160.4,0.24307692307692308
1,297.3,308.8,1586,32.7,131,0,No Failure,11.5,51862.200000000004,0.24772727272727274
2,297.3,308.8,1499,44.2,134,0,No Failure,11.5,66255.8,0.3274074074074074
2,297.3,308.8,1419,42.4,139,0,No Failure,11.5,60165.6,0.3028571428571428
1,297.4,309.0,1497,41.8,144,0,No Failure,11.600000000000023,62574.6,0.2882758620689655
1,297.4,309.0,1520,37.0,147,0,No Failure,11.600000000000023,56240.0,0.25
0,297.4,309.1,1478,49.8,150,0,No Failure,11.700000000000045,73604.4,0.32980132450331123
0,297.4,309.1,1380,41.1,152,0,No Failure,11.700000000000045,56718.0,0.26862745098039215
0,297.4,309.0,1570,37.9,154,0,No Failure,11.600000000000023,59503.0,0.24451612903225806
2,297.4,309.0,1468,41.4,156,0,No Failure,11.600000000000023,60775.2,0.26369426751592356
0,297.4,309.0,1833,22.6,161,0,No Failure,11.600000000000023,41425.8,0.13950617283950617
1,297.4,308.9,1323,57.3,163,0,No Failure,11.5,75807.9,0.349390243902439
0,297.4,309.0,1583,32.0,166,0,No Failure,11.600000000000023,50656.0,0.19161676646706588
1,297.3,309.0,1556,39.5,168,0,No Failure,11.699999999999989,61462.0,0.23372781065088757
0,297.3,309.0,1548,37.4,171,0,No Failure,11.699999999999989,57895.2,0.21744186046511627
0,297.4,309.0,1324,56.9,173,0,No Failure,11.600000000000023,75335.59999999999,0.32701149425287357
0,297.4,309.0,1568,33.7,175,0,No Failure,11.600000000000023,52841.600000000006,0.19147727272727275
1,297.4,309.0,1685,30.7,177,0,No Failure,11.600000000000023,51729.5,0.17247191011235954
1,297.4,309.1,1582,35.9,180,0,No Failure,11.700000000000045,56793.799999999996,0.19834254143646407
1,297.4,309.1,1463,35.0,183,0,No Failure,11.700000000000045,51205.0,0.19021739130434784
0,297.4,309.2,1584,42.8,186,0,No Failure,11.800000000000011,67795.2,0.22887700534759356
1,297.5,309.2,1347,55.8,188,0,No Failure,11.699999999999989,75162.59999999999,0.29523809523809524
0,297.4,309.2,1459,37.9,191,0,No Failure,11.800000000000011,55296.1,0.19739583333333333
0,297.4,309.2,1420,45.6,193,0,No Failure,11.800000000000011,64752.0,0.23505154639175257
0,297.5,309.3,1404,43.5,195,0,No Failure,11.800000000000011,61074.0,0.22193877551020408
0,297.5,309.3,1470,38.8,197,0,No Failure,11.800000000000011,57035.99999999999,0.19595959595959594
0,297.6,309.4,1326,49.8,199,0,No Failure,11.799999999999955,66034.8,0.249
2,297.5,309.3,1459,49.7,201,0,No Failure,11.800000000000011,72512.3,0.24603960396039606
1,297.5,309.2,1530,40.0,206,0,No Failure,11.699999999999989,61200.0,0.1932367149758454
0,297.4,309.0,1505,39.2,209,0,No Failure,11.600000000000023,58996.00000000001,0.18666666666666668
0,297.5,309.1,1611,30.2,211,0,No Failure,11.600000000000023,48652.2,0.14245283018867924
0,297.5,309.1,1515,35.1,213,0,No Failure,11.600000000000023,53176.5,0.16401869158878504
1,297.5,309.2,1804,27.4,215,0,No Failure,11.699999999999989,49429.6,0.12685185185185185
1,297.6,309.3,1464,46.2,218,0,No Failure,11.699999999999989,67636.8,0.21095890410958906
0,297.6,309.2,1390,43.3,221,0,No Failure,11.599999999999966,60186.99999999999,0.19504504504504502
1,297.6,309.2,1442,48.1,0,0,No Failure,11.599999999999966,69360.2,48.1
1,297.6,309.3,1529,41.9,3,0,No Failure,11.699999999999989,64065.1,10.475
0,297.6,309.3,1610,35.0,6,0,No Failure,11.699999999999989,56350.0,5.0
0,297.6,309.3,1543,34.3,8,0,No Failure,11.699999999999989,52924.899999999994,3.811111111111111
2,297.8,309.4,1445,48.2,10,0,No Failure,11.599999999999966,69649.0,4.381818181818182
0,297.7,309.3,1893,24.6,15,0,No Failure,11.600000000000023,46567.8,1.5375
1,297.6,309.3,1415,41.3,17,0,No Failure,11.699999999999989,58439.49999999999,2.2944444444444443
0,297.5,309.3,1564,37.5,20,0,No Failure,11.800000000000011,58650.0,1.7857142857142858
0,297.5,309.3,1479,39.4,22,0,No Failure,11.800000000000011,58272.6,1.7130434782608694
0,297.5,309.2,1426,44.8,24,0,No Failure,11.699999999999989,63884.799999999996,1.7919999999999998
0,297.4,309.2,1428,38.8,26,0,No Failure,11.800000000000011,55406.399999999994,1.437037037037037
0,297.4,309.2,1620,33.2,28,0,No Failure,11.800000000000011,53784.00000000001,1.1448275862068966
0,297.5,309.2,1715,28.0,30,0,No Failure,11.699999999999989,48020.0,0.9032258064516129
0,297.5,309.3,1732,29.9,32,0,No Failure,11.800000000000011,51786.799999999996,0.906060606060606
1,297.5,309.4,1391,58.2,34,0,No Failure,11.899999999999977,80956.2,1.662857142857143
0,297.6,309.5,1924,20.6,37,0,No Failure,11.899999999999977,39634.4,0.5421052631578948
1,297.7,309.5,2027,19.8,39,0,No Failure,11.800000000000011,40134.6,0.495
0,297.6,309.5,1617,36.2,42,0,No Failure,11.899999999999977,58535.4,0.8418604651162791
0,297.5,309.4,1497,35.8,44,0,No Failure,11.899999999999977,53592.6,0.7955555555555555
1,297.5,309.5,1448,43.7,46,0,No Failure,12.0,63277.600000000006,0.9297872340425533
0,297.4,309.4,1401,45.9,49,0,No Failure,12.0,64305.9,0.9179999999999999
0,297.4,309.4,1620,35.4,51,0,No Failure,12.0,57348.0,0.6807692307692308
0,297.4,309.4,1466,45.5,53,0,No Failure,12.0,66703.0,0.8425925925925926
0,297.6,309.5,1373,50.6,55,0,No Failure,11.899999999999977,69473.8,0.9035714285714286
1,297.6,309.6,1592,35.8,57,0,No Failure,12.0,56993.6,0.6172413793103447
1,297.5,309.5,1553,42.4,60,0,No Failure,12.0,65847.2,0.6950819672131148
0,297.6,309.5,1569,36.2,63,0,No Failure,11.899999999999977,56797.8,0.565625
1,297.6,309.5,1709,32.2,65,0,No Failure,11.899999999999977,55029.8,0.4878787878787879
0,297.6,309.5,1549,34.9,68,0,No Failure,11.899999999999977,54060.1,0.5057971014492754
0,297.5,309.4,1443,45.4,70,0,No Failure,11.899999999999977,65512.2,0.6394366197183098
0,297.5,309.3,1675,29.8,72,0,No Failure,11.800000000000011,49915.0,0.40821917808219177
0,297.5,309.3,1623,33.4,74,0,No Failure,11.800000000000011,54208.2,0.4453333333333333
2,297.4,309.3,1365,52.4,76,0,No Failure,11.900000000000034,71526.0,0.6805194805194805
0,297.4,309.3,1759,24.8,81,0,No Failure,11.900000000000034,43623.200000000004,0.3024390243902439
2,297.4,309.3,1516,43.0,83,0,No Failure,11.900000000000034,65188.0,0.5119047619047619
1,297.4,309.3,1499,36.8,88,0,No Failure,11.900000000000034,55163.2,0.4134831460674157
1,297.4,309.3,1775,25.8,91,0,No Failure,11.900000000000034,45795.0,0.28043478260869564
0,297.4,309.4,1473,45.5,94,0,No Failure,12.0,67021.5,0.4789473684210526
0,297.4,309.4,1296,52.3,96,0,No Failure,12.0,67780.8,0.5391752577319587
0,297.5,309.4,1803,24.7,98,0,No Failure,11.899999999999977,44534.1,0.2494949494949495
2,297.5,309.3,1563,36.1,100,0,No Failure,11.800000000000011,56424.3,0.35742574257425747
1,297.5,309.4,1831,26.6,105,0,No Failure,11.899999999999977,48704.600000000006,0.2509433962264151
0,297.6,309.4,1958,22.1,108,0,No Failure,11.799999999999955,43271.8,0.20275229357798166
0,297.5,309.4,1809,24.3,110,0,No Failure,11.899999999999977,43958.700000000004,0.21891891891891893
1,297.5,309.4,1482,39.3,112,0,No Failure,11.899999999999977,58242.6,0.347787610619469
0,297.4,309.3,1332,53.2,115,0,No Failure,11.900000000000034,70862.40000000001,0.45862068965517244
0,297.4,309.2,1437,40.4,117,0,No Failure,11.800000000000011,58054.799999999996,0.3423728813559322
0,297.4,309.2,1698,29.4,119,0,No Failure,11.800000000000011,49921.2,0.245
0,297.4,309.2,1274,54.3,121,0,No Failure,11.800000000000011,69178.2,0.4450819672131147
1,297.4,309.3,1622,35.0,123,0,No Failure,11.900000000000034,56770.0,0.28225806451612906
1,297.4,309.3,1564,36.0,126,0,No Failure,11.900000000000034,56304.0,0.28346456692913385
2,297.5,309.4,1368,45.3,129,0,No Failure,11.899999999999977,61970.399999999994,0.34846153846153843
1,297.4,309.4,1539,42.2,134,0,No Failure,12.0,64945.8,0.3125925925925926
0,297.5,309.4,1357,50.1,137,0,No Failure,11.899999999999977,67985.7,0.3630434782608696
1,297.5,309.4,1433,48.3,139,0,No Failure,11.899999999999977,69213.9,0.345
0,297.5,309.4,1650,34.6,142,0,No Failure,11.899999999999977,57090.0,0.24195804195804196
0,297.5,309.4,1503,40.6,144,0,No Failure,11.899999999999977,61021.8,0.28
0,297.5,309.4,1318,58.2,146,0,No Failure,11.899999999999977,76707.6,0.3959183673469388
1,297.5,309.4,1678,34.4,148,0,No Failure,11.899999999999977,57723.2,0.2308724832214765
0,297.6,309.5,1574,30.9,151,0,No Failure,11.899999999999977,48636.6,0.20328947368421052
0,297.7,309.6,1529,35.2,153,0,No Failure,11.900000000000034,53820.8,0.2285714285714286
2,297.6,309.6,1669,32.1,155,0,No Failure,12.0,53574.9,0.2057692307692308
2,297.7,309.7,1570,35.8,160,0,No Failure,12.0,56205.99999999999,0.22236024844720495
1,297.6,309.7,1541,33.7,165,0,No Failure,12.099999999999966,51931.700000000004,0.2030120481927711
1,297.7,309.7,1680,30.2,168,0,No Failure,12.0,50736.0,0.178698224852071
0,297.8,309.7,1935,22.1,171,0,No Failure,11.899999999999977,42763.5,0.12848837209302327
1,297.7,309.6,1596,35.2,173,0,No Failure,11.900000000000034,56179.200000000004,0.20229885057471267
0,297.7,309.7,1498,41.0,176,0,No Failure,12.0,61418.0,0.23163841807909605
1,297.8,309.8,1676,29.0,178,0,No Failure,12.0,48604.0,0.16201117318435754
0,297.8,309.9,1351,49.0,181,0,No Failure,12.099999999999966,66199.0,0.2692307692307692
0,297.9,309.9,1472,45.0,183,0,No Failure,12.0,66240.0,0.24456521739130435
1,297.9,310.0,1439,41.7,185,0,No Failure,12.100000000000023,60006.3,0.2241935483870968
1,297.9,309.9,1410,55.4,188,0,No Failure,12.0,78114.0,0.2931216931216931
2,297.7,309.7,1440,51.1,191,0,No Failure,12.0,73584.0,0.26614583333333336
0,297.7,309.7,1591,37.7,196,0,No Failure,12.0,59980.700000000004,0.19137055837563452
0,297.8,309.8,1533,36.8,198,0,No Failure,12.0,56414.399999999994,0.18492462311557786
1,297.8,309.7,1700,31.3,200,0,No Failure,11.899999999999977,53210.0,0.15572139303482588
1,297.8,309.8,1798,25.5,203,0,No Failure,12.0,45849.0,0.125
0,297.8,309.7,1394,42.9,206,0,No Failure,11.899999999999977,59802.6,0.2072463768115942
0,297.8,309.7,1341,49.2,208,0,No Failure,11.899999999999977,65977.2,0.23540669856459331
2,297.7,309.6,1697,32.2,210,0,No Failure,11.900000000000034,54643.4,0.15260663507109007
2,297.6,309.6,1419,48.2,215,0,No Failure,12.0,68395.8,0.22314814814814815
0,297.6,309.5,2001,20.5,220,0,No Failure,11.899999999999977,41020.5,0.09276018099547512
0,297.6,309.6,1501,49.8,222,1,Overstrain Failure,12.0,74749.8,0.22331838565022422
2,297.6,309.5,1623,33.1,224,0,No Failure,11.899999999999977,53721.3,0.1471111111111111
0,297.6,309.4,1628,33.4,229,0,No Failure,11.799999999999955,54375.2,0.14521739130434783
0,297.6,309.4,1491,40.2,231,0,No Failure,11.799999999999955,59938.200000000004,0.17327586206896553
0,297.5,309.4,1517,36.7,233,0,No Failure,11.899999999999977,55673.9,0.15683760683760686
2,297.5,309.3,1525,41.7,235,0,No Failure,11.800000000000011,63592.50000000001,0.1766949152542373
2,297.5,309.5,1668,27.9,240,0,No Failure,12.0,46537.2,0.11576763485477178
0,297.5,309.6,1312,50.7,0,0,No Failure,12.100000000000023,66518.40000000001,50.7
2,297.6,309.6,1278,50.4,2,0,No Failure,12.0,64411.2,16.8
1,297.6,309.6,1330,53.1,7,0,No Failure,12.0,70623.0,6.6375
1,297.6,309.6,1530,37.3,10,0,No Failure,12.0,57068.99999999999,3.3909090909090907
2,297.6,309.6,1428,46.6,13,0,No Failure,12.0,66544.8,3.3285714285714287
0,297.7,309.6,1480,47.9,18,0,No Failure,11.900000000000034,70892.0,2.5210526315789474
2,297.7,309.7,1616,31.1,20,0,No Failure,12.0,50257.600000000006,1.480952380952381
0,297.8,309.7,1547,37.3,25,0,No Failure,11.899999999999977,57703.1,1.4346153846153844
0,297.9,309.7,2194,16.8,27,0,No Failure,11.800000000000011,36859.200000000004,0.6
0,297.9,309.8,2000,21.3,29,0,No Failure,11.900000000000034,42600.0,0.7100000000000001
0,297.9,309.8,1336,71.6,31,1,Power Failure,11.900000000000034,95657.59999999999,2.2375
0,297.9,309.9,1542,33.8,33,0,No Failure,12.0,52119.6,0.9941176470588234
1,297.9,309.8,1693,29.9,35,0,No Failure,11.900000000000034,50620.7,0.8305555555555555
0,297.9,309.8,1461,50.5,38,0,No Failure,11.900000000000034,73780.5,1.294871794871795
1,298.0,309.9,1565,33.9,40,0,No Failure,11.899999999999977,53053.5,0.8268292682926829
0,298.0,309.9,1403,47.7,43,0,No Failure,11.899999999999977,66923.1,1.0840909090909092
0,298.1,309.9,1629,32.5,45,0,No Failure,11.799999999999955,52942.5,0.7065217391304348
0,298.1,310.0,1534,33.7,47,0,No Failure,11.899999999999977,51695.8,0.7020833333333334
0,298.1,310.0,1553,40.9,49,0,No Failure,11.899999999999977,63517.7,0.818
0,298.1,309.9,1563,32.8,51,0,No Failure,11.799999999999955,51266.399999999994,0.6307692307692307
0,298.1,309.9,1634,30.0,53,0,No Failure,11.799999999999955,49020.0,0.5555555555555556
1,298.0,309.9,1445,45.2,55,0,No Failure,11.899999999999977,65314.00000000001,0.8071428571428572
0,298.1,309.9,1642,30.4,58,0,No Failure,11.799999999999955,49916.799999999996,0.5152542372881356
2,298.1,309.9,1686,29.1,60,0,No Failure,11.799999999999955,49062.600000000006,0.47704918032786886
1,298.1,310.0,1393,43.1,65,0,No Failure,11.899999999999977,60038.3,0.6530303030303031
2,298.2,310.0,1433,44.2,68,0,No Failure,11.800000000000011,63338.600000000006,0.6405797101449275
0,298.3,310.0,1507,44.7,73,0,No Failure,11.699999999999989,67362.90000000001,0.6040540540540541
1,298.3,310.1,1389,49.6,75,0,No Failure,11.800000000000011,68894.40000000001,0.6526315789473685
0,298.3,310.1,1408,45.3,78,0,No Failure,11.800000000000011,63782.399999999994,0.5734177215189873
1,298.4,310.2,1725,32.0,80,0,No Failure,11.800000000000011,55200.0,0.3950617283950617
0,298.4,310.1,1926,23.7,83,0,No Failure,11.700000000000045,45646.2,0.28214285714285714
2,298.3,310.1,1509,37.6,85,0,No Failure,11.800000000000011,56738.4,0.4372093023255814
0,298.3,310.1,1545,36.3,90,0,No Failure,11.800000000000011,56083.49999999999,0.39890109890109887
0,298.4,310.1,1533,35.2,92,0,No Failure,11.700000000000045,53961.600000000006,0.378494623655914
0,298.4,310.1,1455,42.2,94,0,No Failure,11.700000000000045,61401.00000000001,0.4442105263157895
1,298.4,310.1,1335,57.8,96,0,No Failure,11.700000000000045,77163.0,0.5958762886597938
0,298.3,310.1,1523,45.9,99,0,No Failure,11.800000000000011,69905.7,0.45899999999999996
0,298.3,310.0,1460,47.6,101,0,No Failure,11.699999999999989,69496.0,0.4666666666666667
0,298.4,310.0,1554,37.3,103,0,No Failure,11.600000000000023,57964.2,0.3586538461538461
2,298.3,310.0,1419,47.1,105,0,No Failure,11.699999999999989,66834.90000000001,0.44433962264150945
0,298.3,310.0,1442,43.9,110,0,No Failure,11.699999999999989,63303.799999999996,0.3954954954954955
0,298.3,309.9,1507,41.6,112,0,No Failure,11.599999999999966,62691.200000000004,0.368141592920354
0,298.3,310.0,1858,23.9,114,0,No Failure,11.699999999999989,44406.2,0.20782608695652172
0,298.3,309.9,1463,43.9,116,0,No Failure,11.599999999999966,64225.7,0.3752136752136752
0,298.2,309.7,1585,37.4,118,0,No Failure,11.5,59279.0,0.3142857142857143
0,298.0,309.6,1536,37.3,120,0,No Failure,11.600000000000023,57292.799999999996,0.3082644628099173
0,298.0,309.6,1403,51.3,122,0,No Failure,11.600000000000023,71973.9,0.4170731707317073
1,297.9,309.6,1515,38.8,124,0,No Failure,11.700000000000045,58781.99999999999,0.31039999999999995
0,297.9,309.5,1390,47.9,127,0,No Failure,11.600000000000023,66581.0,0.37421875
1,297.8,309.4,1226,58.7,129,0,No Failure,11.599999999999966,71966.2,0.45153846153846156
1,297.8,309.4,1495,36.5,132,0,No Failure,11.599999999999966,54567.5,0.2744360902255639
2,297.7,309.4,1608,30.2,135,0,No Failure,11.699999999999989,48561.6,0.22205882352941175
0,297.7,309.4,1392,44.1,140,0,No Failure,11.699999999999989,61387.200000000004,0.3127659574468085
1,297.7,309.4,1461,43.7,142,0,No Failure,11.699999999999989,63845.700000000004,0.3055944055944056
0,297.7,309.3,1559,36.9,145,0,No Failure,11.600000000000023,57527.1,0.25273972602739725
2,297.7,309.3,1400,48.9,147,0,No Failure,11.600000000000023,68460.0,0.3304054054054054
1,297.7,309.2,1732,28.8,152,0,No Failure,11.5,49881.6,0.18823529411764706
0,297.6,309.2,1611,33.1,155,0,No Failure,11.599999999999966,53324.100000000006,0.21217948717948718
0,297.6,309.1,1503,38.9,157,0,No Failure,11.5,58466.7,0.2462025316455696
0,297.7,309.2,1391,44.5,159,0,No Failure,11.5,61899.5,0.278125
0,297.8,309.3,2015,20.1,161,0,No Failure,11.5,40501.5,0.12407407407407409
0,297.8,309.2,1683,30.9,163,0,No Failure,11.399999999999977,52004.7,0.18841463414634146
0,297.7,309.1,1435,38.8,165,0,No Failure,11.400000000000034,55677.99999999999,0.23373493975903611
1,297.7,309.1,1732,28.1,167,0,No Failure,11.400000000000034,48669.200000000004,0.16726190476190478
0,297.7,309.2,1365,58.6,170,0,No Failure,11.5,79989.0,0.34269005847953216
0,297.7,309.1,1562,36.8,172,0,No Failure,11.400000000000034,57481.6,0.21271676300578032
0,297.6,309.1,1449,49.1,174,0,No Failure,11.5,71145.90000000001,0.2805714285714286
1,297.7,309.2,1700,27.4,176,0,No Failure,11.5,46580.0,0.15480225988700563
1,297.6,309.0,1427,45.6,179,0,No Failure,11.399999999999977,65071.200000000004,0.25333333333333335
1,297.6,308.9,1479,38.1,182,0,No Failure,11.299999999999955,56349.9,0.20819672131147543
0,297.5,308.9,1469,44.0,185,0,No Failure,11.399999999999977,64636.0,0.23655913978494625
0,297.5,308.9,1390,47.4,187,0,No Failure,11.399999999999977,65886.0,0.2521276595744681
0,297.5,308.9,1729,28.1,189,0,No Failure,11.399999999999977,48584.9,0.14789473684210527
0,297.5,309.0,1470,43.5,191,0,No Failure,11.5,63945.0,0.2265625
0,297.5,308.9,1459,48.5,193,0,No Failure,11.399999999999977,70761.5,0.25
0,297.5,308.9,1738,24.0,195,0,No Failure,11.399999999999977,41712.0,0.12244897959183673
2,297.5,308.9,1471,37.7,197,0,No Failure,11.399999999999977,55456.700000000004,0.1904040404040404
0,297.6,309.0,1822,25.4,202,0,No Failure,11.399999999999977,46278.799999999996,0.1251231527093596
0,297.5,308.9,1554,34.8,204,0,No Failure,11.399999999999977,54079.2,0.1697560975609756
1,297.6,308.9,1433,43.2,206,0,No Failure,11.299999999999955,61905.600000000006,0.20869565217391306
0,297.6,308.9,1449,47.7,209,0,No Failure,11.299999999999955,69117.3,0.22714285714285715
0,297.8,309.0,1456,41.2,0,0,No Failure,11.199999999999989,59987.200000000004,41.2
1,297.8,309.1,1424,45.5,2,0,No Failure,11.300000000000011,64792.0,15.166666666666666
2,297.9,309.2,1577,34.7,5,0,No Failure,11.300000000000011,54721.9,5.783333333333334
0,297.9,309.2,1478,39.7,10,0,No Failure,11.300000000000011,58676.600000000006,3.6090909090909093
1,297.8,309.2,1295,61.2,12,0,No Failure,11.399999999999977,79254.0,4.707692307692308
0,297.8,309.2,1372,47.3,15,0,No Failure,11.399999999999977,64895.6,2.95625
1,297.8,309.1,1432,42.6,17,0,No Failure,11.300000000000011,61003.200000000004,2.3666666666666667
1,297.7,309.0,1656,33.2,20,0,No Failure,11.300000000000011,54979.200000000004,1.580952380952381
2,297.8,309.0,1410,48.8,23,0,No Failure,11.199999999999989,68808.0,2.033333333333333
0,297.7,309.0,1874,24.4,28,0,No Failure,11.300000000000011,45725.6,0.8413793103448275
0,297.7,309.0,1538,43.2,30,0,No Failure,11.300000000000011,66441.6,1.3935483870967742
1,297.7,309.0,1636,29.7,32,0,No Failure,11.300000000000011,48589.2,0.9
1,297.7,309.0,1504,40.4,35,0,No Failure,11.300000000000011,60761.6,1.1222222222222222
1,297.7,309.0,1531,42.4,38,0,No Failure,11.300000000000011,64914.4,1.087179487179487
2,297.6,309.0,1735,26.4,41,0,No Failure,11.399999999999977,45804.0,0.6285714285714286
2,297.6,309.0,1354,55.6,46,0,No Failure,11.399999999999977,75282.40000000001,1.1829787234042553
2,297.6,309.0,1413,40.2,51,0,No Failure,11.399999999999977,56802.600000000006,0.7730769230769231
0,297.7,309.1,1563,39.3,56,0,No Failure,11.400000000000034,61425.899999999994,0.6894736842105262
0,297.7,309.1,1479,42.1,58,0,No Failure,11.400000000000034,62265.9,0.7135593220338984
0,297.7,309.1,1477,38.3,60,0,No Failure,11.400000000000034,56569.1,0.6278688524590164
0,297.6,309.1,1394,50.0,62,0,No Failure,11.5,69700.0,0.7936507936507936
0,297.6,309.0,1487,45.4,64,0,No Failure,11.399999999999977,67509.8,0.6984615384615385
1,297.6,309.0,1815,25.3,66,0,No Failure,11.399999999999977,45919.5,0.3776119402985075
1,297.6,308.8,1453,39.7,69,0,No Failure,11.199999999999989,57684.100000000006,0.5671428571428572
0,297.6,308.8,1539,40.2,72,0,No Failure,11.199999999999989,61867.8,0.5506849315068494
2,297.5,308.7,1416,39.2,74,0,No Failure,11.199999999999989,55507.200000000004,0.5226666666666667
1,297.6,308.8,1683,31.6,79,0,No Failure,11.199999999999989,53182.8,0.395
0,297.7,308.8,1515,40.1,82,0,No Failure,11.100000000000023,60751.5,0.48313253012048196
1,297.7,308.9,1531,48.3,84,0,No Failure,11.199999999999989,73947.3,0.5682352941176471
2,297.7,308.9,1479,40.9,87,0,No Failure,11.199999999999989,60491.1,0.4647727272727273
0,297.7,308.9,1516,33.7,92,0,No Failure,11.199999999999989,51089.200000000004,0.3623655913978495
0,297.7,309.0,1507,38.2,94,0,No Failure,11.300000000000011,57567.4,0.40210526315789474
1,297.8,309.0,1434,43.3,96,0,No Failure,11.199999999999989,62092.2,0.44639175257731956
0,297.7,308.9,1838,27.3,99,0,No Failure,11.199999999999989,50177.4,0.273
1,297.6,308.8,1416,45.9,101,0,No Failure,11.199999999999989,64994.4,0.45
1,297.6,308.8,1357,49.7,104,0,No Failure,11.199999999999989,67442.90000000001,0.4733333333333334
1,297.5,308.7,1697,28.1,107,0,No Failure,11.199999999999989,47685.700000000004,0.2601851851851852
0,297.5,308.7,1443,46.2,110,0,No Failure,11.199999999999989,66666.6,0.41621621621621624
0,297.5,308.7,1453,37.6,112,0,No Failure,11.199999999999989,54632.8,0.3327433628318584
0,297.4,308.6,1439,46.4,114,0,No Failure,11.200000000000045,66769.59999999999,0.40347826086956523
0,297.4,308.6,1609,36.2,116,0,No Failure,11.200000000000045,58245.8,0.3094017094017094
0,297.4,308.6,1324,59.1,118,0,No Failure,11.200000000000045,78248.40000000001,0.4966386554621849
2,297.4,308.6,1420,45.8,120,0,No Failure,11.200000000000045,65035.99999999999,0.3785123966942148
0,297.4,308.7,1545,36.9,125,0,No Failure,11.300000000000011,57010.5,0.29285714285714287
0,297.5,308.8,1477,39.0,127,0,No Failure,11.300000000000011,57603.0,0.3046875
0,297.4,308.8,1447,58.1,129,0,No Failure,11.400000000000034,84070.7,0.4469230769230769
0,297.4,308.9,1809,23.8,131,0,No Failure,11.5,43054.200000000004,0.1803030303030303
0,297.5,308.9,1696,30.9,133,0,No Failure,11.399999999999977,52406.399999999994,0.23059701492537313
0,297.5,308.9,1427,44.7,135,0,No Failure,11.399999999999977,63786.9,0.3286764705882353
1,297.4,308.9,1500,46.3,137,0,No Failure,11.5,69450.0,0.33550724637681156
0,297.5,308.9,1390,44.6,140,0,No Failure,11.399999999999977,61994.0,0.31631205673758866
0,297.4,308.8,1640,34.2,142,0,No Failure,11.400000000000034,56088.00000000001,0.2391608391608392
1,297.4,308.8,1628,37.4,144,0,No Failure,11.400000000000034,60887.2,0.2579310344827586
2,297.3,308.6,1499,37.6,147,0,No Failure,11.300000000000011,56362.4,0.25405405405405407
1,297.4,308.7,1425,50.3,152,0,No Failure,11.300000000000011,71677.5,0.3287581699346405
0,297.3,308.6,1586,37.7,155,0,No Failure,11.300000000000011,59792.200000000004,0.2416666666666667
1,297.3,308.6,1471,50.7,157,0,No Failure,11.300000000000011,74579.7,0.32088607594936713
1,297.3,308.6,1431,53.0,160,0,No Failure,11.300000000000011,75843.0,0.32919254658385094
0,297.2,308.6,1924,22.1,163,0,No Failure,11.400000000000034,42520.4,0.13475609756097562
1,297.1,308.4,1421,42.0,165,0,No Failure,11.299999999999955,59682.0,0.25301204819277107
2,297.0,308.4,1305,54.6,168,0,No Failure,11.399999999999977,71253.0,0.3230769230769231
0,296.9,308.4,1557,32.4,173,0,No Failure,11.5,50446.799999999996,0.18620689655172412
0,296.9,308.3,1555,38.2,175,0,No Failure,11.400000000000034,59401.00000000001,0.21704545454545457
2,296.9,308.3,1474,39.2,177,0,No Failure,11.400000000000034,57780.8,0.22022471910112362
0,296.8,308.3,1506,45.9,182,0,No Failure,11.5,69125.4,0.25081967213114753
0,296.9,308.4,1390,41.8,184,0,No Failure,11.5,58101.99999999999,0.22594594594594594
1,296.9,308.4,1450,46.9,186,0,No Failure,11.5,68005.0,0.25080213903743315
0,296.9,308.3,1513,38.8,189,0,No Failure,11.400000000000034,58704.399999999994,0.20421052631578945
0,296.8,308.2,1643,34.7,191,0,No Failure,11.399999999999977,57012.100000000006,0.1807291666666667
0,296.8,308.2,1361,53.8,193,0,No Failure,11.399999999999977,73221.8,0.27731958762886594
0,296.7,308.1,1450,40.9,195,0,No Failure,11.400000000000034,59305.0,0.2086734693877551
0,296.7,308.0,1451,50.7,197,0,No Failure,11.300000000000011,73565.7,0.2560606060606061
0,296.8,308.1,1289,62.0,199,1,Overstrain Failure,11.300000000000011,79918.0,0.31
0,296.8,308.1,1356,48.3,201,0,No Failure,11.300000000000011,65494.799999999996,0.2391089108910891
2,296.7,308.1,1528,46.3,203,0,No Failure,11.400000000000034,70746.4,0.2269607843137255
0,296.6,308.0,1978,22.3,208,0,No Failure,11.399999999999977,44109.4,0.10669856459330145
0,296.7,308.0,1535,36.8,210,0,No Failure,11.300000000000011,56487.99999999999,0.17440758293838862
1,296.8,308.1,1843,24.2,212,0,No Failure,11.300000000000011,44600.6,0.1136150234741784
0,296.9,308.1,1422,48.7,215,0,No Failure,11.200000000000045,69251.40000000001,0.22546296296296298
0,296.8,308.0,1536,40.4,217,0,No Failure,11.199999999999989,62054.399999999994,0.18532110091743118
1,296.9,308.1,1483,44.3,219,0,No Failure,11.200000000000045,65696.9,0.20136363636363636
2,296.8,308.1,1492,43.7,222,0,No Failure,11.300000000000011,65200.4,0.19596412556053813
0,296.8,308.0,1584,40.4,227,0,No Failure,11.199999999999989,63993.6,0.17719298245614035
0,296.9,308.1,1555,33.7,229,0,No Failure,11.200000000000045,52403.50000000001,0.14652173913043479
0,296.8,308.0,1497,41.7,231,0,No Failure,11.199999999999989,62424.9,0.17974137931034484
1,296.7,307.8,1537,36.3,233,0,No Failure,11.100000000000023,55793.1,0.1551282051282051
0,296.7,307.8,1505,39.4,236,0,No Failure,11.100000000000023,59297.0,0.16624472573839663
0,296.7,307.8,1646,34.6,238,0,No Failure,11.100000000000023,56951.600000000006,0.14476987447698744
1,296.7,307.8,1286,60.5,0,0,No Failure,11.100000000000023,77803.0,60.5
0,296.7,307.8,1400,47.5,3,0,No Failure,11.100000000000023,66500.0,11.875
0,296.8,307.9,1337,56.5,5,0,No Failure,11.099999999999966,75540.5,9.416666666666666
0,296.9,308.0,1332,53.9,7,0,No Failure,11.100000000000023,71794.8,6.7375
0,296.8,308.0,1561,38.3,9,0,No Failure,11.199999999999989,59786.299999999996,3.8299999999999996
0,296.9,308.0,1546,31.1,11,0,No Failure,11.100000000000023,48080.600000000006,2.591666666666667
0,296.9,308.0,1713,29.3,13,0,No Failure,11.100000000000023,50190.9,2.092857142857143
0,296.9,308.0,1343,44.5,15,0,No Failure,11.100000000000023,59763.5,2.78125
0,296.8,308.0,1391,54.4,17,0,No Failure,11.199999999999989,75670.4,3.022222222222222
2,296.8,308.0,1311,58.6,19,0,No Failure,11.199999999999989,76824.6,2.93
2,296.8,308.0,1453,51.0,24,0,No Failure,11.199999999999989,74103.0,2.04
0,296.8,308.0,1510,39.4,29,0,No Failure,11.199999999999989,59494.0,1.3133333333333332
0,296.8,307.9,1448,48.8,31,0,No Failure,11.099999999999966,70662.4,1.525
0,296.7,307.8,1453,46.0,33,0,No Failure,11.100000000000023,66838.0,1.3529411764705883
0,296.7,307.8,1468,39.2,35,0,No Failure,11.100000000000023,57545.600000000006,1.088888888888889
0,296.7,307.8,1382,47.5,37,0,No Failure,11.100000000000023,65645.0,1.25
0,296.7,308.0,1580,32.2,39,0,No Failure,11.300000000000011,50876.00000000001,0.805
0,296.8,308.0,1666,29.8,41,0,No Failure,11.199999999999989,49646.8,0.7095238095238096
1,296.9,308.0,1409,50.7,43,0,No Failure,11.100000000000023,71436.3,1.1522727272727273
0,296.8,308.0,1675,29.7,46,0,No Failure,11.199999999999989,49747.5,0.6319148936170212
0,296.8,307.9,1698,30.8,48,0,No Failure,11.099999999999966,52298.4,0.6285714285714286
2,296.7,307.9,1579,33.4,50,0,No Failure,11.199999999999989,52738.6,0.6549019607843137
0,296.7,307.9,1743,27.9,55,0,No Failure,11.199999999999989,48629.7,0.49821428571428567
1,296.9,308.0,1497,44.8,57,0,No Failure,11.100000000000023,67065.59999999999,0.7724137931034483
0,296.9,308.1,1741,28.8,60,0,No Failure,11.200000000000045,50140.8,0.4721311475409836
0,296.9,308.1,1435,45.3,62,0,No Failure,11.200000000000045,65005.49999999999,0.719047619047619
1,296.9,308.1,1440,46.3,64,0,No Failure,11.200000000000045,66672.0,0.7123076923076923
1,296.9,308.0,1641,33.3,67,0,No Failure,11.100000000000023,54645.299999999996,0.48970588235294116
0,296.8,307.9,1420,45.4,70,0,No Failure,11.099999999999966,64468.0,0.6394366197183098
0,296.8,307.9,1611,35.4,72,0,No Failure,11.099999999999966,57029.399999999994,0.4849315068493151
0,296.8,307.8,1373,42.9,74,0,No Failure,11.0,58901.7,0.572
1,296.8,307.9,1683,31.8,76,0,No Failure,11.099999999999966,53519.4,0.412987012987013
2,296.9,307.9,1547,32.6,79,0,No Failure,11.0,50432.200000000004,0.40750000000000003
0,296.9,307.8,1605,37.0,84,0,No Failure,10.900000000000034,59385.0,0.43529411764705883
1,296.9,307.9,2010,18.9,86,0,No Failure,11.0,37989.0,0.21724137931034482
0,296.8,307.7,1565,40.1,89,0,No Failure,10.899999999999977,62756.5,0.4455555555555556
1,296.9,307.8,1828,24.6,91,0,No Failure,10.900000000000034,44968.8,0.2673913043478261
1,297.0,307.8,1579,34.1,94,0,No Failure,10.800000000000011,53843.9,0.3589473684210526
1,297.0,307.9,1882,24.2,97,0,No Failure,10.899999999999977,45544.4,0.24693877551020407
0,296.9,307.8,1285,52.1,100,0,No Failure,10.900000000000034,66948.5,0.5158415841584159
0,296.9,307.8,1571,35.0,102,0,No Failure,10.900000000000034,54985.0,0.33980582524271846
2,296.9,307.8,1549,37.8,104,0,No Failure,10.900000000000034,58552.2,0.36
1,296.9,307.8,1544,37.6,109,0,No Failure,10.900000000000034,58054.4,0.34181818181818185
1,297.0,307.9,1412,47.4,112,0,No Failure,10.899999999999977,66928.8,0.4194690265486726
1,297.0,307.9,1422,53.0,115,0,No Failure,10.899999999999977,75366.0,0.45689655172413796
0,297.0,307.7,1867,22.8,118,0,No Failure,10.699999999999989,42567.6,0.1915966386554622
0,296.9,307.7,1424,43.3,120,0,No Failure,10.800000000000011,61659.2,0.35785123966942145
0,296.9,307.6,1452,45.7,122,0,No Failure,10.700000000000045,66356.40000000001,0.3715447154471545
0,296.9,307.7,1550,39.7,124,0,No Failure,10.800000000000011,61535.00000000001,0.31760000000000005
0,296.8,307.6,1588,37.6,126,0,No Failure,10.800000000000011,59708.8,0.29606299212598425
0,296.8,307.6,1338,44.4,128,0,No Failure,10.800000000000011,59407.2,0.3441860465116279
0,296.8,307.6,1513,40.0,130,0,No Failure,10.800000000000011,60520.0,0.3053435114503817
1,296.8,307.5,1470,45.9,132,0,No Failure,10.699999999999989,67473.0,0.3451127819548872
1,296.8,307.5,1516,36.7,135,0,No Failure,10.699999999999989,55637.200000000004,0.26985294117647063
0,296.8,307.6,1434,48.3,138,0,No Failure,10.800000000000011,69262.2,0.3474820143884892
0,296.8,307.6,1368,52.0,140,0,No Failure,10.800000000000011,71136.0,0.36879432624113473
0,296.8,307.6,1304,48.7,142,0,No Failure,10.800000000000011,63504.8,0.3405594405594406
0,296.8,307.6,1398,46.7,144,0,No Failure,10.800000000000011,65286.600000000006,0.3220689655172414
0,296.7,307.6,1516,37.4,146,0,No Failure,10.900000000000034,56698.4,0.254421768707483
0,296.7,307.6,1474,41.7,148,0,No Failure,10.900000000000034,61465.8,0.27986577181208055
1,296.7,307.6,1547,34.7,150,0,No Failure,10.900000000000034,53680.9,0.22980132450331128
1,296.6,307.5,1482,39.9,153,0,No Failure,10.899999999999977,59131.799999999996,0.2590909090909091
0,296.6,307.4,1436,42.8,156,0,No Failure,10.799999999999955,61460.799999999996,0.27261146496815286
0,296.6,307.3,1474,40.0,158,0,No Failure,10.699999999999989,58960.0,0.25157232704402516
0,296.5,307.2,1481,38.2,160,0,No Failure,10.699999999999989,56574.200000000004,0.23726708074534164
0,296.5,307.3,1501,42.1,162,0,No Failure,10.800000000000011,63192.1,0.25828220858895706
0,296.5,307.3,1566,37.2,164,0,No Failure,10.800000000000011,58255.200000000004,0.22545454545454546
0,296.5,307.3,1579,34.5,166,0,No Failure,10.800000000000011,54475.5,0.20658682634730538
0,296.6,307.4,1631,35.0,168,0,No Failure,10.799999999999955,57085.0,0.20710059171597633
1,296.6,307.4,1544,42.3,170,0,No Failure,10.799999999999955,65311.2,0.24736842105263157
0,296.6,307.4,1521,38.6,173,0,No Failure,10.799999999999955,58710.6,0.22183908045977013
0,296.6,307.4,1616,28.0,175,0,No Failure,10.799999999999955,45248.0,0.1590909090909091
2,296.6,307.4,1333,50.2,177,0,No Failure,10.799999999999955,66916.6,0.28202247191011237
1,296.7,307.4,1533,32.5,182,0,No Failure,10.699999999999989,49822.5,0.17759562841530055
0,296.6,307.4,1368,45.1,185,0,No Failure,10.799999999999955,61696.8,0.2424731182795699
0,296.6,307.4,1465,47.8,187,0,No Failure,10.799999999999955,70027.0,0.2542553191489362
2,296.6,307.4,1406,41.5,189,0,No Failure,10.799999999999955,58349.0,0.21842105263157896
1,296.5,307.4,1565,43.5,194,0,No Failure,10.899999999999977,68077.5,0.2230769230769231
0,296.6,307.5,1582,37.9,197,0,No Failure,10.899999999999977,59957.799999999996,0.1914141414141414
0,296.6,307.5,1439,45.5,199,0,No Failure,10.899999999999977,65474.5,0.2275
1,296.6,307.5,1566,35.0,201,0,No Failure,10.899999999999977,54810.0,0.17326732673267325
0,296.6,307.5,1485,42.7,204,0,No Failure,10.899999999999977,63409.50000000001,0.2082926829268293
0,296.5,307.5,1566,35.1,206,0,No Failure,11.0,54966.600000000006,0.16956521739130437
0,296.3,307.3,1439,41.5,208,0,No Failure,11.0,59718.5,0.19856459330143542
1,296.4,307.4,1416,50.0,210,0,No Failure,11.0,70800.0,0.23696682464454977
0,296.4,307.4,2833,5.6,213,1,Power Failure,11.0,15864.8,0.02616822429906542
0,296.3,307.4,1465,47.1,215,0,No Failure,11.099999999999966,69001.5,0.21805555555555556
2,296.4,307.4,1586,35.5,0,0,No Failure,11.0,56303.0,35.5
0,296.3,307.3,1567,31.4,5,0,No Failure,11.0,49203.799999999996,5.233333333333333
1,296.2,307.2,1389,48.6,7,0,No Failure,11.0,67505.40000000001,6.075
1,296.3,307.3,1368,49.5,10,0,No Failure,11.0,67716.0,4.5
0,296.3,307.3,1444,49.0,13,0,No Failure,11.0,70756.0,3.5
1,296.3,307.3,1498,41.6,15,0,No Failure,11.0,62316.8,2.6
0,296.1,307.2,1615,30.8,18,0,No Failure,11.099999999999966,49742.0,1.6210526315789473
0,296.1,307.1,1898,22.7,20,0,No Failure,11.0,43084.6,1.0809523809523809
1,296.1,307.1,1350,53.3,22,0,No Failure,11.0,71955.0,2.317391304347826
1,296.2,307.0,1516,37.6,25,0,No Failure,10.800000000000011,57001.6,1.4461538461538461
2,296.2,307.0,1542,40.6,28,0,No Failure,10.800000000000011,62605.200000000004,1.4000000000000001
2,296.1,306.9,1541,32.6,33,0,No Failure,10.799999999999955,50236.600000000006,0.9588235294117647
1,296.1,306.9,1951,23.3,38,0,No Failure,10.799999999999955,45458.3,0.5974358974358974
2,296.1,306.8,1645,31.0,41,0,No Failure,10.699999999999989,50995.0,0.7380952380952381
0,296.0,306.7,1416,44.2,46,0,No Failure,10.699999999999989,62587.200000000004,0.9404255319148936
1,296.0,306.7,2044,22.3,48,0,No Failure,10.699999999999989,45581.200000000004,0.45510204081632655
0,295.9,306.6,1414,50.2,51,0,No Failure,10.700000000000045,70982.8,0.9653846153846154
0,295.9,306.6,1678,26.7,53,0,No Failure,10.700000000000045,44802.6,0.4944444444444444
2,295.9,306.5,1594,33.2,55,0,No Failure,10.600000000000023,52920.8,0.5928571428571429
1,295.8,306.5,1514,37.7,60,0,No Failure,10.699999999999989,57077.8,0.618032786885246
0,295.8,306.5,1358,49.2,63,0,No Failure,10.699999999999989,66813.6,0.76875
0,295.8,306.4,1325,56.2,65,0,No Failure,10.599999999999966,74465.0,0.8515151515151516
0,295.8,306.4,1339,53.2,67,0,No Failure,10.599999999999966,71234.8,0.7823529411764706
1,295.8,306.4,1335,51.7,69,0,No Failure,10.599999999999966,69019.5,0.7385714285714287
0,295.9,306.4,1892,21.7,72,0,No Failure,10.5,41056.4,0.29726027397260274
0,295.9,306.4,1575,28.5,74,0,No Failure,10.5,44887.5,0.38
1,295.8,306.3,1444,45.5,76,0,No Failure,10.5,65702.0,0.5909090909090909
0,295.7,306.3,1915,22.4,79,0,No Failure,10.600000000000023,42896.0,0.27999999999999997
1,295.6,306.2,1584,33.6,81,0,No Failure,10.599999999999966,53222.4,0.40975609756097564
1,295.7,306.3,1685,34.9,84,0,No Failure,10.600000000000023,58806.5,0.41058823529411764
0,295.8,306.3,1337,54.6,87,0,No Failure,10.5,73000.2,0.6204545454545455
1,295.8,306.3,1235,76.2,89,1,Power Failure,10.5,94107.0,0.8466666666666667
0,295.7,306.2,1464,46.2,92,0,No Failure,10.5,67636.8,0.49677419354838714
1,295.7,306.2,1739,25.9,94,0,No Failure,10.5,45040.1,0.2726315789473684
0,295.7,306.3,1490,34.3,97,0,No Failure,10.600000000000023,51106.99999999999,0.35
0,295.8,306.4,1356,48.0,99,0,No Failure,10.599999999999966,65088.0,0.48
0,295.7,306.2,1397,52.0,101,0,No Failure,10.5,72644.0,0.5098039215686274
0,295.7,306.2,1458,40.6,103,0,No Failure,10.5,59194.8,0.3903846153846154
2,295.7,306.2,2161,16.5,105,0,No Failure,10.5,35656.5,0.15566037735849056
1,295.6,306.1,1651,28.1,110,0,No Failure,10.5,46393.100000000006,0.2531531531531532
0,295.6,306.1,1389,46.2,113,0,No Failure,10.5,64171.8,0.4052631578947369
0,295.6,306.0,1370,52.4,115,0,No Failure,10.399999999999977,71788.0,0.4517241379310345
0,295.7,306.1,1408,47.9,117,0,No Failure,10.400000000000034,67443.2,0.4059322033898305
0,295.7,306.1,1343,54.4,119,0,No Failure,10.400000000000034,73059.2,0.4533333333333333
1,295.7,306.2,1423,42.5,121,0,No Failure,10.5,60477.5,0.3483606557377049
0,295.6,306.2,1426,48.6,124,0,No Failure,10.599999999999966,69303.6,0.38880000000000003
1,295.6,306.2,1435,51.6,126,0,No Failure,10.599999999999966,74046.0,0.4062992125984252
0,295.5,306.1,1573,35.1,129,0,No Failure,10.600000000000023,55212.3,0.27
0,295.6,306.2,1612,31.2,131,0,No Failure,10.599999999999966,50294.4,0.23636363636363636
0,295.6,306.2,1446,49.9,133,0,No Failure,10.599999999999966,72155.4,0.3723880597014925
2,295.6,306.2,1329,55.3,135,0,No Failure,10.599999999999966,73493.7,0.40661764705882353
0,295.6,306.2,1569,35.1,140,0,No Failure,10.599999999999966,55071.9,0.24893617021276596
2,295.6,306.1,1256,62.3,142,0,No Failure,10.5,78248.8,0.43566433566433566
0,295.6,306.1,1383,48.7,147,0,No Failure,10.5,67352.1,0.3290540540540541
0,295.7,306.2,2270,14.6,149,1,Power Failure,10.5,33142.0,0.09733333333333333
2,295.7,306.2,1458,49.8,151,0,No Failure,10.5,72608.4,0.3276315789473684
0,295.6,306.1,1474,41.2,156,0,No Failure,10.5,60728.8,0.2624203821656051
1,295.6,306.1,1462,49.2,158,0,No Failure,10.5,71930.40000000001,0.309433962264151
1,295.6,306.1,1669,29.0,161,0,No Failure,10.5,48401.0,0.17901234567901234
1,295.5,306.1,1822,24.3,164,0,No Failure,10.600000000000023,44274.6,0.14727272727272728
0,295.5,306.0,1456,39.2,167,0,No Failure,10.5,57075.200000000004,0.23333333333333334
0,295.5,306.0,1546,35.9,169,0,No Failure,10.5,55501.399999999994,0.2111764705882353
1,295.6,306.1,1490,42.7,171,0,No Failure,10.5,63623.00000000001,0.2482558139534884
0,295.6,306.0,1569,40.4,174,0,No Failure,10.399999999999977,63387.6,0.23085714285714284
0,295.5,306.0,1621,29.5,176,0,No Failure,10.5,47819.5,0.16666666666666666
1,295.4,305.9,1518,40.6,178,0,No Failure,10.5,61630.8,0.22681564245810057
1,295.4,305.8,1526,38.2,181,0,No Failure,10.400000000000034,58293.200000000004,0.2098901098901099
1,295.3,305.8,1589,36.2,184,0,No Failure,10.5,57521.8,0.1956756756756757
0,295.3,305.7,1475,51.0,187,0,No Failure,10.399999999999977,75225.0,0.2712765957446808
1,295.3,305.7,1473,38.5,189,0,No Failure,10.399999999999977,56710.5,0.2026315789473684
0,295.4,305.8,1407,50.7,192,0,No Failure,10.400000000000034,71334.90000000001,0.26269430051813475
1,295.5,305.9,1518,44.1,194,0,No Failure,10.399999999999977,66943.8,0.22615384615384615
2,295.5,305.9,1593,37.2,197,0,No Failure,10.399999999999977,59259.600000000006,0.1878787878787879
1,295.5,305.9,1380,52.4,202,0,No Failure,10.399999999999977,72312.0,0.258128078817734
1,295.5,306.0,1423,45.3,205,0,No Failure,10.5,64461.899999999994,0.21990291262135922
0,295.5,306.0,1800,27.6,208,0,No Failure,10.5,49680.0,0.1320574162679426
2,295.6,306.1,1623,30.9,210,0,No Failure,10.5,50150.7,0.14644549763033174
0,295.6,306.1,1372,55.6,215,1,Overstrain Failure,10.5,76283.2,0.2574074074074074
2,295.6,306.0,1396,52.4,0,0,No Failure,10.399999999999977,73150.4,52.4
0,295.6,306.0,1949,21.9,5,0,No Failure,10.399999999999977,42683.1,3.65
0,295.6,306.0,1419,51.1,7,0,No Failure,10.399999999999977,72510.90000000001,6.3875
1,295.5,305.9,1453,47.3,9,0,No Failure,10.399999999999977,68726.9,4.7299999999999995
0,295.5,305.9,1542,36.2,12,0,No Failure,10.399999999999977,55820.4,2.784615384615385
0,295.6,306.0,1363,50.0,14,0,No Failure,10.399999999999977,68150.0,3.3333333333333335
0,295.5,306.0,1597,37.2,16,0,No Failure,10.5,59408.4,2.1882352941176473
1,295.5,306.0,1326,50.8,18,0,No Failure,10.5,67360.8,2.6736842105263157
1,295.5,306.0,1641,36.6,21,0,No Failure,10.5,60060.600000000006,1.6636363636363638
1,295.6,306.1,1418,46.2,24,0,No Failure,10.5,65511.600000000006,1.848
0,295.6,306.2,1263,61.8,27,0,No Failure,10.599999999999966,78053.4,2.207142857142857
0,295.6,306.2,1823,25.8,29,0,No Failure,10.599999999999966,47033.4,0.86
0,295.5,306.1,1488,40.7,31,0,No Failure,10.600000000000023,60561.600000000006,1.271875
0,295.6,306.2,1443,48.9,33,0,No Failure,10.599999999999966,70562.7,1.438235294117647
0,295.6,306.2,1650,28.2,35,0,No Failure,10.599999999999966,46530.0,0.7833333333333333
1,295.7,306.3,1462,44.3,37,0,No Failure,10.600000000000023,64766.6,1.1657894736842105
1,295.6,306.2,1477,45.0,40,0,No Failure,10.599999999999966,66465.0,1.0975609756097562
1,295.7,306.3,1712,28.5,43,0,No Failure,10.600000000000023,48792.0,0.6477272727272727
1,295.7,306.3,1347,50.4,46,0,No Failure,10.600000000000023,67888.8,1.0723404255319149
0,295.6,306.2,1287,54.8,49,0,No Failure,10.599999999999966,70527.59999999999,1.0959999999999999
0,295.6,306.2,1428,44.5,51,0,No Failure,10.599999999999966,63546.0,0.8557692307692307
1,295.6,306.3,1426,45.5,53,0,No Failure,10.699999999999989,64883.0,0.8425925925925926
0,295.6,306.3,1636,32.7,56,0,No Failure,10.699999999999989,53497.200000000004,0.5736842105263158
0,295.6,306.2,1424,42.5,58,0,No Failure,10.599999999999966,60520.0,0.7203389830508474
2,295.6,306.3,1509,35.8,60,0,No Failure,10.699999999999989,54022.2,0.5868852459016393
0,295.5,306.2,1448,48.9,65,0,No Failure,10.699999999999989,70807.2,0.7409090909090909
0,295.5,306.1,1650,32.8,67,0,No Failure,10.600000000000023,54119.99999999999,0.48235294117647054
2,295.6,306.2,1414,42.5,69,0,No Failure,10.599999999999966,60095.0,0.6071428571428571
0,295.6,306.3,1911,20.9,74,0,No Failure,10.699999999999989,39939.899999999994,0.2786666666666667
2,295.6,306.2,1632,32.2,76,0,No Failure,10.599999999999966,52550.4,0.4181818181818182
1,295.7,306.4,1387,40.1,81,0,No Failure,10.699999999999989,55618.700000000004,0.48902439024390243
0,295.8,306.4,1399,47.6,84,0,No Failure,10.599999999999966,66592.40000000001,0.56
0,295.8,306.5,1505,35.2,86,0,No Failure,10.699999999999989,52976.00000000001,0.40459770114942534
0,295.8,306.5,1534,37.9,88,0,No Failure,10.699999999999989,58138.6,0.4258426966292135
0,295.8,306.5,1493,40.5,90,0,No Failure,10.699999999999989,60466.5,0.44505494505494503
1,295.8,306.6,1480,43.2,92,0,No Failure,10.800000000000011,63936.00000000001,0.4645161290322581
0,295.8,306.6,1621,31.6,95,0,No Failure,10.800000000000011,51223.600000000006,0.32916666666666666
0,295.7,306.5,1737,26.2,97,0,No Failure,10.800000000000011,45509.4,0.2673469387755102
0,295.8,306.6,1508,46.5,99,0,No Failure,10.800000000000011,70122.0,0.465
1,295.8,306.5,1641,32.2,101,0,No Failure,10.699999999999989,52840.200000000004,0.31568627450980397
1,295.9,306.6,1532,38.6,104,0,No Failure,10.700000000000045,59135.200000000004,0.3676190476190476
0,295.9,306.7,1547,40.9,107,0,No Failure,10.800000000000011,63272.299999999996,0.3787037037037037
0,295.9,306.6,1412,41.0,109,0,No Failure,10.700000000000045,57892.0,0.37272727272727274
0,295.8,306.5,1568,35.1,111,0,No Failure,10.699999999999989,55036.8,0.31339285714285714
0,295.9,306.6,1557,41.1,113,0,No Failure,10.700000000000045,63992.700000000004,0.3605263157894737
0,295.8,306.6,1644,35.2,115,0,No Failure,10.800000000000011,57868.8,0.303448275862069
0,295.9,306.6,1679,30.4,117,0,No Failure,10.700000000000045,51041.6,0.2576271186440678
0,296.0,306.6,1511,35.2,119,0,No Failure,10.600000000000023,53187.200000000004,0.29333333333333333
1,296.0,306.6,1628,36.8,121,0,No Failure,10.600000000000023,59910.399999999994,0.30163934426229505
1,296.0,306.6,1392,51.3,124,0,No Failure,10.600000000000023,71409.59999999999,0.4104
0,296.0,306.7,1917,21.0,127,0,No Failure,10.699999999999989,40257.0,0.1640625
1,296.2,306.8,1526,42.3,129,0,No Failure,10.600000000000023,64549.799999999996,0.3253846153846154
0,296.2,306.8,1389,53.3,132,0,No Failure,10.600000000000023,74033.7,0.4007518796992481
0,296.1,306.7,1409,42.8,134,0,No Failure,10.599999999999966,60305.2,0.317037037037037
0,296.2,306.8,1655,31.1,136,0,No Failure,10.600000000000023,51470.5,0.22700729927007302
0,296.2,306.9,1516,39.1,138,0,No Failure,10.699999999999989,59275.6,0.28129496402877696
0,296.2,306.9,1526,34.9,140,0,No Failure,10.699999999999989,53257.4,0.2475177304964539
0,296.3,307.1,1419,48.6,142,0,No Failure,10.800000000000011,68963.40000000001,0.33986013986013985
0,296.4,307.2,1748,25.3,144,0,No Failure,10.800000000000011,44224.4,0.17448275862068965
2,296.4,307.1,1638,32.5,146,0,No Failure,10.700000000000045,53235.0,0.22108843537414966
1,296.3,307.1,1534,33.8,151,0,No Failure,10.800000000000011,51849.2,0.22236842105263155
2,296.3,307.1,1774,25.9,154,0,No Failure,10.800000000000011,45946.6,0.16709677419354838
1,296.2,307.0,2119,18.3,159,0,No Failure,10.800000000000011,38777.700000000004,0.114375
0,296.2,307.0,1414,48.3,162,0,No Failure,10.800000000000011,68296.2,0.296319018404908
1,296.1,307.0,1523,42.0,164,0,No Failure,10.899999999999977,63966.0,0.2545454545454545
0,296.1,307.1,1651,35.7,167,0,No Failure,11.0,58940.700000000004,0.21250000000000002
1,296.1,307.1,1485,36.0,169,0,No Failure,11.0,53460.0,0.21176470588235294
1,296.2,307.2,1168,63.4,172,0,No Failure,11.0,74051.2,0.36647398843930634
0,296.3,307.3,1566,35.8,175,0,No Failure,11.0,56062.799999999996,0.2034090909090909
1,296.3,307.2,1286,51.1,177,0,No Failure,10.899999999999977,65714.6,0.28707865168539326
1,296.3,307.2,1446,45.9,180,0,No Failure,10.899999999999977,66371.4,0.2535911602209945
1,296.4,307.2,2071,19.4,183,0,No Failure,10.800000000000011,40177.399999999994,0.10543478260869564
0,296.3,307.1,1560,33.2,186,0,No Failure,10.800000000000011,51792.00000000001,0.17754010695187167
0,296.3,307.1,1654,29.6,188,0,No Failure,10.800000000000011,48958.4,0.15661375661375662
0,296.3,307.1,1662,32.9,190,0,No Failure,10.800000000000011,54679.799999999996,0.17225130890052356
0,296.3,307.2,1646,35.0,192,0,No Failure,10.899999999999977,57610.0,0.18134715025906736
0,296.2,307.1,1444,46.7,194,0,No Failure,10.900000000000034,67434.8,0.2394871794871795
2,296.3,307.2,1424,42.0,196,0,No Failure,10.899999999999977,59808.0,0.2131979695431472
0,296.2,307.2,1382,52.0,201,0,No Failure,11.0,71864.0,0.25742574257425743
0,296.2,307.1,1413,53.4,203,0,No Failure,10.900000000000034,75454.2,0.26176470588235295
1,296.2,307.2,1633,31.1,0,0,No Failure,11.0,50786.3,31.1
0,296.2,307.1,1441,41.7,3,0,No Failure,10.900000000000034,60089.700000000004,10.425
1,296.2,307.2,1385,44.0,5,0,No Failure,11.0,60940.0,7.333333333333333
1,296.2,307.2,1552,34.8,8,0,No Failure,11.0,54009.6,3.8666666666666663
1,296.2,307.3,1451,42.8,11,0,No Failure,11.100000000000023,62102.799999999996,3.5666666666666664
1,296.1,307.1,1433,38.5,14,0,No Failure,11.0,55170.5,2.566666666666667
1,296.1,307.2,1619,29.7,17,0,No Failure,11.099999999999966,48084.299999999996,1.65
0,296.2,307.2,1445,41.8,20,0,No Failure,11.0,60400.99999999999,1.9904761904761903
0,296.2,307.2,1356,43.6,22,0,No Failure,11.0,59121.6,1.8956521739130436
1,296.3,307.2,1319,68.3,24,1,Power Failure,10.899999999999977,90087.7,2.7319999999999998
0,296.3,307.2,1637,31.6,27,0,No Failure,10.899999999999977,51729.200000000004,1.1285714285714286
0,296.3,307.2,1291,58.6,29,0,No Failure,10.899999999999977,75652.6,1.9533333333333334
0,296.3,307.3,1398,52.7,31,0,No Failure,11.0,73674.6,1.646875
0,296.3,307.3,1372,57.7,33,0,No Failure,11.0,79164.40000000001,1.697058823529412
1,296.3,307.2,1454,42.5,35,0,No Failure,10.899999999999977,61795.0,1.1805555555555556
0,296.2,307.2,1515,36.5,38,0,No Failure,11.0,55297.5,0.9358974358974359
0,296.2,307.3,1881,24.3,40,0,No Failure,11.100000000000023,45708.3,0.5926829268292683
0,296.2,307.3,1711,29.9,42,0,No Failure,11.100000000000023,51158.899999999994,0.6953488372093023
0,296.2,307.3,1475,37.0,44,0,No Failure,11.100000000000023,54575.0,0.8222222222222222
0,296.4,307.4,1512,36.8,46,0,No Failure,11.0,55641.6,0.7829787234042552
1,296.3,307.4,1335,50.5,48,0,No Failure,11.099999999999966,67417.5,1.030612244897959
0,296.3,307.4,1472,39.9,51,0,No Failure,11.099999999999966,58732.799999999996,0.7673076923076922
1,296.2,307.3,1477,35.2,53,0,No Failure,11.100000000000023,51990.4,0.6518518518518519
0,296.3,307.4,1760,28.4,56,0,No Failure,11.099999999999966,49984.0,0.4982456140350877
0,296.4,307.5,1549,36.1,58,0,No Failure,11.100000000000023,55918.9,0.611864406779661
0,296.3,307.4,1648,34.0,60,0,No Failure,11.099999999999966,56032.0,0.5573770491803278
2,296.4,307.5,1556,38.0,62,0,No Failure,11.100000000000023,59128.0,0.6031746031746031
1,296.3,307.4,1958,19.1,67,0,No Failure,11.099999999999966,37397.8,0.28088235294117647
0,296.4,307.4,1403,48.4,70,0,No Failure,11.0,67905.2,0.6816901408450704
1,296.4,307.5,1684,31.4,72,0,No Failure,11.100000000000023,52877.6,0.4301369863013698
2,296.4,307.5,1596,35.1,75,0,No Failure,11.100000000000023,56019.600000000006,0.4618421052631579
0,296.6,307.6,1498,41.1,80,0,No Failure,11.0,61567.8,0.5074074074074074
0,296.7,307.7,1524,36.8,82,0,No Failure,11.0,56083.2,0.4433734939759036
0,296.7,307.7,1502,43.9,84,0,No Failure,11.0,65937.8,0.5164705882352941
0,296.6,307.6,1809,25.1,86,0,No Failure,11.0,45405.9,0.2885057471264368
0,296.6,307.6,1542,37.4,88,0,No Failure,11.0,57670.799999999996,0.4202247191011236
0,296.5,307.6,1431,45.2,90,0,No Failure,11.100000000000023,64681.200000000004,0.4967032967032967
0,296.5,307.6,1512,43.6,92,0,No Failure,11.100000000000023,65923.2,0.46881720430107526
2,296.4,307.5,1403,52.8,94,0,No Failure,11.100000000000023,74078.4,0.5557894736842105
0,296.4,307.5,1331,47.8,99,0,No Failure,11.100000000000023,63621.799999999996,0.478
1,296.6,307.7,1474,52.6,101,0,No Failure,11.099999999999966,77532.40000000001,0.515686274509804
0,296.5,307.6,1607,33.5,104,0,No Failure,11.100000000000023,53834.5,0.319047619047619
0,296.5,307.6,1415,44.2,106,0,No Failure,11.100000000000023,62543.00000000001,0.4130841121495327
0,296.6,307.6,1671,28.8,108,0,No Failure,11.0,48124.8,0.26422018348623855
0,296.6,307.7,1556,37.7,110,0,No Failure,11.099999999999966,58661.200000000004,0.33963963963963967
0,296.7,307.7,1927,23.9,112,0,No Failure,11.0,46055.299999999996,0.21150442477876105
1,296.7,307.7,1597,32.1,114,0,No Failure,11.0,51263.700000000004,0.2791304347826087
2,296.8,307.8,1627,30.5,117,0,No Failure,11.0,49623.5,0.2584745762711864
0,296.8,307.8,1480,39.4,122,0,No Failure,11.0,58312.0,0.3203252032520325
0,296.8,307.8,1565,39.5,124,0,No Failure,11.0,61817.5,0.316
0,296.8,307.8,1573,36.4,126,0,No Failure,11.0,57257.2,0.2866141732283464
0,296.7,307.8,1605,31.3,128,0,No Failure,11.100000000000023,50236.5,0.24263565891472869
1,296.7,307.9,1874,21.3,130,0,No Failure,11.199999999999989,39916.200000000004,0.16259541984732825
2,296.7,307.9,1424,53.8,133,0,No Failure,11.199999999999989,76611.2,0.4014925373134328
0,296.7,307.9,1420,50.1,138,0,No Failure,11.199999999999989,71142.0,0.360431654676259
0,296.8,307.9,1372,49.0,140,0,No Failure,11.099999999999966,67228.0,0.3475177304964539
1,296.8,307.8,1664,32.8,142,0,No Failure,11.0,54579.2,0.22937062937062935
1,296.8,307.9,1409,44.3,145,0,No Failure,11.099999999999966,62418.7,0.3034246575342466
0,296.8,307.9,1718,25.2,148,0,No Failure,11.099999999999966,43293.6,0.16912751677852347
1,296.9,307.8,1544,40.3,150,0,No Failure,10.900000000000034,62223.2,0.26688741721854303
0,296.9,307.8,1466,45.7,153,0,No Failure,10.900000000000034,66996.2,0.29675324675324677
0,296.8,307.8,1394,47.7,155,0,No Failure,11.0,66493.8,0.3057692307692308
1,296.9,307.8,1840,24.6,157,0,No Failure,10.900000000000034,45264.0,0.15569620253164557
1,296.9,307.8,1477,37.2,160,0,No Failure,10.900000000000034,54944.4,0.23105590062111803
0,296.9,307.8,1425,49.1,163,0,No Failure,10.900000000000034,69967.5,0.299390243902439
1,297.0,307.9,1414,46.2,165,0,No Failure,10.899999999999977,65326.8,0.27831325301204823
0,297.0,307.8,1414,47.5,168,0,No Failure,10.800000000000011,67165.0,0.28106508875739644
0,297.0,307.9,1595,31.7,170,0,No Failure,10.899999999999977,50561.5,0.1853801169590643
2,296.9,307.8,1345,54.5,172,0,No Failure,10.900000000000034,73302.5,0.315028901734104
0,296.9,307.7,1653,35.9,177,0,No Failure,10.800000000000011,59342.7,0.20168539325842696
0,296.8,307.6,1547,36.5,179,0,No Failure,10.800000000000011,56465.5,0.20277777777777778
2,296.9,307.7,1656,30.8,181,0,No Failure,10.800000000000011,51004.8,0.16923076923076924
0,297.0,307.7,1731,28.5,186,0,No Failure,10.699999999999989,49333.5,0.15240641711229946
0,297.0,307.8,1774,28.0,188,0,No Failure,10.800000000000011,49672.0,0.14814814814814814
0,297.0,307.8,1521,40.2,190,0,No Failure,10.800000000000011,61144.200000000004,0.2104712041884817
2,297.1,307.9,1420,39.8,192,0,No Failure,10.799999999999955,56515.99999999999,0.20621761658031088
0,297.0,307.8,1683,32.3,197,0,No Failure,10.800000000000011,54360.899999999994,0.16313131313131313
1,297.0,307.7,1498,47.1,199,0,No Failure,10.699999999999989,70555.8,0.23550000000000001
0,297.0,307.8,1385,56.4,202,1,Overstrain Failure,10.800000000000011,78114.0,0.27783251231527095
0,297.0,307.9,1455,49.0,204,0,No Failure,10.899999999999977,71295.0,0.23902439024390243
2,296.9,307.8,1549,35.8,206,1,Tool Wear Failure,10.900000000000034,55454.2,0.17294685990338163
1,296.9,307.8,1392,43.9,0,0,No Failure,10.900000000000034,61108.799999999996,43.9
1,296.9,307.7,2008,17.5,3,0,No Failure,10.800000000000011,35140.0,4.375
0,296.9,307.7,1464,41.4,6,0,No Failure,10.800000000000011,60609.6,5.914285714285714
0,297.0,307.7,1447,46.4,8,0,No Failure,10.699999999999989,67140.8,5.155555555555555
1,296.9,307.6,1685,32.0,10,0,No Failure,10.700000000000045,53920.0,2.909090909090909
1,296.8,307.5,1443,39.2,13,0,No Failure,10.699999999999989,56565.600000000006,2.8000000000000003
0,296.9,307.5,1354,44.4,16,0,No Failure,10.600000000000023,60117.6,2.611764705882353
0,296.9,307.5,2721,9.3,18,1,Power Failure,10.600000000000023,25305.300000000003,0.48947368421052634
0,297.0,307.6,1680,35.8,20,0,No Failure,10.600000000000023,60143.99999999999,1.7047619047619047
2,296.9,307.5,1397,48.3,22,0,No Failure,10.600000000000023,67475.09999999999,2.1
1,296.9,307.4,1521,37.9,27,0,No Failure,10.5,57645.9,1.3535714285714284
1,296.8,307.4,1472,43.9,30,0,No Failure,10.599999999999966,64620.799999999996,1.4161290322580644
2,296.8,307.5,1695,30.0,33,0,No Failure,10.699999999999989,50850.0,0.8823529411764706
2,296.7,307.5,1607,33.6,38,0,No Failure,10.800000000000011,53995.200000000004,0.8615384615384616
0,296.8,307.5,1347,54.8,43,0,No Failure,10.699999999999989,73815.59999999999,1.2454545454545454
1,296.7,307.4,1540,38.7,45,0,No Failure,10.699999999999989,59598.00000000001,0.841304347826087
0,296.6,307.4,1389,42.7,48,0,No Failure,10.799999999999955,59310.3,0.8714285714285714
1,296.6,307.5,1734,27.0,50,0,No Failure,10.899999999999977,46818.0,0.5294117647058824
0,296.7,307.6,1540,38.6,53,0,No Failure,10.900000000000034,59444.0,0.7148148148148148
1,296.7,307.5,1515,42.1,55,0,No Failure,10.800000000000011,63781.5,0.7517857142857143
0,296.6,307.4,1504,45.8,58,0,No Failure,10.799999999999955,68883.2,0.7762711864406779
0,296.6,307.5,1557,35.1,60,0,No Failure,10.899999999999977,54650.700000000004,0.5754098360655738
0,296.5,307.4,1292,52.5,62,0,No Failure,10.899999999999977,67830.0,0.8333333333333334
2,296.5,307.4,1432,49.2,64,0,No Failure,10.899999999999977,70454.40000000001,0.7569230769230769
1,296.5,307.4,1350,55.6,69,0,No Failure,10.899999999999977,75060.0,0.7942857142857143
1,296.6,307.4,1790,25.8,72,0,No Failure,10.799999999999955,46182.0,0.35342465753424657
2,296.4,307.3,1540,37.4,75,0,No Failure,10.900000000000034,57596.0,0.4921052631578947
1,296.4,307.3,2077,19.1,80,0,No Failure,10.900000000000034,39670.700000000004,0.2358024691358025
0,296.4,307.3,1487,37.5,83,0,No Failure,10.900000000000034,55762.5,0.44642857142857145
0,296.5,307.4,1523,40.7,85,0,No Failure,10.899999999999977,61986.100000000006,0.4732558139534884
0,296.5,307.5,1443,41.8,87,0,No Failure,11.0,60317.399999999994,0.475
0,296.5,307.5,1340,59.1,89,0,No Failure,11.0,79194.0,0.6566666666666667
2,296.6,307.7,1654,31.0,91,0,No Failure,11.099999999999966,51274.0,0.33695652173913043
0,296.6,307.6,1459,40.2,96,0,No Failure,11.0,58651.8,0.4144329896907217
0,296.5,307.6,1541,38.5,98,0,No Failure,11.100000000000023,59328.5,0.3888888888888889
2,296.6,307.7,1386,62.3,100,1,Power Failure,11.099999999999966,86347.8,0.6168316831683168
1,296.7,307.8,1258,69.0,105,1,Power Failure,11.100000000000023,86802.0,0.6509433962264151
1,296.7,307.8,1375,51.4,108,0,No Failure,11.100000000000023,70675.0,0.4715596330275229
0,296.8,307.9,1706,30.8,111,0,No Failure,11.099999999999966,52544.8,0.275
1,296.7,307.8,1672,32.4,113,0,No Failure,11.100000000000023,54172.799999999996,0.28421052631578947
1,296.8,307.9,1843,25.2,116,0,No Failure,11.099999999999966,46443.6,0.21538461538461537
0,296.7,307.9,1690,29.6,119,0,No Failure,11.199999999999989,50024.0,0.24666666666666667
0,296.8,307.9,1413,46.5,121,0,No Failure,11.099999999999966,65704.5,0.38114754098360654
0,296.8,307.9,1489,33.4,123,0,No Failure,11.099999999999966,49732.6,0.2693548387096774
0,296.8,307.9,1271,61.4,125,0,No Failure,11.099999999999966,78039.4,0.4873015873015873
1,296.8,307.9,1418,47.9,127,0,No Failure,11.099999999999966,67922.2,0.37421875
1,296.9,307.8,1426,50.7,130,0,No Failure,10.900000000000034,72298.2,0.3870229007633588
0,296.9,307.9,1535,39.2,133,0,No Failure,11.0,60172.00000000001,0.29253731343283584
0,296.9,307.8,1557,38.1,135,0,No Failure,10.900000000000034,59321.700000000004,0.2801470588235294
0,296.9,307.8,1653,29.7,137,0,No Failure,10.900000000000034,49094.1,0.21521739130434783
0,296.9,307.9,1435,41.6,139,0,No Failure,11.0,59696.0,0.29714285714285715
1,297.0,307.9,1569,33.3,141,0,No Failure,10.899999999999977,52247.7,0.23450704225352112
1,296.9,307.9,1385,44.8,144,0,No Failure,11.0,62047.99999999999,0.3089655172413793
0,297.0,307.9,1635,31.6,147,0,No Failure,10.899999999999977,51666.0,0.21351351351351353
0,296.9,307.9,1423,43.9,149,0,No Failure,11.0,62469.7,0.29266666666666663
0,297.0,307.9,1479,39.2,151,0,No Failure,10.899999999999977,57976.8,0.2578947368421053
0,297.0,307.9,1296,69.1,153,1,Power Failure,10.899999999999977,89553.59999999999,0.44870129870129866
0,297.0,307.8,1553,33.3,155,0,No Failure,10.800000000000011,51714.899999999994,0.21346153846153845
0,297.0,307.9,1529,42.2,157,0,No Failure,10.899999999999977,64523.8,0.26708860759493674
1,297.1,308.0,1690,25.6,159,0,No Failure,10.899999999999977,43264.0,0.16
0,297.1,308.0,1348,58.0,162,0,No Failure,10.899999999999977,78184.0,0.3558282208588957
0,297.2,308.1,1446,38.5,164,0,No Failure,10.900000000000034,55671.0,0.23333333333333334
0,297.1,307.9,1456,50.0,166,0,No Failure,10.799999999999955,72800.0,0.2994011976047904
0,297.0,307.9,1350,47.7,168,0,No Failure,10.899999999999977,64395.00000000001,0.2822485207100592
0,297.1,307.9,1507,38.3,170,0,No Failure,10.799999999999955,57718.1,0.2239766081871345
2,297.0,307.9,1448,45.6,172,0,No Failure,10.899999999999977,66028.8,0.26358381502890177
0,296.9,307.9,1626,29.9,177,0,No Failure,11.0,48617.399999999994,0.16797752808988764
2,297.0,307.9,1846,27.3,179,0,No Failure,10.899999999999977,50395.8,0.15166666666666667
2,297.0,307.8,1404,40.7,184,0,No Failure,10.800000000000011,57142.8,0.22000000000000003
0,297.0,307.8,1583,37.2,189,0,No Failure,10.800000000000011,58887.600000000006,0.19578947368421054
0,297.0,307.9,1436,47.7,191,0,No Failure,10.899999999999977,68497.2,0.2484375
0,297.0,307.8,1609,35.6,193,0,No Failure,10.800000000000011,57280.4,0.18350515463917527
2,297.0,307.7,1834,23.8,195,0,No Failure,10.699999999999989,43649.200000000004,0.12142857142857143
0,297.0,307.8,1316,61.2,200,1,Overstrain Failure,10.800000000000011,80539.2,0.30447761194029854
0,296.9,307.8,1400,57.1,202,1,Overstrain Failure,10.900000000000034,79940.0,0.2812807881773399
0,296.9,307.9,1367,47.1,204,0,No Failure,11.0,64385.700000000004,0.22975609756097562
0,297.1,308.1,1754,30.3,206,0,No Failure,11.0,53146.200000000004,0.1463768115942029
0,297.1,308.1,1487,34.6,208,0,No Failure,11.0,51450.200000000004,0.16555023923444978
1,297.1,308.1,1506,37.7,210,0,No Failure,11.0,56776.200000000004,0.17867298578199053
0,297.0,308.1,1362,52.5,213,1,Overstrain Failure,11.100000000000023,71505.0,0.24532710280373832
0,297.1,308.1,1584,36.8,215,0,No Failure,11.0,58291.2,0.17037037037037037
0,297.0,308.1,1355,43.7,217,0,No Failure,11.100000000000023,59213.50000000001,0.2004587155963303
1,297.1,308.1,1823,24.3,219,0,No Failure,11.0,44298.9,0.11045454545454546
2,297.0,308.1,1517,41.4,222,0,No Failure,11.100000000000023,62803.799999999996,0.18565022421524663
0,297.1,308.1,1446,36.6,227,0,No Failure,11.0,52923.6,0.16052631578947368
2,297.1,308.0,1559,38.8,229,0,No Failure,10.899999999999977,60489.2,0.16869565217391302
1,297.1,308.1,1352,44.4,0,0,No Failure,11.0,60028.799999999996,44.4
1,297.2,308.3,1578,37.8,3,0,No Failure,11.100000000000023,59648.399999999994,9.45
1,297.2,308.3,1429,42.0,6,0,No Failure,11.100000000000023,60018.0,6.0
1,297.2,308.3,1604,39.4,9,0,No Failure,11.100000000000023,63197.6,3.94
0,297.3,308.5,1398,60.4,12,0,No Failure,11.199999999999989,84439.2,4.646153846153846
0,297.3,308.4,1441,43.4,14,0,No Failure,11.099999999999966,62539.4,2.893333333333333
2,297.3,308.4,1531,35.6,16,0,No Failure,11.099999999999966,54503.6,2.0941176470588236
0,297.2,308.3,1379,52.1,21,0,No Failure,11.100000000000023,71845.90000000001,2.368181818181818
0,297.3,308.3,1410,48.1,23,0,No Failure,11.0,67821.0,2.004166666666667
0,297.3,308.4,1513,40.5,25,0,No Failure,11.099999999999966,61276.5,1.5576923076923077
0,297.3,308.5,1497,47.5,27,0,No Failure,11.199999999999989,71107.5,1.6964285714285714
0,297.3,308.4,1491,46.5,29,0,No Failure,11.099999999999966,69331.5,1.55
0,297.3,308.4,1417,47.8,31,0,No Failure,11.099999999999966,67732.59999999999,1.49375
1,297.4,308.6,1522,38.0,33,0,No Failure,11.200000000000045,57836.0,1.1176470588235294
0,297.3,308.4,1339,52.1,36,0,No Failure,11.099999999999966,69761.90000000001,1.4081081081081082
1,297.2,308.3,1794,27.5,38,0,No Failure,11.100000000000023,49335.0,0.7051282051282052
0,297.2,308.4,1460,42.1,41,0,No Failure,11.199999999999989,61466.0,1.0023809523809524
1,297.2,308.3,1776,28.0,43,0,No Failure,11.100000000000023,49728.0,0.6363636363636364
1,297.2,308.3,1431,43.7,46,0,No Failure,11.100000000000023,62534.700000000004,0.9297872340425533
0,297.1,308.2,1347,50.8,49,0,No Failure,11.099999999999966,68427.59999999999,1.016
1,297.0,308.1,1507,43.1,51,0,No Failure,11.100000000000023,64951.700000000004,0.8288461538461539
1,297.0,308.0,1408,47.9,54,0,No Failure,11.0,67443.2,0.8709090909090909
1,297.0,307.9,1493,34.7,57,0,No Failure,10.899999999999977,51807.100000000006,0.5982758620689655
1,296.9,307.9,1441,47.6,60,0,No Failure,11.0,68591.6,0.7803278688524591
2,296.9,307.9,1557,36.5,63,0,No Failure,11.0,56830.5,0.5703125
1,296.9,307.9,1979,20.4,68,0,No Failure,11.0,40371.6,0.29565217391304344
1,296.9,308.0,1430,55.9,71,0,No Failure,11.100000000000023,79937.0,0.7763888888888889
0,296.9,308.0,1658,41.0,74,0,No Failure,11.100000000000023,67978.0,0.5466666666666666
1,297.0,308.1,1355,51.4,76,0,No Failure,11.100000000000023,69647.0,0.6675324675324675
2,297.0,308.1,1410,47.6,79,0,No Failure,11.100000000000023,67116.0,0.595
0,296.9,308.0,1521,34.5,84,0,No Failure,11.100000000000023,52474.5,0.40588235294117647
0,296.8,308.0,1371,54.5,86,0,No Failure,11.199999999999989,74719.5,0.6264367816091954
2,296.9,308.0,1318,53.5,88,0,No Failure,11.100000000000023,70513.0,0.601123595505618
1,297.0,308.1,1573,34.9,93,0,No Failure,11.100000000000023,54897.7,0.37127659574468086
0,297.0,308.1,1489,44.1,96,0,No Failure,11.100000000000023,65664.90000000001,0.45463917525773195
2,297.0,308.1,2540,13.3,98,0,No Failure,11.100000000000023,33782.0,0.13434343434343435
0,297.0,308.1,1537,39.0,103,0,No Failure,11.100000000000023,59943.0,0.375
2,296.9,308.0,1416,46.9,105,0,No Failure,11.100000000000023,66410.4,0.44245283018867926
0,296.9,307.9,1359,56.5,110,0,No Failure,11.0,76783.5,0.509009009009009
1,296.8,307.8,1551,38.9,112,0,No Failure,11.0,60333.899999999994,0.34424778761061947
1,296.8,307.8,1694,33.0,115,0,No Failure,11.0,55902.0,0.28448275862068967
0,296.8,307.9,1709,28.4,118,0,No Failure,11.099999999999966,48535.6,0.23865546218487393
0,296.9,308.0,1514,41.0,120,0,No Failure,11.100000000000023,62074.0,0.33884297520661155
0,297.0,308.1,1455,43.5,122,0,No Failure,11.100000000000023,63292.5,0.35365853658536583
1,297.0,308.2,1702,30.7,124,0,No Failure,11.199999999999989,52251.4,0.24559999999999998
1,296.9,308.1,1357,41.8,127,0,No Failure,11.200000000000045,56722.6,0.3265625
0,297.0,308.2,1577,29.4,130,0,No Failure,11.199999999999989,46363.799999999996,0.22442748091603051
1,297.0,308.3,1399,46.4,132,0,No Failure,11.300000000000011,64913.6,0.34887218045112783
0,297.0,308.3,1399,59.0,135,0,No Failure,11.300000000000011,82541.0,0.4338235294117647
0,297.0,308.3,1492,48.1,137,0,No Failure,11.300000000000011,71765.2,0.34855072463768116
0,297.1,308.3,1763,25.7,139,0,No Failure,11.199999999999989,45309.1,0.18357142857142858
2,297.1,308.3,1492,41.5,141,0,No Failure,11.199999999999989,61918.0,0.29225352112676056
0,297.1,308.4,1488,42.5,146,0,No Failure,11.299999999999955,63240.0,0.2891156462585034
0,297.1,308.4,1422,42.1,148,0,No Failure,11.299999999999955,59866.200000000004,0.2825503355704698
1,297.1,308.4,1583,38.2,150,0,No Failure,11.299999999999955,60470.600000000006,0.25298013245033113
0,297.1,308.4,1304,53.5,153,0,No Failure,11.299999999999955,69764.0,0.3474025974025974
1,297.1,308.4,1880,23.5,155,0,No Failure,11.299999999999955,44180.0,0.15064102564102563
1,297.2,308.5,1604,40.7,158,0,No Failure,11.300000000000011,65282.8,0.2559748427672956
0,297.2,308.6,1500,37.1,161,0,No Failure,11.400000000000034,55650.0,0.22901234567901235
1,297.2,308.5,1364,55.6,163,0,No Failure,11.300000000000011,75838.40000000001,0.33902439024390246
2,297.2,308.5,2440,14.0,166,0,No Failure,11.300000000000011,34160.0,0.08383233532934131
2,297.1,308.4,1654,31.4,171,0,No Failure,11.299999999999955,51935.6,0.1825581395348837
2,297.1,308.4,1359,46.6,176,0,No Failure,11.299999999999955,63329.4,0.2632768361581921
1,297.1,308.4,1502,37.3,181,0,No Failure,11.299999999999955,56024.6,0.20494505494505494
1,297.1,308.4,1615,32.6,184,0,No Failure,11.299999999999955,52649.0,0.17621621621621622
2,297.2,308.5,1482,39.3,187,0,No Failure,11.300000000000011,58242.6,0.20904255319148934
0,297.2,308.6,1636,31.3,192,0,No Failure,11.400000000000034,51206.8,0.1621761658031088
1,297.1,308.5,1621,32.4,194,0,No Failure,11.399999999999977,52520.399999999994,0.16615384615384615
0,297.1,308.4,1468,44.4,197,0,No Failure,11.299999999999955,65179.2,0.22424242424242424
1,297.1,308.4,1432,53.4,199,0,No Failure,11.299999999999955,76468.8,0.267
0,297.1,308.4,1726,28.4,202,0,No Failure,11.299999999999955,49018.399999999994,0.1399014778325123
1,297.1,308.4,1588,33.4,204,0,No Failure,11.299999999999955,53039.2,0.1629268292682927
2,297.2,308.5,1653,33.3,207,0,No Failure,11.300000000000011,55044.899999999994,0.16009615384615383
0,297.2,308.5,1513,42.9,212,0,No Failure,11.300000000000011,64907.7,0.20140845070422533
0,297.2,308.6,1489,40.2,214,0,No Failure,11.400000000000034,59857.8,0.1869767441860465
0,297.3,308.7,1467,36.8,216,0,No Failure,11.399999999999977,53985.6,0.1695852534562212
0,297.3,308.7,1549,36.1,218,0,No Failure,11.399999999999977,55918.9,0.16484018264840183
1,297.4,308.8,1359,48.7,220,0,No Failure,11.400000000000034,66183.3,0.22036199095022627
0,297.5,308.8,1533,41.5,223,0,No Failure,11.300000000000011,63619.5,0.18526785714285715
0,297.5,308.8,1309,57.3,0,0,No Failure,11.300000000000011,75005.7,57.3
2,297.5,308.8,1430,49.4,2,0,No Failure,11.300000000000011,70642.0,16.466666666666665
2,297.5,308.9,1419,50.7,7,0,No Failure,11.399999999999977,71943.3,6.3375
1,297.5,308.9,1535,37.7,12,0,No Failure,11.399999999999977,57869.50000000001,2.9000000000000004
0,297.5,308.9,1466,43.0,15,0,No Failure,11.399999999999977,63038.0,2.6875
0,297.5,308.9,1427,50.4,17,0,No Failure,11.399999999999977,71920.8,2.8
1,297.5,308.9,1280,48.5,19,0,No Failure,11.399999999999977,62080.0,2.425
0,297.6,309.0,1528,33.8,22,0,No Failure,11.399999999999977,51646.399999999994,1.4695652173913043
2,297.6,309.0,1885,25.2,24,0,No Failure,11.399999999999977,47502.0,1.008
2,297.8,309.2,1648,33.0,29,0,No Failure,11.399999999999977,54384.0,1.1
0,297.8,309.2,1400,56.9,34,0,No Failure,11.399999999999977,79660.0,1.6257142857142857
1,297.8,309.3,2243,15.7,36,0,No Failure,11.5,35215.1,0.4243243243243243
0,297.9,309.4,1558,35.7,39,0,No Failure,11.5,55620.600000000006,0.8925000000000001
0,298.0,309.6,1633,34.8,41,0,No Failure,11.600000000000023,56828.399999999994,0.8285714285714285
1,298.1,309.6,1549,38.7,43,0,No Failure,11.5,59946.3,0.8795454545454546
0,298.0,309.5,1496,45.8,46,0,No Failure,11.5,68516.8,0.9744680851063829
0,298.1,309.5,1467,41.8,48,0,No Failure,11.399999999999977,61320.6,0.8530612244897958
1,298.0,309.4,1276,65.9,50,0,No Failure,11.399999999999977,84088.40000000001,1.2921568627450981
2,298.0,309.4,1490,40.5,53,0,No Failure,11.399999999999977,60345.0,0.75
2,298.0,309.4,1562,38.1,58,0,No Failure,11.399999999999977,59512.200000000004,0.6457627118644068
0,298.1,309.4,1397,48.2,63,0,No Failure,11.299999999999955,67335.40000000001,0.753125
2,298.1,309.5,1530,40.2,65,0,No Failure,11.399999999999977,61506.00000000001,0.6090909090909091
1,298.1,309.4,1362,47.6,70,0,No Failure,11.299999999999955,64831.200000000004,0.6704225352112676
1,298.2,309.4,1693,34.4,73,0,No Failure,11.199999999999989,58239.2,0.46486486486486484
1,298.2,309.4,1408,46.5,76,0,No Failure,11.199999999999989,65472.0,0.6038961038961039
0,298.2,309.4,1398,52.9,79,0,No Failure,11.199999999999989,73954.2,0.66125
1,298.3,309.6,1531,40.1,81,0,No Failure,11.300000000000011,61393.1,0.48902439024390243
2,298.3,309.5,1521,37.1,84,0,No Failure,11.199999999999989,56429.1,0.4364705882352941
2,298.3,309.5,1427,54.3,89,0,No Failure,11.199999999999989,77486.09999999999,0.6033333333333333
0,298.3,309.4,1546,36.1,94,0,No Failure,11.099999999999966,55810.600000000006,0.38
0,298.3,309.4,1356,45.4,96,0,No Failure,11.099999999999966,61562.4,0.46804123711340206
0,298.4,309.5,2153,15.3,98,1,Power Failure,11.100000000000023,32940.9,0.15454545454545454
1,298.5,309.6,1492,41.7,100,0,No Failure,11.100000000000023,62216.4,0.4128712871287129
0,298.5,309.6,1582,40.3,103,0,No Failure,11.100000000000023,63754.6,0.38749999999999996
0,298.5,309.6,1419,41.5,105,0,No Failure,11.100000000000023,58888.5,0.3915094339622642
1,298.5,309.6,1441,48.2,107,0,No Failure,11.100000000000023,69456.2,0.4462962962962963
1,298.6,309.7,1635,32.2,110,0,No Failure,11.099999999999966,52647.00000000001,0.2900900900900901
0,298.6,309.7,1429,45.8,113,0,No Failure,11.099999999999966,65448.2,0.40175438596491225
1,298.6,309.7,1675,28.4,115,0,No Failure,11.099999999999966,47570.0,0.24482758620689654
1,298.7,309.7,1868,23.8,118,0,No Failure,11.0,44458.4,0.2
2,298.7,309.8,1582,33.4,121,0,No Failure,11.100000000000023,52838.799999999996,0.27377049180327867
0,298.8,309.9,1486,40.3,126,0,No Failure,11.099999999999966,59885.799999999996,0.3173228346456693
0,298.7,309.8,1402,54.3,128,0,No Failure,11.100000000000023,76128.59999999999,0.4209302325581395
0,298.7,309.9,1621,34.1,130,0,No Failure,11.199999999999989,55276.100000000006,0.2603053435114504
0,298.8,309.9,1428,42.4,132,0,No Failure,11.099999999999966,60547.2,0.318796992481203
1,298.7,309.8,1343,53.6,134,0,No Failure,11.100000000000023,71984.8,0.397037037037037
1,298.7,309.9,1458,40.2,137,0,No Failure,11.199999999999989,58611.600000000006,0.291304347826087
0,298.7,309.8,1322,57.0,140,0,No Failure,11.100000000000023,75354.0,0.40425531914893614
0,298.7,309.9,1483,32.8,142,0,No Failure,11.199999999999989,48642.399999999994,0.22937062937062935
0,298.6,309.8,1505,45.7,144,0,No Failure,11.199999999999989,68778.5,0.31517241379310346
0,298.7,309.9,1593,42.5,146,0,No Failure,11.199999999999989,67702.5,0.2891156462585034
0,298.8,310.0,2098,19.6,148,0,No Failure,11.199999999999989,41120.8,0.13154362416107385
0,298.8,310.0,1672,30.4,150,0,No Failure,11.199999999999989,50828.799999999996,0.20132450331125826
0,298.8,310.0,1487,41.4,152,0,No Failure,11.199999999999989,61561.799999999996,0.27058823529411763
0,298.8,310.0,1423,42.1,154,0,No Failure,11.199999999999989,59908.3,0.27161290322580645
0,298.9,310.1,1750,25.0,156,0,No Failure,11.200000000000045,43750.0,0.1592356687898089
0,298.9,310.2,1654,31.1,158,0,No Failure,11.300000000000011,51439.4,0.19559748427672957
0,298.9,310.2,1498,50.2,160,0,No Failure,11.300000000000011,75199.6,0.31180124223602484
0,298.9,310.1,1587,30.2,162,0,No Failure,11.200000000000045,47927.4,0.1852760736196319
0,298.9,310.1,1473,42.6,164,0,No Failure,11.200000000000045,62749.8,0.2581818181818182
0,298.9,310.2,1359,56.9,166,0,No Failure,11.300000000000011,77327.09999999999,0.3407185628742515
1,299.0,310.3,1635,34.5,168,0,No Failure,11.300000000000011,56407.5,0.20414201183431951
0,299.0,310.3,1520,45.0,171,0,No Failure,11.300000000000011,68400.0,0.2616279069767442
0,299.0,310.3,1507,36.7,173,0,No Failure,11.300000000000011,55306.9,0.21091954022988507
0,299.0,310.3,1428,46.3,175,0,No Failure,11.300000000000011,66116.4,0.2630681818181818
1,299.0,310.3,1582,33.3,177,0,No Failure,11.300000000000011,52680.6,0.18707865168539325
0,299.0,310.3,1929,24.4,180,0,No Failure,11.300000000000011,47067.6,0.13480662983425415
1,299.0,310.3,1540,38.1,182,0,No Failure,11.300000000000011,58674.0,0.20819672131147543
0,298.9,310.2,1362,53.0,185,0,No Failure,11.300000000000011,72186.0,0.2849462365591398
2,298.9,310.1,1452,49.9,187,0,No Failure,11.200000000000045,72454.8,0.2654255319148936
0,298.9,310.1,1361,51.7,192,0,No Failure,11.200000000000045,70363.7,0.2678756476683938
1,298.8,310.1,1243,74.5,194,1,Power Failure,11.300000000000011,92603.5,0.382051282051282
2,298.8,310.1,1567,36.8,197,0,No Failure,11.300000000000011,57665.6,0.18585858585858583
0,298.9,310.2,1411,46.5,202,0,No Failure,11.300000000000011,65611.5,0.229064039408867
0,298.8,310.2,1814,26.8,204,0,No Failure,11.399999999999977,48615.200000000004,0.13073170731707318
1,298.8,310.1,1719,28.8,206,0,No Failure,11.300000000000011,49507.200000000004,0.1391304347826087
2,298.8,310.2,1663,30.4,209,0,No Failure,11.399999999999977,50555.2,0.14476190476190476
0,298.9,310.2,1696,30.2,214,0,No Failure,11.300000000000011,51219.2,0.14046511627906977
2,298.9,310.2,1771,26.8,216,0,No Failure,11.300000000000011,47462.8,0.12350230414746544
0,299.0,310.3,1868,24.0,221,0,No Failure,11.300000000000011,44832.0,0.10810810810810811
1,299.0,310.3,1558,35.4,223,0,No Failure,11.300000000000011,55153.2,0.15803571428571428
0,299.0,310.4,1365,49.1,226,1,Overstrain Failure,11.399999999999977,67021.5,0.21629955947136564
0,299.0,310.4,1371,53.8,228,1,Overstrain Failure,11.399999999999977,73759.8,0.23493449781659387
0,298.9,310.3,1583,32.6,230,0,No Failure,11.400000000000034,51605.8,0.14112554112554113
2,298.7,310.2,1613,36.0,0,0,No Failure,11.5,58068.0,36.0
0,298.6,310.1,1721,27.2,5,0,No Failure,11.5,46811.2,4.533333333333333
1,298.6,310.2,1668,31.5,7,0,No Failure,11.599999999999966,52542.0,3.9375
0,298.6,310.2,1569,36.3,10,0,No Failure,11.599999999999966,56954.7,3.3
1,298.6,310.2,1328,50.5,12,0,No Failure,11.599999999999966,67064.0,3.8846153846153846
1,298.6,310.1,1596,33.0,15,0,No Failure,11.5,52668.0,2.0625
0,298.5,310.2,1676,32.7,18,0,No Failure,11.699999999999989,54805.200000000004,1.7210526315789476
0,298.5,310.1,1809,28.9,20,0,No Failure,11.600000000000023,52280.1,1.3761904761904762
0,298.5,310.0,1804,26.1,22,0,No Failure,11.5,47084.4,1.1347826086956523
0,298.6,310.1,1533,33.9,24,0,No Failure,11.5,51968.7,1.3559999999999999
0,298.7,310.2,1717,27.3,26,0,No Failure,11.5,46874.1,1.011111111111111
0,298.7,310.2,1363,45.5,28,0,No Failure,11.5,62016.5,1.5689655172413792
0,298.7,310.2,1402,45.9,30,0,No Failure,11.5,64351.799999999996,1.4806451612903226
0,298.7,310.2,1436,47.5,32,0,No Failure,11.5,68210.0,1.4393939393939394
0,298.7,310.2,1525,43.7,34,0,No Failure,11.5,66642.5,1.2485714285714287
1,298.7,310.2,1598,33.3,36,0,No Failure,11.5,53213.399999999994,0.8999999999999999
1,298.6,310.1,1444,48.1,39,0,No Failure,11.5,69456.40000000001,1.2025000000000001
0,298.6,310.0,1334,48.0,42,0,No Failure,11.399999999999977,64032.0,1.1162790697674418
1,298.6,310.0,1681,35.5,44,0,No Failure,11.399999999999977,59675.5,0.7888888888888889
0,298.6,309.9,1593,37.4,47,0,No Failure,11.299999999999955,59578.2,0.7791666666666667
0,298.6,309.9,1461,45.7,49,0,No Failure,11.299999999999955,66767.7,0.914
1,298.7,310.1,1693,31.9,51,0,No Failure,11.400000000000034,54006.7,0.6134615384615384
0,298.7,310.2,1404,50.3,54,0,No Failure,11.5,70621.2,0.9145454545454544
2,298.8,310.2,1707,27.6,56,0,No Failure,11.399999999999977,47113.200000000004,0.4842105263157895
1,298.6,310.1,1458,41.9,61,0,No Failure,11.5,61090.2,0.6758064516129032
0,298.6,310.0,1517,41.2,64,0,No Failure,11.399999999999977,62500.4,0.6338461538461538
0,298.7,310.1,1433,54.6,66,0,No Failure,11.400000000000034,78241.8,0.8149253731343283
0,298.7,310.2,1566,33.1,68,0,No Failure,11.5,51834.600000000006,0.4797101449275363
0,298.7,310.1,1676,33.5,70,0,No Failure,11.400000000000034,56146.0,0.47183098591549294
1,298.7,310.1,1368,56.8,72,0,No Failure,11.400000000000034,77702.4,0.7780821917808218
1,298.8,310.2,1581,37.5,75,0,No Failure,11.399999999999977,59287.5,0.4934210526315789
2,298.8,310.3,1708,27.1,78,0,No Failure,11.5,46286.8,0.3430379746835443
1,298.7,310.3,1481,41.5,83,0,No Failure,11.600000000000023,61461.5,0.49404761904761907
0,298.7,310.3,1451,40.0,86,0,No Failure,11.600000000000023,58040.0,0.45977011494252873
1,298.7,310.3,1495,38.7,88,0,No Failure,11.600000000000023,57856.50000000001,0.43483146067415734
1,298.8,310.3,1573,41.8,91,0,No Failure,11.5,65751.4,0.4543478260869565
1,298.8,310.3,1366,59.0,94,0,No Failure,11.5,80594.0,0.6210526315789474
0,298.8,310.3,1553,36.8,97,0,No Failure,11.5,57150.399999999994,0.3755102040816326
1,298.8,310.3,1528,37.1,99,0,No Failure,11.5,56688.8,0.371
1,298.8,310.2,1527,31.2,102,0,No Failure,11.399999999999977,47642.4,0.3029126213592233
0,298.8,310.2,1461,46.7,105,0,No Failure,11.399999999999977,68228.7,0.44056603773584907
2,298.8,310.2,1455,44.9,107,0,No Failure,11.399999999999977,65329.5,0.41574074074074074
0,298.7,310.1,1620,34.8,112,0,No Failure,11.400000000000034,56375.99999999999,0.3079646017699115
0,298.7,310.1,1786,27.7,114,0,No Failure,11.400000000000034,49472.2,0.2408695652173913
1,298.8,310.2,1583,35.7,116,0,No Failure,11.399999999999977,56513.100000000006,0.30512820512820515
0,298.8,310.1,1653,30.3,119,0,No Failure,11.300000000000011,50085.9,0.2525
1,298.9,310.2,1331,49.0,121,0,No Failure,11.300000000000011,65219.0,0.4016393442622951
0,298.9,310.3,1484,43.8,124,0,No Failure,11.400000000000034,64999.2,0.3504
1,298.9,310.2,1603,36.1,126,0,No Failure,11.300000000000011,57868.3,0.284251968503937
0,298.9,310.2,1445,40.0,129,0,No Failure,11.300000000000011,57800.0,0.3076923076923077
0,298.9,310.1,1823,26.1,131,0,No Failure,11.200000000000045,47580.3,0.19772727272727275
2,298.9,310.1,1491,45.3,133,0,No Failure,11.200000000000045,67542.3,0.3380597014925373
0,298.9,310.2,1533,42.8,138,0,No Failure,11.300000000000011,65612.4,0.3079136690647482
0,298.9,310.2,1409,54.8,140,0,No Failure,11.300000000000011,77213.2,0.38865248226950355
0,298.9,310.2,2737,8.8,142,1,Power Failure,11.300000000000011,24085.600000000002,0.06153846153846154
1,299.0,310.3,1494,46.6,144,0,No Failure,11.300000000000011,69620.40000000001,0.3213793103448276
0,299.1,310.4,1594,33.3,147,0,No Failure,11.299999999999955,53080.2,0.22499999999999998
0,299.1,310.4,1527,44.0,149,0,No Failure,11.299999999999955,67188.0,0.29333333333333333
0,299.1,310.4,1452,39.7,151,0,No Failure,11.299999999999955,57644.4,0.2611842105263158
0,299.0,310.3,1483,39.2,153,0,No Failure,11.300000000000011,58133.600000000006,0.2545454545454546
0,299.1,310.2,1569,38.2,155,0,No Failure,11.099999999999966,59935.8,0.2448717948717949
0,299.1,310.3,1472,46.6,157,0,No Failure,11.199999999999989,68595.2,0.2949367088607595
0,299.0,310.2,1533,43.5,159,0,No Failure,11.199999999999989,66685.5,0.271875
2,298.9,310.1,1366,62.7,161,0,No Failure,11.200000000000045,85648.2,0.38703703703703707
2,298.9,310.2,1532,37.7,166,0,No Failure,11.300000000000011,57756.4,0.225748502994012
1,298.9,310.1,1313,56.8,171,0,No Failure,11.200000000000045,74578.4,0.3302325581395349
0,299.0,310.2,1372,48.0,174,0,No Failure,11.199999999999989,65856.0,0.2742857142857143
1,298.9,310.1,1555,40.6,176,0,No Failure,11.200000000000045,63133.0,0.22937853107344633
0,298.9,310.1,1394,42.7,179,0,No Failure,11.200000000000045,59523.8,0.23722222222222225
0,298.9,310.1,1442,48.0,181,0,No Failure,11.200000000000045,69216.0,0.26373626373626374
0,298.9,310.0,1564,33.8,183,0,No Failure,11.100000000000023,52863.2,0.18369565217391304
0,298.9,310.0,1452,48.9,185,0,No Failure,11.100000000000023,71002.8,0.2629032258064516
0,298.9,310.1,1466,42.5,187,0,No Failure,11.200000000000045,62305.0,0.22606382978723405
1,298.9,310.1,1469,53.2,189,0,No Failure,11.200000000000045,78150.8,0.28
0,298.9,310.1,1944,23.4,192,0,No Failure,11.200000000000045,45489.6,0.12124352331606217
1,298.8,309.9,1415,53.2,194,0,No Failure,11.099999999999966,75278.0,0.27282051282051284
1,298.7,309.8,1528,36.7,197,0,No Failure,11.100000000000023,56077.600000000006,0.18535353535353538
1,298.7,309.8,1570,42.1,200,0,No Failure,11.100000000000023,66097.0,0.20945273631840797
0,298.7,309.9,1617,33.0,203,0,No Failure,11.199999999999989,53361.0,0.16176470588235295
1,298.7,309.9,2083,18.2,205,0,No Failure,11.199999999999989,37910.6,0.08834951456310679
0,298.7,309.9,1541,38.5,208,0,No Failure,11.199999999999989,59328.5,0.18421052631578946
0,298.8,309.9,1320,47.4,210,0,No Failure,11.099999999999966,62568.0,0.22464454976303316
0,298.7,309.8,1354,53.3,212,1,Overstrain Failure,11.100000000000023,72168.2,0.25023474178403754
1,298.8,309.9,1495,35.2,214,0,No Failure,11.099999999999966,52624.00000000001,0.16372093023255815
0,298.7,309.8,1589,31.8,217,0,No Failure,11.100000000000023,50530.200000000004,0.14587155963302753
0,298.7,309.8,1530,35.5,0,0,No Failure,11.100000000000023,54315.0,35.5
0,298.7,309.8,1539,33.4,2,0,No Failure,11.100000000000023,51402.6,11.133333333333333
0,298.7,309.7,1462,46.8,4,0,No Failure,11.0,68421.59999999999,9.36
0,298.6,309.7,1356,54.0,6,0,No Failure,11.099999999999966,73224.0,7.714285714285714
1,298.7,309.7,1622,34.6,8,0,No Failure,11.0,56121.200000000004,3.8444444444444446
0,298.7,309.8,1394,40.3,11,0,No Failure,11.100000000000023,56178.2,3.358333333333333
0,298.8,309.9,1568,33.7,13,0,No Failure,11.099999999999966,52841.600000000006,2.4071428571428575
1,298.9,310.0,1456,43.8,15,0,No Failure,11.100000000000023,63772.799999999996,2.7375
0,298.9,310.0,1378,49.3,18,0,No Failure,11.100000000000023,67935.4,2.594736842105263
1,298.9,309.9,1404,41.4,20,0,No Failure,11.0,58125.6,1.9714285714285713
0,298.8,309.8,1437,42.8,23,0,No Failure,11.0,61503.6,1.7833333333333332
0,298.8,309.8,1363,44.0,25,0,No Failure,11.0,59972.0,1.6923076923076923
1,298.8,309.8,1377,49.6,27,0,No Failure,11.0,68299.2,1.7714285714285716
2,298.8,309.9,1526,42.1,30,0,No Failure,11.099999999999966,64244.6,1.3580645161290323
2,298.8,309.8,1510,44.2,35,0,No Failure,11.0,66742.0,1.2277777777777779
2,298.8,309.9,1439,45.2,40,1,Unknown Failure,11.099999999999966,65042.8,1.102439024390244
0,298.8,309.9,1482,39.1,45,0,No Failure,11.099999999999966,57946.200000000004,0.85
1,298.8,309.8,1534,37.0,47,0,No Failure,11.0,56758.0,0.7708333333333334
1,298.8,309.9,1741,27.7,50,0,No Failure,11.099999999999966,48225.7,0.5431372549019607
0,298.8,309.9,1550,38.8,53,0,No Failure,11.099999999999966,60139.99999999999,0.7185185185185184
1,298.8,310.0,1486,38.5,55,0,No Failure,11.199999999999989,57211.0,0.6875
0,298.9,310.1,1602,38.2,58,0,No Failure,11.200000000000045,61196.4,0.6474576271186441
0,299.0,310.2,1477,37.9,60,0,No Failure,11.199999999999989,55978.299999999996,0.621311475409836
0,299.0,310.1,1618,29.2,62,0,No Failure,11.100000000000023,47245.6,0.46349206349206346
1,299.0,310.2,1628,35.8,64,0,No Failure,11.199999999999989,58282.399999999994,0.5507692307692307
1,299.0,310.3,1662,33.6,67,0,No Failure,11.300000000000011,55843.200000000004,0.49411764705882355
1,299.0,310.3,1657,31.0,70,0,No Failure,11.300000000000011,51367.0,0.43661971830985913
2,299.0,310.4,1677,30.8,73,0,No Failure,11.399999999999977,51651.6,0.41621621621621624
1,299.0,310.3,1447,39.9,78,0,No Failure,11.300000000000011,57735.299999999996,0.5050632911392405
0,298.9,310.4,1831,25.4,81,0,No Failure,11.5,46507.399999999994,0.3097560975609756
0,299.0,310.3,1584,34.4,83,0,No Failure,11.300000000000011,54489.6,0.4095238095238095
0,299.1,310.4,1450,40.9,85,0,No Failure,11.299999999999955,59305.0,0.4755813953488372
0,299.1,310.4,1428,46.9,87,0,No Failure,11.299999999999955,66973.2,0.5329545454545455
0,299.0,310.4,1382,53.0,89,0,No Failure,11.399999999999977,73246.0,0.5888888888888889
0,299.0,310.3,1501,43.0,91,0,No Failure,11.300000000000011,64543.0,0.4673913043478261
0,299.0,310.3,1475,42.4,93,0,No Failure,11.300000000000011,62540.0,0.451063829787234
0,298.9,310.3,1364,54.0,95,0,No Failure,11.400000000000034,73656.0,0.5625
0,299.0,310.3,1472,36.1,97,0,No Failure,11.300000000000011,53139.200000000004,0.36836734693877554
0,299.0,310.3,1437,47.8,99,0,No Failure,11.300000000000011,68688.59999999999,0.478
0,298.9,310.2,1491,45.1,101,0,No Failure,11.300000000000011,67244.1,0.4421568627450981
0,298.9,310.2,1706,27.6,103,0,No Failure,11.300000000000011,47085.600000000006,0.2653846153846154
0,298.8,310.1,1607,39.5,105,0,No Failure,11.300000000000011,63476.5,0.37264150943396224
0,298.8,310.0,1412,46.3,107,0,No Failure,11.199999999999989,65375.6,0.4287037037037037
0,298.7,309.8,1546,40.9,109,0,No Failure,11.100000000000023,63231.399999999994,0.3718181818181818
0,298.7,309.8,1365,50.5,111,0,No Failure,11.100000000000023,68932.5,0.45089285714285715
0,298.6,309.8,1544,30.2,113,0,No Failure,11.199999999999989,46628.799999999996,0.2649122807017544
1,298.6,309.8,1419,44.9,115,0,No Failure,11.199999999999989,63713.1,0.38706896551724135
0,298.6,309.8,1497,41.6,118,0,No Failure,11.199999999999989,62275.200000000004,0.34957983193277314
0,298.5,309.7,1437,42.6,120,0,No Failure,11.199999999999989,61216.200000000004,0.35206611570247937
0,298.5,309.6,1421,53.6,122,0,No Failure,11.100000000000023,76165.6,0.43577235772357725
1,298.5,309.6,1438,44.5,124,0,No Failure,11.100000000000023,63991.0,0.356
1,298.5,309.5,1315,48.9,127,0,No Failure,11.0,64303.5,0.38203125
1,298.5,309.5,1366,61.9,130,0,No Failure,11.0,84555.4,0.4725190839694656
1,298.4,309.5,1519,35.4,133,0,No Failure,11.100000000000023,53772.6,0.26417910447761195
0,298.4,309.5,1692,28.3,136,0,No Failure,11.100000000000023,47883.6,0.20656934306569344
0,298.3,309.4,1570,35.6,138,0,No Failure,11.099999999999966,55892.0,0.2561151079136691
0,298.3,309.4,1568,35.8,140,0,No Failure,11.099999999999966,56134.399999999994,0.25390070921985813
0,298.2,309.3,1355,43.8,142,0,No Failure,11.100000000000023,59348.99999999999,0.3062937062937063
1,298.2,309.3,2056,18.7,144,0,No Failure,11.100000000000023,38447.2,0.1289655172413793
1,298.2,309.2,1332,60.2,147,0,No Failure,11.0,80186.40000000001,0.40675675675675677
1,298.1,309.1,1448,52.5,150,0,No Failure,11.0,76020.0,0.347682119205298
0,298.0,308.9,1578,35.6,153,0,No Failure,10.899999999999977,56176.8,0.2311688311688312
1,298.0,309.0,1562,39.2,155,0,No Failure,11.0,61230.4,0.2512820512820513
1,298.1,309.0,1976,19.3,158,0,No Failure,10.899999999999977,38136.8,0.12138364779874214
1,298.2,309.2,1524,34.6,161,0,No Failure,11.0,52730.4,0.21358024691358027
0,298.2,309.1,1429,48.5,164,0,No Failure,10.900000000000034,69306.5,0.29393939393939394
0,298.2,309.1,1568,36.3,166,0,No Failure,10.900000000000034,56918.399999999994,0.21736526946107781
1,298.2,309.0,1723,26.6,168,0,No Failure,10.800000000000011,45831.8,0.15739644970414202
0,298.2,309.0,1341,43.8,171,0,No Failure,10.800000000000011,58735.799999999996,0.25465116279069766
1,298.1,308.9,1353,46.2,173,0,No Failure,10.799999999999955,62508.600000000006,0.2655172413793104
1,298.0,308.7,1479,58.5,176,1,Power Failure,10.699999999999989,86521.5,0.3305084745762712
0,298.0,308.8,1496,44.9,179,0,No Failure,10.800000000000011,67170.4,0.24944444444444444
1,298.0,308.7,1377,48.5,181,0,No Failure,10.699999999999989,66784.5,0.2664835164835165
2,297.9,308.5,1383,44.6,184,0,No Failure,10.600000000000023,61681.8,0.2410810810810811
0,298.0,308.7,1268,69.4,189,1,Power Failure,10.699999999999989,87999.20000000001,0.36526315789473685
0,298.0,308.7,1629,34.3,191,0,No Failure,10.699999999999989,55874.7,0.1786458333333333
0,298.0,308.8,1790,27.2,193,0,No Failure,10.800000000000011,48688.0,0.1402061855670103
1,298.1,308.8,2206,16.3,195,0,No Failure,10.699999999999989,35957.8,0.08316326530612245
1,298.0,308.7,2101,17.4,198,0,No Failure,10.699999999999989,36557.399999999994,0.08743718592964823
1,298.0,308.7,1436,48.2,201,0,No Failure,10.699999999999989,69215.2,0.23861386138613863
0,298.0,308.7,1462,48.2,204,0,No Failure,10.699999999999989,70468.40000000001,0.2351219512195122
0,298.0,308.7,1771,26.2,206,0,No Failure,10.699999999999989,46400.2,0.12657004830917873
0,298.0,308.7,1506,47.0,208,0,No Failure,10.699999999999989,70782.0,0.22488038277511962
0,298.0,308.7,1626,36.7,210,0,No Failure,10.699999999999989,59674.200000000004,0.17393364928909955
0,298.0,308.8,1610,33.7,212,0,No Failure,10.800000000000011,54257.00000000001,0.15821596244131456
1,298.0,308.6,1376,55.7,214,0,No Failure,10.600000000000023,76643.2,0.2590697674418605
1,298.0,308.6,1507,37.3,217,0,No Failure,10.600000000000023,56211.1,0.17110091743119266
0,298.0,308.5,1429,37.7,220,1,Tool Wear Failure,10.5,53873.3,0.17058823529411765
1,298.1,308.7,1547,38.9,0,0,No Failure,10.599999999999966,60178.299999999996,38.9
0,298.1,308.7,1642,30.3,3,0,No Failure,10.599999999999966,49752.6,7.575
2,298.0,308.7,1503,36.3,5,0,No Failure,10.699999999999989,54558.899999999994,6.05
0,298.1,308.7,1568,32.9,10,0,No Failure,10.599999999999966,51587.2,2.9909090909090907
1,298.1,308.8,1628,37.6,12,0,No Failure,10.699999999999989,61212.8,2.8923076923076922
1,298.2,308.9,1614,35.5,15,0,No Failure,10.699999999999989,57297.0,2.21875
0,298.2,308.9,1278,54.0,18,0,No Failure,10.699999999999989,69012.0,2.8421052631578947
1,298.2,308.9,1408,38.8,20,0,No Failure,10.699999999999989,54630.399999999994,1.8476190476190475
2,298.2,309.0,1371,55.7,23,0,No Failure,10.800000000000011,76364.7,2.3208333333333333
1,298.2,308.9,1512,38.5,28,0,No Failure,10.699999999999989,58212.0,1.3275862068965518
0,298.3,309.1,1472,40.1,31,0,No Failure,10.800000000000011,59027.200000000004,1.253125
1,298.2,308.9,1585,34.3,33,0,No Failure,10.699999999999989,54365.49999999999,1.0088235294117647
2,298.2,309.0,1562,37.7,36,0,No Failure,10.800000000000011,58887.4,1.018918918918919
0,298.3,309.0,1519,36.9,41,0,No Failure,10.699999999999989,56051.1,0.8785714285714286
0,298.2,309.0,1601,35.8,43,0,No Failure,10.800000000000011,57315.799999999996,0.8136363636363636
0,298.2,309.0,2449,13.8,45,0,No Failure,10.800000000000011,33796.200000000004,0.3
0,298.1,309.0,1787,27.6,47,0,No Failure,10.899999999999977,49321.200000000004,0.5750000000000001
2,298.1,309.1,1425,44.5,49,0,No Failure,11.0,63412.5,0.89
0,298.1,309.0,1559,34.0,54,0,No Failure,10.899999999999977,53006.0,0.6181818181818182
0,298.1,309.0,1557,36.0,56,0,No Failure,10.899999999999977,56052.0,0.631578947368421
0,298.1,309.0,1497,40.5,58,0,No Failure,10.899999999999977,60628.5,0.6864406779661016
2,298.1,309.0,1438,41.4,60,0,No Failure,10.899999999999977,59533.2,0.6786885245901639
1,298.1,308.9,1417,39.2,65,0,No Failure,10.799999999999955,55546.4,0.593939393939394
1,298.0,308.9,1339,51.4,68,0,No Failure,10.899999999999977,68824.59999999999,0.744927536231884
0,298.0,308.8,1757,29.1,71,0,No Failure,10.800000000000011,51128.700000000004,0.4041666666666667
0,298.0,308.8,1581,36.1,73,0,No Failure,10.800000000000011,57074.100000000006,0.48783783783783785
1,298.2,308.9,1326,54.4,75,0,No Failure,10.699999999999989,72134.4,0.7157894736842105
1,298.4,309.1,1467,39.6,78,0,No Failure,10.700000000000045,58093.200000000004,0.5012658227848101
0,298.4,309.1,1798,29.6,81,0,No Failure,10.700000000000045,53220.8,0.3609756097560976
1,298.5,309.2,1449,46.4,83,0,No Failure,10.699999999999989,67233.59999999999,0.5523809523809524
1,298.4,309.1,1525,39.3,86,0,No Failure,10.700000000000045,59932.49999999999,0.45172413793103444
0,298.4,309.0,2304,15.1,89,0,No Failure,10.600000000000023,34790.4,0.16777777777777778
0,298.3,308.9,1379,54.7,91,0,No Failure,10.599999999999966,75431.3,0.5945652173913044
0,298.4,308.9,1628,34.9,93,0,No Failure,10.5,56817.2,0.37127659574468086
0,298.4,309.0,1474,52.7,95,0,No Failure,10.600000000000023,77679.8,0.5489583333333333
1,298.4,309.0,1544,38.8,97,0,No Failure,10.600000000000023,59907.2,0.39591836734693875
0,298.4,308.9,1391,48.4,100,0,No Failure,10.5,67324.4,0.4792079207920792
0,298.3,308.9,1348,55.5,102,0,No Failure,10.599999999999966,74814.0,0.5388349514563107
1,298.3,308.8,1349,52.1,104,0,No Failure,10.5,70282.90000000001,0.4961904761904762
0,298.4,308.9,1706,29.5,107,0,No Failure,10.5,50327.0,0.27314814814814814
0,298.4,308.9,1638,32.4,109,0,No Failure,10.5,53071.2,0.29454545454545455
0,298.4,308.8,1458,40.1,111,0,No Failure,10.400000000000034,58465.8,0.3580357142857143
0,298.5,308.9,1781,27.8,113,0,No Failure,10.399999999999977,49511.8,0.24385964912280703
0,298.5,308.8,1332,59.1,115,0,No Failure,10.300000000000011,78721.2,0.5094827586206897
1,298.4,308.7,1584,31.7,117,0,No Failure,10.300000000000011,50212.799999999996,0.26864406779661015
0,298.4,308.6,1491,42.0,120,0,No Failure,10.200000000000045,62622.0,0.34710743801652894
2,298.4,308.5,1398,47.1,122,0,No Failure,10.100000000000023,65845.8,0.3829268292682927
0,298.3,308.4,1585,30.6,127,0,No Failure,10.099999999999966,48501.0,0.2390625
1,298.2,308.3,1476,43.5,129,0,No Failure,10.100000000000023,64206.0,0.3346153846153846
0,298.2,308.3,1458,41.8,132,0,No Failure,10.100000000000023,60944.399999999994,0.3142857142857143
1,298.2,308.4,1510,39.9,134,0,No Failure,10.199999999999989,60249.0,0.29555555555555557
0,298.2,308.4,1388,53.8,137,0,No Failure,10.199999999999989,74674.4,0.3898550724637681
0,298.2,308.3,2216,16.8,139,0,No Failure,10.100000000000023,37228.8,0.12000000000000001
0,298.2,308.3,1402,51.0,141,0,No Failure,10.100000000000023,71502.0,0.3591549295774648
1,298.0,308.2,2090,19.0,143,0,No Failure,10.199999999999989,39710.0,0.13194444444444445
0,298.0,308.2,1459,42.1,146,0,No Failure,10.199999999999989,61423.9,0.2863945578231293
1,298.0,308.1,1403,44.8,148,0,No Failure,10.100000000000023,62854.399999999994,0.3006711409395973
0,298.1,308.2,1521,39.3,151,0,No Failure,10.099999999999966,59775.299999999996,0.25855263157894737
0,298.2,308.2,1407,47.1,153,0,No Failure,10.0,66269.7,0.30584415584415586
1,298.1,308.2,1654,35.3,155,0,No Failure,10.099999999999966,58386.2,0.22628205128205126
0,298.2,308.4,1452,43.5,158,0,No Failure,10.199999999999989,63162.0,0.27358490566037735
0,298.3,308.4,1528,37.3,160,0,No Failure,10.099999999999966,56994.399999999994,0.23167701863354034
0,298.2,308.3,1230,59.6,162,0,No Failure,10.100000000000023,73308.0,0.3656441717791411
0,298.2,308.2,1466,42.4,164,0,No Failure,10.0,62158.4,0.25696969696969696
0,298.2,308.2,1478,50.1,166,0,No Failure,10.0,74047.8,0.3
0,298.2,308.3,2057,18.0,168,0,No Failure,10.100000000000023,37026.0,0.10650887573964497
0,298.3,308.4,1490,41.7,170,0,No Failure,10.099999999999966,62133.00000000001,0.24385964912280703
0,298.3,308.4,1484,43.4,172,0,No Failure,10.099999999999966,64405.6,0.2508670520231214
0,298.3,308.4,1593,37.0,174,0,No Failure,10.099999999999966,58941.0,0.21142857142857144
0,298.3,308.3,1444,43.8,176,0,No Failure,10.0,63247.2,0.24745762711864405
1,298.3,308.4,1444,47.5,178,0,No Failure,10.099999999999966,68590.0,0.26536312849162014
1,298.2,308.3,1560,33.0,181,0,No Failure,10.100000000000023,51480.0,0.1813186813186813
2,298.1,308.3,1530,42.0,184,0,No Failure,10.199999999999989,64260.0,0.22702702702702704
0,298.2,308.4,1310,61.0,189,1,Overstrain Failure,10.199999999999989,79910.0,0.32105263157894737
1,298.2,308.3,1639,33.3,191,0,No Failure,10.100000000000023,54578.7,0.1734375
0,298.2,308.3,1400,48.7,194,0,No Failure,10.100000000000023,68180.0,0.24974358974358976
1,298.3,308.4,1486,44.2,196,0,No Failure,10.099999999999966,65681.2,0.22436548223350256
1,298.2,308.3,1448,43.3,199,0,No Failure,10.100000000000023,62698.399999999994,0.2165
0,298.2,308.3,1688,32.0,202,0,No Failure,10.100000000000023,54016.0,0.15763546798029557
1,298.1,308.3,1453,41.5,204,0,No Failure,10.199999999999989,60299.5,0.20243902439024392
0,298.2,308.4,1497,37.7,207,0,No Failure,10.199999999999989,56436.9,0.18125000000000002
0,298.2,308.4,1355,49.4,209,0,No Failure,10.199999999999989,66937.0,0.23523809523809522
0,298.1,308.4,1592,38.2,211,0,No Failure,10.299999999999955,60814.4,0.18018867924528303
0,298.0,308.3,1544,34.7,213,0,No Failure,10.300000000000011,53576.8,0.16214953271028038
1,298.0,308.2,1373,51.2,215,0,No Failure,10.199999999999989,70297.6,0.23703703703703705
0,298.0,308.2,1365,52.9,218,1,Overstrain Failure,10.199999999999989,72208.5,0.2415525114155251
0,298.0,308.1,1877,24.3,0,0,No Failure,10.100000000000023,45611.1,24.3
0,297.9,308.1,1531,40.8,2,0,No Failure,10.200000000000045,62464.799999999996,13.6
0,297.9,308.0,1501,36.7,4,0,No Failure,10.100000000000023,55086.700000000004,7.340000000000001
0,297.9,308.0,1490,46.2,6,0,No Failure,10.100000000000023,68838.0,6.6000000000000005
1,297.8,307.8,1543,43.7,8,0,No Failure,10.0,67429.1,4.855555555555556
0,297.8,307.8,1597,38.2,11,0,No Failure,10.0,61005.4,3.1833333333333336
2,297.8,307.9,1600,33.5,13,0,No Failure,10.099999999999966,53600.0,2.392857142857143
1,297.8,307.8,1622,32.1,18,0,No Failure,10.0,52066.200000000004,1.6894736842105265
0,297.8,307.8,1452,39.8,21,0,No Failure,10.0,57789.6,1.8090909090909089
0,297.8,307.8,1396,42.5,23,0,No Failure,10.0,59330.0,1.7708333333333333
0,297.8,307.7,1505,39.7,25,0,No Failure,9.899999999999977,59748.50000000001,1.526923076923077
0,297.8,307.8,1412,48.3,27,0,No Failure,10.0,68199.59999999999,1.7249999999999999
0,297.8,307.7,1393,38.0,29,0,No Failure,9.899999999999977,52934.0,1.2666666666666666
0,297.7,307.7,1581,34.9,31,0,No Failure,10.0,55176.899999999994,1.090625
0,297.8,307.8,1573,37.9,33,0,No Failure,10.0,59616.7,1.1147058823529412
1,297.8,307.9,1726,27.3,35,0,No Failure,10.099999999999966,47119.8,0.7583333333333333
1,297.9,307.9,1540,39.8,38,0,No Failure,10.0,61291.99999999999,1.0205128205128204
0,297.9,308.0,1296,62.9,41,0,No Failure,10.100000000000023,81518.4,1.4976190476190476
1,297.8,307.9,1802,25.8,43,0,No Failure,10.099999999999966,46491.6,0.5863636363636364
0,297.8,307.9,1447,48.6,46,0,No Failure,10.099999999999966,70324.2,1.0340425531914894
2,297.8,307.8,1662,30.7,48,0,No Failure,10.0,51023.4,0.6265306122448979
0,297.8,307.8,1563,34.3,53,0,No Failure,10.0,53610.899999999994,0.6351851851851852
0,297.9,307.8,1286,59.5,55,0,No Failure,9.900000000000034,76517.0,1.0625
0,297.9,307.7,1590,34.6,57,0,No Failure,9.800000000000011,55014.0,0.596551724137931
0,297.9,307.7,1492,43.7,59,0,No Failure,9.800000000000011,65200.4,0.7283333333333334
0,297.7,307.6,1844,21.9,61,0,No Failure,9.900000000000034,40383.6,0.3532258064516129
2,297.7,307.6,1538,38.3,63,0,No Failure,9.900000000000034,58905.399999999994,0.5984375
0,297.7,307.6,1921,22.9,68,0,No Failure,9.900000000000034,43990.899999999994,0.33188405797101445
1,297.8,307.8,1310,57.9,70,0,No Failure,10.0,75849.0,0.8154929577464789
0,297.9,307.8,1365,46.9,73,0,No Failure,9.900000000000034,64018.5,0.6337837837837837
1,297.9,307.8,1303,59.3,75,0,No Failure,9.900000000000034,77267.9,0.7802631578947368
0,297.9,307.8,1499,37.5,78,0,No Failure,9.900000000000034,56212.5,0.47468354430379744
0,297.9,307.8,1451,38.2,80,0,No Failure,9.900000000000034,55428.200000000004,0.471604938271605
1,297.9,307.9,1336,54.4,82,0,No Failure,10.0,72678.4,0.655421686746988
0,297.9,307.9,1412,44.5,85,0,No Failure,10.0,62834.0,0.5174418604651163
0,298.0,308.0,1433,39.2,87,0,No Failure,10.0,56173.600000000006,0.4454545454545455
0,297.9,307.9,1426,43.6,89,0,No Failure,10.0,62173.6,0.48444444444444446
0,297.9,307.9,1476,45.2,91,0,No Failure,10.0,66715.2,0.491304347826087
2,297.9,307.9,1406,58.5,93,0,No Failure,10.0,82251.0,0.6223404255319149
0,297.8,307.8,1383,56.5,98,0,No Failure,10.0,78139.5,0.5707070707070707
0,297.9,307.8,1505,37.3,100,0,No Failure,9.900000000000034,56136.49999999999,0.3693069306930693
0,297.9,307.8,1665,33.9,102,0,No Failure,9.900000000000034,56443.5,0.329126213592233
0,297.9,307.8,1397,45.0,104,0,No Failure,9.900000000000034,62865.0,0.42857142857142855
1,297.9,307.8,1450,43.5,106,0,No Failure,9.900000000000034,63075.0,0.40654205607476634
0,298.0,307.8,1567,36.4,109,0,No Failure,9.800000000000011,57038.799999999996,0.3309090909090909
1,298.0,308.0,1555,37.0,111,0,No Failure,10.0,57535.0,0.33035714285714285
2,298.0,307.8,1588,35.4,114,0,No Failure,9.800000000000011,56215.2,0.30782608695652175
0,298.0,307.8,1453,37.7,119,0,No Failure,9.800000000000011,54778.100000000006,0.3141666666666667
0,298.0,307.8,1622,33.3,121,0,No Failure,9.800000000000011,54012.6,0.27295081967213114
0,297.9,307.8,1538,38.5,123,0,No Failure,9.900000000000034,59213.0,0.31048387096774194
1,297.9,307.7,1527,42.8,125,0,No Failure,9.800000000000011,65355.6,0.33968253968253964
0,297.8,307.8,1761,28.9,128,0,No Failure,10.0,50892.899999999994,0.22403100775193796
0,297.9,307.8,1373,50.2,130,0,No Failure,9.900000000000034,68924.6,0.38320610687022905
2,298.0,307.9,1482,37.8,132,0,No Failure,9.899999999999977,56019.6,0.28421052631578947
1,298.0,307.9,1417,51.0,137,0,No Failure,9.899999999999977,72267.0,0.3695652173913043
0,298.0,307.8,1414,51.7,140,0,No Failure,9.800000000000011,73103.8,0.3666666666666667
2,297.9,307.8,1635,34.0,142,0,No Failure,9.900000000000034,55590.0,0.23776223776223776
0,298.0,307.8,1386,57.3,147,0,No Failure,9.800000000000011,79417.8,0.38716216216216215
0,298.2,308.1,1379,62.3,149,0,No Failure,9.900000000000034,85911.7,0.41533333333333333
1,298.2,308.0,1577,35.9,151,0,No Failure,9.800000000000011,56614.299999999996,0.23618421052631577
0,298.2,308.1,1532,42.5,154,0,No Failure,9.900000000000034,65110.0,0.27419354838709675
1,298.1,308.0,1374,48.8,156,0,No Failure,9.899999999999977,67051.2,0.310828025477707
2,298.1,308.0,1570,35.3,159,0,No Failure,9.899999999999977,55420.99999999999,0.220625
0,298.1,308.0,1697,31.0,164,0,No Failure,9.899999999999977,52607.0,0.18787878787878787
0,298.2,308.0,1499,44.1,166,0,No Failure,9.800000000000011,66105.90000000001,0.26407185628742513
1,298.2,308.0,1411,47.2,168,0,No Failure,9.800000000000011,66599.2,0.27928994082840236
2,298.2,307.9,1462,45.5,171,0,No Failure,9.699999999999989,66521.0,0.26453488372093026
1,298.1,307.9,1759,28.6,176,0,No Failure,9.799999999999955,50307.4,0.16158192090395482
0,298.2,308.0,1535,38.0,179,0,No Failure,9.800000000000011,58330.0,0.2111111111111111
2,298.2,307.9,1491,39.7,181,0,No Failure,9.699999999999989,59192.700000000004,0.21813186813186813
0,298.2,307.9,1551,36.0,186,0,No Failure,9.699999999999989,55836.0,0.1925133689839572
0,298.2,307.9,1769,27.2,188,0,No Failure,9.699999999999989,48116.799999999996,0.1439153439153439
0,298.2,307.9,1551,34.1,190,0,No Failure,9.699999999999989,52889.100000000006,0.17853403141361257
0,298.2,307.9,1544,31.4,192,0,No Failure,9.699999999999989,48481.6,0.16269430051813472
0,298.2,307.8,1528,31.1,194,0,No Failure,9.600000000000023,47520.8,0.1594871794871795
0,298.1,307.9,1614,35.8,196,0,No Failure,9.799999999999955,57781.2,0.18172588832487307
0,298.1,307.8,1432,49.8,198,0,No Failure,9.699999999999989,71313.59999999999,0.25025125628140704
1,298.1,307.8,1384,43.7,200,0,No Failure,9.699999999999989,60480.8,0.2174129353233831
0,298.1,307.8,1540,37.8,203,0,No Failure,9.699999999999989,58211.99999999999,0.1852941176470588
0,298.0,307.7,1407,43.9,205,0,No Failure,9.699999999999989,61767.299999999996,0.21310679611650485
2,297.9,307.6,1418,43.0,207,0,No Failure,9.700000000000045,60974.0,0.20673076923076922
1,297.9,307.5,1647,30.8,212,0,No Failure,9.600000000000023,50727.6,0.14460093896713616
0,298.0,307.5,1644,32.8,215,0,No Failure,9.5,53923.2,0.15185185185185185
0,298.0,307.5,1792,27.9,217,0,No Failure,9.5,49996.799999999996,0.12798165137614678
1,297.9,307.4,1610,34.6,219,0,No Failure,9.5,55706.0,0.1572727272727273
1,297.8,307.3,1804,26.0,222,0,No Failure,9.5,46904.0,0.11659192825112108
2,297.9,307.4,1604,36.1,225,1,Tool Wear Failure,9.5,57904.4,0.1597345132743363
1,297.9,307.4,1403,52.8,0,0,No Failure,9.5,74078.4,52.8
0,297.8,307.3,1438,44.5,3,0,No Failure,9.5,63991.0,11.125
0,297.9,307.3,1824,26.3,5,0,No Failure,9.400000000000034,47971.200000000004,4.383333333333334
2,297.9,307.3,1663,28.7,7,0,No Failure,9.400000000000034,47728.1,3.5875
0,297.9,307.3,1502,36.7,12,0,No Failure,9.400000000000034,55123.4,2.8230769230769233
0,297.9,307.4,1606,35.5,14,0,No Failure,9.5,57013.0,2.3666666666666667
0,297.9,307.5,1561,37.7,16,0,No Failure,9.600000000000023,58849.700000000004,2.2176470588235295
1,297.9,307.4,1435,42.9,18,0,No Failure,9.5,61561.5,2.2578947368421054
0,297.9,307.5,1602,38.3,21,0,No Failure,9.600000000000023,61356.6,1.7409090909090907
1,298.1,307.6,1764,27.7,23,0,No Failure,9.5,48862.799999999996,1.1541666666666666
2,298.0,307.5,1683,27.8,26,0,No Failure,9.5,46787.4,1.0296296296296297
0,298.0,307.5,1618,35.2,31,0,No Failure,9.5,56953.600000000006,1.1
0,298.0,307.6,1509,41.6,33,0,No Failure,9.600000000000023,62774.4,1.223529411764706
0,297.9,307.6,1550,39.0,35,0,No Failure,9.700000000000045,60450.0,1.0833333333333333
1,297.9,307.6,1519,44.0,37,0,No Failure,9.700000000000045,66836.0,1.1578947368421053
0,297.9,307.6,1481,38.0,40,0,No Failure,9.700000000000045,56278.0,0.926829268292683
0,298.1,307.7,1289,48.3,42,0,No Failure,9.599999999999966,62258.7,1.1232558139534883
1,298.0,307.6,1844,23.8,44,0,No Failure,9.600000000000023,43887.200000000004,0.5288888888888889
0,298.0,307.7,1479,42.5,47,0,No Failure,9.699999999999989,62857.5,0.8854166666666666
0,298.0,307.7,1430,47.3,49,0,No Failure,9.699999999999989,67639.0,0.946
1,298.1,307.8,1636,36.7,51,0,No Failure,9.699999999999989,60041.200000000004,0.7057692307692308
1,298.1,307.8,1503,44.7,54,0,No Failure,9.699999999999989,67184.1,0.8127272727272727
1,298.1,307.8,1608,32.6,57,0,No Failure,9.699999999999989,52420.8,0.5620689655172414
0,298.2,307.8,1521,42.9,60,0,No Failure,9.600000000000023,65250.9,0.7032786885245902
0,298.2,307.8,1439,41.6,62,0,No Failure,9.600000000000023,59862.4,0.6603174603174603
0,298.2,307.8,1627,31.5,64,0,No Failure,9.600000000000023,51250.5,0.4846153846153846
0,298.2,307.8,1749,26.1,66,0,No Failure,9.600000000000023,45648.9,0.3895522388059702
0,298.2,307.8,1530,35.9,68,0,No Failure,9.600000000000023,54927.0,0.5202898550724637
0,298.2,307.8,1355,51.3,70,0,No Failure,9.600000000000023,69511.5,0.7225352112676056
0,298.3,307.9,1551,33.8,72,0,No Failure,9.599999999999966,52423.799999999996,0.46301369863013697
0,298.2,307.8,1515,46.7,74,0,No Failure,9.600000000000023,70750.5,0.6226666666666667
0,298.2,307.8,1388,48.6,76,0,No Failure,9.600000000000023,67456.8,0.6311688311688312
0,298.2,307.8,1585,34.6,78,0,No Failure,9.600000000000023,54841.0,0.4379746835443038
0,298.1,307.7,1523,37.7,80,0,No Failure,9.599999999999966,57417.100000000006,0.4654320987654321
0,298.2,307.6,1369,54.5,82,0,No Failure,9.400000000000034,74610.5,0.6566265060240963
1,298.2,307.7,1681,31.0,84,0,No Failure,9.5,52111.0,0.36470588235294116
0,298.2,307.7,1503,38.3,87,0,No Failure,9.5,57564.899999999994,0.4352272727272727
0,298.2,307.7,1459,44.5,89,0,No Failure,9.5,64925.5,0.49444444444444446
0,298.2,307.7,1688,32.4,91,0,No Failure,9.5,54691.2,0.3521739130434782
1,298.2,307.7,1952,21.6,93,0,No Failure,9.5,42163.200000000004,0.22978723404255322
0,298.2,307.8,2029,19.9,96,0,No Failure,9.600000000000023,40377.1,0.20515463917525772
1,298.3,307.8,1457,52.5,98,0,No Failure,9.5,76492.5,0.5303030303030303
1,298.3,307.8,1392,50.4,101,0,No Failure,9.5,70156.8,0.4941176470588235
0,298.3,307.8,1906,22.1,104,0,No Failure,9.5,42122.600000000006,0.21047619047619048
1,298.3,307.7,1602,33.4,106,0,No Failure,9.399999999999977,53506.799999999996,0.31214953271028034
0,298.3,307.7,1465,49.4,109,0,No Failure,9.399999999999977,72371.0,0.4490909090909091
1,298.3,307.7,1439,43.8,111,0,No Failure,9.399999999999977,63028.2,0.39107142857142857
1,298.3,307.8,1330,55.4,114,0,No Failure,9.5,73682.0,0.4817391304347826
1,298.3,307.9,1485,42.0,117,0,No Failure,9.599999999999966,62370.0,0.3559322033898305
2,298.4,307.9,1700,28.2,120,0,No Failure,9.5,47940.0,0.2330578512396694
0,298.4,308.0,1515,42.8,125,0,No Failure,9.600000000000023,64841.99999999999,0.33968253968253964
1,298.5,308.1,1501,39.2,127,0,No Failure,9.600000000000023,58839.200000000004,0.30625
0,298.4,308.0,1380,47.6,130,0,No Failure,9.600000000000023,65688.0,0.3633587786259542
0,298.4,307.9,1544,35.9,132,0,No Failure,9.5,55429.6,0.2699248120300752
0,298.4,307.9,1743,27.3,134,0,No Failure,9.5,47583.9,0.20222222222222222
2,298.4,307.9,1948,21.4,136,0,No Failure,9.5,41687.2,0.15620437956204378
2,298.5,307.9,1260,54.2,141,0,No Failure,9.399999999999977,68292.0,0.38169014084507047
1,298.5,307.9,1640,33.1,146,0,No Failure,9.399999999999977,54284.0,0.2251700680272109
1,298.5,308.0,1363,49.2,149,0,No Failure,9.5,67059.6,0.328
0,298.5,308.0,1379,49.6,152,0,No Failure,9.5,68398.40000000001,0.3241830065359477
1,298.5,308.0,1713,25.8,154,0,No Failure,9.5,44195.4,0.1664516129032258
1,298.5,308.0,1461,51.9,157,0,No Failure,9.5,75825.9,0.3284810126582278
0,298.5,308.0,1624,29.8,160,0,No Failure,9.5,48395.200000000004,0.18509316770186335
0,298.4,308.0,1526,41.1,162,0,No Failure,9.600000000000023,62718.6,0.25214723926380367
0,298.4,307.9,2381,14.2,164,0,No Failure,9.5,33810.2,0.08606060606060606
2,298.4,307.7,1626,31.1,166,0,No Failure,9.300000000000011,50568.600000000006,0.18622754491017965
0,298.3,307.7,1576,33.8,171,0,No Failure,9.399999999999977,53268.799999999996,0.19651162790697674
1,298.4,307.8,1617,31.6,173,0,No Failure,9.400000000000034,51097.200000000004,0.18160919540229886
0,298.3,307.6,1942,20.6,176,0,No Failure,9.300000000000011,40005.200000000004,0.11638418079096045
0,298.2,307.6,1492,37.2,178,0,No Failure,9.400000000000034,55502.4,0.20782122905027933
0,298.2,307.5,1470,51.3,180,0,No Failure,9.300000000000011,75411.0,0.28342541436464086
1,298.0,307.4,1463,46.5,182,0,No Failure,9.399999999999977,68029.5,0.2540983606557377
0,298.0,307.3,1424,46.5,185,0,No Failure,9.300000000000011,66216.0,0.25
1,298.1,307.4,1363,60.1,187,0,No Failure,9.299999999999955,81916.3,0.3196808510638298
1,298.1,307.4,1335,56.2,190,0,No Failure,9.299999999999955,75027.0,0.2942408376963351
0,298.1,307.4,1608,33.9,193,0,No Failure,9.299999999999955,54511.2,0.1747422680412371
2,298.0,307.4,1606,35.2,195,0,No Failure,9.399999999999977,56531.200000000004,0.1795918367346939
0,298.1,307.5,1684,33.1,200,0,No Failure,9.399999999999977,55740.4,0.1646766169154229
0,298.1,307.6,1950,20.3,202,0,No Failure,9.5,39585.0,0.1
2,298.2,307.6,1460,48.6,204,0,No Failure,9.400000000000034,70956.0,0.23707317073170733
0,298.2,307.6,1511,31.0,209,1,Tool Wear Failure,9.400000000000034,46841.0,0.14761904761904762
2,298.2,307.6,1318,55.7,0,0,No Failure,9.400000000000034,73412.6,55.7
0,298.2,307.6,1368,51.8,5,0,No Failure,9.400000000000034,70862.4,8.633333333333333
1,298.3,307.7,1717,27.1,7,0,No Failure,9.399999999999977,46530.700000000004,3.3875
1,298.3,307.7,1520,41.4,10,0,No Failure,9.399999999999977,62928.0,3.7636363636363637
1,298.3,307.8,1485,42.0,13,0,No Failure,9.5,62370.0,3.0
0,298.4,307.9,1981,23.2,16,0,No Failure,9.5,45959.2,1.3647058823529412
2,298.4,307.9,1605,31.0,18,0,No Failure,9.5,49755.0,1.631578947368421
0,298.4,307.9,1446,45.3,23,0,No Failure,9.5,65503.799999999996,1.8875
0,298.4,308.0,1508,47.9,25,0,No Failure,9.600000000000023,72233.2,1.8423076923076922
0,298.5,308.0,1384,59.5,27,0,No Failure,9.5,82348.0,2.125
1,298.5,308.0,1519,37.3,29,0,No Failure,9.5,56658.7,1.2433333333333332
0,298.5,308.0,1404,48.1,32,0,No Failure,9.5,67532.40000000001,1.4575757575757575
0,298.5,308.1,1564,31.1,34,0,No Failure,9.600000000000023,48640.4,0.8885714285714286
2,298.6,308.2,1555,36.8,36,0,No Failure,9.599999999999966,57223.99999999999,0.9945945945945945
0,298.6,308.2,1325,54.0,41,0,No Failure,9.599999999999966,71550.0,1.2857142857142858
1,298.6,308.2,1488,44.0,43,0,No Failure,9.599999999999966,65472.0,1.0
0,298.5,308.2,1595,32.3,46,0,No Failure,9.699999999999989,51518.49999999999,0.6872340425531914
0,298.5,308.1,1662,28.6,48,0,No Failure,9.600000000000023,47533.200000000004,0.5836734693877551
0,298.4,308.0,1571,37.4,50,0,No Failure,9.600000000000023,58755.399999999994,0.7333333333333333
2,298.3,308.0,1553,41.0,52,0,No Failure,9.699999999999989,63673.0,0.7735849056603774
0,298.3,308.0,2886,3.8,57,1,Power Failure,9.699999999999989,10966.8,0.06551724137931034
0,298.2,308.0,1538,38.2,59,0,No Failure,9.800000000000011,58751.600000000006,0.6366666666666667
0,298.4,308.2,1618,33.0,61,0,No Failure,9.800000000000011,53394.0,0.532258064516129
0,298.4,308.2,1364,45.9,63,0,No Failure,9.800000000000011,62607.6,0.7171875
0,298.3,308.0,1442,47.3,65,0,No Failure,9.699999999999989,68206.59999999999,0.7166666666666667
0,298.2,307.9,1313,67.3,67,1,Power Failure,9.699999999999989,88364.9,0.9897058823529411
0,298.2,307.9,1847,23.6,69,0,No Failure,9.699999999999989,43589.200000000004,0.3371428571428572
0,298.1,307.8,1524,40.8,71,0,No Failure,9.699999999999989,62179.2,0.5666666666666667
1,298.1,307.7,1445,48.0,73,0,No Failure,9.599999999999966,69360.0,0.6486486486486487
0,298.1,307.8,1761,28.2,76,0,No Failure,9.699999999999989,49660.2,0.36623376623376624
1,298.1,307.8,1514,43.5,78,0,No Failure,9.699999999999989,65859.0,0.5506329113924051
1,298.1,307.7,1498,38.3,81,0,No Failure,9.599999999999966,57373.399999999994,0.4670731707317073
2,298.1,307.6,1542,37.1,84,0,No Failure,9.5,57208.200000000004,0.4364705882352941
1,298.0,307.6,1508,41.8,89,0,No Failure,9.600000000000023,63034.399999999994,0.46444444444444444
1,298.0,307.5,1431,52.9,92,0,No Failure,9.5,75699.9,0.5688172043010753
1,298.0,307.5,1427,45.1,95,0,No Failure,9.5,64357.700000000004,0.46979166666666666
1,298.0,307.5,1524,36.3,98,0,No Failure,9.5,55321.2,0.36666666666666664
1,298.0,307.5,1427,43.6,101,0,No Failure,9.5,62217.200000000004,0.4274509803921569
2,298.1,307.6,1496,44.1,104,0,No Failure,9.5,65973.6,0.42000000000000004
0,298.1,307.7,1388,40.3,109,0,No Failure,9.599999999999966,55936.399999999994,0.36636363636363634
0,298.1,307.7,1495,48.1,111,0,No Failure,9.599999999999966,71909.5,0.42946428571428574
2,298.1,307.7,1376,56.2,113,0,No Failure,9.599999999999966,77331.2,0.4929824561403509
2,298.0,307.6,1593,32.2,118,0,No Failure,9.600000000000023,51294.600000000006,0.2705882352941177
0,298.0,307.6,1654,28.9,123,0,No Failure,9.600000000000023,47800.6,0.23306451612903226
0,298.1,307.7,2567,12.8,125,1,Power Failure,9.599999999999966,32857.6,0.10158730158730159
0,298.1,307.7,1767,27.0,127,0,No Failure,9.599999999999966,47709.0,0.2109375
0,298.1,307.6,1364,53.8,129,0,No Failure,9.5,73383.2,0.4138461538461538
1,298.1,307.8,1569,31.2,131,0,No Failure,9.699999999999989,48952.799999999996,0.23636363636363636
0,298.2,307.8,1476,36.8,134,0,No Failure,9.600000000000023,54316.799999999996,0.27259259259259255
0,298.1,307.7,1479,45.0,136,0,No Failure,9.599999999999966,66555.0,0.3284671532846715
0,298.1,307.7,1650,34.1,138,0,No Failure,9.599999999999966,56265.0,0.24532374100719426
1,298.1,307.6,1565,36.3,140,0,No Failure,9.5,56809.49999999999,0.2574468085106383
0,298.1,307.6,1460,46.5,143,0,No Failure,9.5,67890.0,0.3229166666666667
0,298.1,307.7,1664,27.6,145,0,No Failure,9.599999999999966,45926.4,0.18904109589041096
1,298.1,307.7,1435,40.9,147,0,No Failure,9.599999999999966,58691.5,0.27635135135135136
1,298.1,307.6,2066,19.2,150,0,No Failure,9.5,39667.2,0.1271523178807947
0,298.1,307.5,1493,43.7,153,0,No Failure,9.399999999999977,65244.100000000006,0.2837662337662338
0,298.1,307.6,1354,43.3,155,0,No Failure,9.5,58628.2,0.2775641025641025
0,298.1,307.6,1488,39.4,157,0,No Failure,9.5,58627.2,0.24936708860759493
0,298.1,307.7,1414,48.7,159,0,No Failure,9.599999999999966,68861.8,0.304375
0,298.1,307.5,1391,57.4,161,0,No Failure,9.399999999999977,79843.4,0.35432098765432096
1,298.0,307.5,1784,27.8,163,0,No Failure,9.5,49595.200000000004,0.16951219512195123
2,297.8,307.3,1516,40.1,166,0,No Failure,9.5,60791.6,0.24011976047904193
1,297.9,307.3,1420,47.8,171,0,No Failure,9.400000000000034,67876.0,0.277906976744186
0,297.8,307.2,1351,56.3,174,0,No Failure,9.399999999999977,76061.3,0.3217142857142857
0,297.8,307.2,1880,23.0,176,0,No Failure,9.399999999999977,43240.0,0.12994350282485875
0,297.8,307.3,1859,24.0,178,0,No Failure,9.5,44616.0,0.1340782122905028
1,297.8,307.3,1315,54.0,180,0,No Failure,9.5,71010.0,0.2983425414364641
1,297.8,307.4,1330,51.7,183,0,No Failure,9.599999999999966,68761.0,0.28097826086956523
0,297.8,307.3,1327,61.0,186,1,Overstrain Failure,9.5,80947.0,0.32620320855614976
0,297.8,307.2,1498,38.1,188,0,No Failure,9.399999999999977,57073.8,0.2015873015873016
2,297.8,307.3,1555,35.8,190,0,No Failure,9.5,55668.99999999999,0.18743455497382197
0,297.7,307.2,1518,35.8,195,0,No Failure,9.5,54344.399999999994,0.1826530612244898
0,297.7,307.2,1392,43.0,197,0,No Failure,9.5,59856.0,0.21717171717171718
1,297.8,307.2,1456,39.6,199,0,No Failure,9.399999999999977,57657.6,0.198
0,297.7,307.1,1715,30.2,0,0,No Failure,9.400000000000034,51793.0,30.2
1,297.7,307.2,1405,43.7,2,0,No Failure,9.5,61398.50000000001,14.566666666666668
0,297.7,307.2,1668,37.8,5,0,No Failure,9.5,63050.399999999994,6.3
2,297.7,307.1,1855,22.5,7,0,No Failure,9.400000000000034,41737.5,2.8125
0,297.6,307.1,1496,39.2,12,0,No Failure,9.5,58643.200000000004,3.0153846153846158
1,297.6,307.1,1471,44.9,14,0,No Failure,9.5,66047.9,2.993333333333333
0,297.7,307.2,1444,40.0,17,0,No Failure,9.5,57760.0,2.2222222222222223
2,297.7,307.3,1514,38.6,19,0,No Failure,9.600000000000023,58440.4,1.9300000000000002
0,297.8,307.3,1412,50.7,24,0,No Failure,9.5,71588.40000000001,2.028
2,297.7,307.2,1429,44.1,26,0,No Failure,9.5,63018.9,1.6333333333333333
0,297.7,307.2,1668,32.7,31,0,No Failure,9.5,54543.600000000006,1.021875
1,297.7,307.2,1372,52.8,33,0,No Failure,9.5,72441.59999999999,1.552941176470588
1,297.7,307.3,1365,49.2,36,0,No Failure,9.600000000000023,67158.0,1.32972972972973
1,297.6,307.1,1526,39.1,39,0,No Failure,9.5,59666.6,0.9775
0,297.6,307.2,1486,40.6,42,0,No Failure,9.599999999999966,60331.6,0.944186046511628
1,297.6,307.2,1470,42.6,44,0,No Failure,9.599999999999966,62622.0,0.9466666666666667
2,297.7,307.3,1249,62.8,47,0,No Failure,9.600000000000023,78437.2,1.3083333333333333
1,297.8,307.4,1752,26.1,52,0,No Failure,9.599999999999966,45727.200000000004,0.49245283018867925
0,297.7,307.4,1643,36.5,55,0,No Failure,9.699999999999989,59969.5,0.6517857142857143
1,297.8,307.4,1488,36.1,57,0,No Failure,9.599999999999966,53716.8,0.6224137931034484
0,297.8,307.4,1355,45.8,60,0,No Failure,9.599999999999966,62058.99999999999,0.7508196721311475
0,297.8,307.6,1607,30.3,62,0,No Failure,9.800000000000011,48692.1,0.48095238095238096
1,297.9,307.6,1609,30.3,64,0,No Failure,9.700000000000045,48752.700000000004,0.46615384615384614
0,297.9,307.7,1517,44.4,67,0,No Failure,9.800000000000011,67354.8,0.6529411764705882
1,297.9,307.7,1517,39.5,69,0,No Failure,9.800000000000011,59921.5,0.5642857142857143
0,297.9,307.7,1546,37.6,72,0,No Failure,9.800000000000011,58129.600000000006,0.5150684931506849
0,297.9,307.7,1567,34.7,74,0,No Failure,9.800000000000011,54374.9,0.4626666666666667
1,298.1,307.9,1662,28.9,76,0,No Failure,9.799999999999955,48031.799999999996,0.3753246753246753
0,298.1,307.9,1502,41.8,79,0,No Failure,9.799999999999955,62783.6,0.5225
0,298.3,308.0,1361,56.9,81,0,No Failure,9.699999999999989,77440.9,0.6939024390243902
1,298.3,308.1,1630,32.7,83,0,No Failure,9.800000000000011,53301.00000000001,0.38928571428571435
0,298.3,308.0,1486,42.3,86,0,No Failure,9.699999999999989,62857.799999999996,0.4862068965517241
0,298.3,308.1,1840,21.5,88,0,No Failure,9.800000000000011,39560.0,0.24157303370786518
0,298.3,308.1,1326,58.4,90,0,No Failure,9.800000000000011,77438.4,0.6417582417582417
0,298.4,308.1,1367,57.8,92,0,No Failure,9.700000000000045,79012.59999999999,0.621505376344086
0,298.4,308.1,1598,32.7,94,0,No Failure,9.700000000000045,52254.600000000006,0.3442105263157895
0,298.3,308.0,1363,50.1,96,0,No Failure,9.699999999999989,68286.3,0.5164948453608248
0,298.3,308.0,1242,62.0,98,0,No Failure,9.699999999999989,77004.0,0.6262626262626263
1,298.2,307.8,1566,33.8,100,0,No Failure,9.600000000000023,52930.799999999996,0.3346534653465346
1,298.1,307.7,1424,47.7,103,0,No Failure,9.599999999999966,67924.8,0.4586538461538462
1,298.2,307.7,1608,33.8,106,0,No Failure,9.5,54350.399999999994,0.3158878504672897
0,298.1,307.7,1705,29.1,109,0,No Failure,9.599999999999966,49615.5,0.2645454545454546
0,298.0,307.6,1548,45.8,111,0,No Failure,9.600000000000023,70898.4,0.4089285714285714
1,298.0,307.6,1581,43.4,113,0,No Failure,9.600000000000023,68615.4,0.3807017543859649
1,298.0,307.6,1472,46.7,116,0,No Failure,9.600000000000023,68742.40000000001,0.39914529914529917
1,298.0,307.6,1792,26.0,119,0,No Failure,9.600000000000023,46592.0,0.21666666666666667
0,298.0,307.6,1683,32.8,122,0,No Failure,9.600000000000023,55202.399999999994,0.26666666666666666
0,297.9,307.6,1503,40.7,124,0,No Failure,9.700000000000045,61172.100000000006,0.3256
1,297.9,307.5,1642,32.4,126,0,No Failure,9.600000000000023,53200.799999999996,0.25511811023622044
1,297.8,307.4,1902,24.3,129,0,No Failure,9.599999999999966,46218.6,0.18692307692307694
2,297.7,307.4,1432,40.2,132,0,No Failure,9.699999999999989,57566.4,0.3022556390977444
0,297.8,307.4,1512,40.8,137,0,No Failure,9.599999999999966,61689.6,0.29565217391304344
0,297.7,307.4,1764,29.0,139,0,No Failure,9.699999999999989,51156.0,0.20714285714285716
1,297.8,307.4,1438,43.6,141,0,No Failure,9.599999999999966,62696.8,0.3070422535211268
0,297.8,307.5,1631,29.9,144,0,No Failure,9.699999999999989,48766.899999999994,0.20620689655172414
2,297.9,307.5,1880,23.3,146,0,No Failure,9.600000000000023,43804.0,0.15850340136054422
0,297.9,307.6,1344,54.3,151,0,No Failure,9.700000000000045,72979.2,0.35723684210526313
0,297.9,307.5,1574,35.8,153,0,No Failure,9.600000000000023,56349.2,0.23246753246753246
0,297.8,307.4,1418,41.2,155,0,No Failure,9.599999999999966,58421.600000000006,0.2641025641025641
0,297.8,307.5,1372,54.1,157,0,No Failure,9.699999999999989,74225.2,0.34240506329113923
0,297.8,307.5,1388,40.0,159,0,No Failure,9.699999999999989,55520.0,0.25
2,297.9,307.6,1493,36.0,161,0,No Failure,9.700000000000045,53748.0,0.2222222222222222
1,297.9,307.6,1505,40.1,166,0,No Failure,9.700000000000045,60350.5,0.24011976047904193
0,298.0,307.6,1694,29.1,169,0,No Failure,9.600000000000023,49295.4,0.1711764705882353
0,297.9,307.6,1968,20.4,171,0,No Failure,9.700000000000045,40147.2,0.11860465116279069
1,298.0,307.6,1569,35.6,173,0,No Failure,9.600000000000023,55856.4,0.2045977011494253
0,297.9,307.6,1687,29.1,176,0,No Failure,9.700000000000045,49091.700000000004,0.16440677966101697
0,297.9,307.6,1430,52.4,178,0,No Failure,9.700000000000045,74932.0,0.29273743016759773
0,297.9,307.6,1504,42.4,180,0,No Failure,9.700000000000045,63769.6,0.23425414364640884
0,297.9,307.6,1977,20.2,182,0,No Failure,9.700000000000045,39935.4,0.11038251366120218
0,298.0,307.7,1435,45.6,184,0,No Failure,9.699999999999989,65436.0,0.2464864864864865
2,298.0,307.7,1547,36.8,186,0,No Failure,9.699999999999989,56929.6,0.19679144385026737
1,298.1,307.8,1316,57.2,191,0,No Failure,9.699999999999989,75275.2,0.29791666666666666
1,298.0,307.7,1621,34.9,194,0,No Failure,9.699999999999989,56572.899999999994,0.17897435897435895
1,298.0,307.8,1492,40.2,197,0,No Failure,9.800000000000011,59978.4,0.20303030303030303
0,298.0,307.7,1643,32.3,200,0,No Failure,9.699999999999989,53068.899999999994,0.1606965174129353
0,298.0,307.7,1492,38.7,202,0,No Failure,9.699999999999989,57740.4,0.19064039408866995
0,298.0,307.7,1387,50.8,204,0,No Failure,9.699999999999989,70459.59999999999,0.24780487804878049
1,298.1,307.9,1463,47.3,206,0,No Failure,9.799999999999955,69199.9,0.22850241545893718
1,298.1,307.9,1496,40.0,0,0,No Failure,9.799999999999955,59840.0,40.0
0,298.2,308.0,1658,30.0,3,0,No Failure,9.800000000000011,49740.0,7.5
0,298.1,307.9,2161,17.5,5,0,No Failure,9.799999999999955,37817.5,2.9166666666666665
0,298.1,307.9,1665,32.0,7,0,No Failure,9.799999999999955,53280.0,4.0
0,298.0,307.8,1716,26.6,9,0,No Failure,9.800000000000011,45645.600000000006,2.66
0,298.0,307.7,1529,34.1,11,0,No Failure,9.699999999999989,52138.9,2.841666666666667
0,297.9,307.7,1353,50.7,13,0,No Failure,9.800000000000011,68597.1,3.6214285714285714
0,297.9,307.7,1537,37.7,15,0,No Failure,9.800000000000011,57944.9,2.35625
0,298.0,307.7,1606,30.8,17,0,No Failure,9.699999999999989,49464.8,1.7111111111111112
2,298.0,307.8,1314,47.8,19,0,No Failure,9.800000000000011,62809.2,2.3899999999999997
0,298.0,307.8,1623,29.9,24,0,No Failure,9.800000000000011,48527.7,1.196
1,298.0,307.8,1483,50.9,26,0,No Failure,9.800000000000011,75484.7,1.885185185185185
1,298.1,307.9,1569,37.0,29,0,No Failure,9.799999999999955,58053.0,1.2333333333333334
1,298.2,308.0,1969,21.7,32,0,No Failure,9.800000000000011,42727.299999999996,0.6575757575757576
1,298.1,308.0,1686,29.3,35,0,No Failure,9.899999999999977,49399.8,0.8138888888888889
0,298.1,308.0,1638,35.1,38,0,No Failure,9.899999999999977,57493.8,0.9
0,298.1,307.9,1698,33.3,40,0,No Failure,9.799999999999955,56543.399999999994,0.8121951219512195
1,298.1,307.9,1377,55.1,42,0,No Failure,9.799999999999955,75872.7,1.2813953488372094
1,298.1,308.0,2129,18.4,45,0,No Failure,9.899999999999977,39173.6,0.39999999999999997
0,298.2,308.0,1411,42.4,48,0,No Failure,9.800000000000011,59826.4,0.8653061224489795
0,298.1,307.9,1517,40.8,50,0,No Failure,9.799999999999955,61893.6,0.7999999999999999
1,298.1,307.9,1303,53.9,52,0,No Failure,9.799999999999955,70231.7,1.0169811320754716
0,298.1,307.9,1578,35.6,55,0,No Failure,9.799999999999955,56176.8,0.6357142857142858
0,298.1,307.9,1425,58.2,57,0,No Failure,9.799999999999955,82935.0,1.003448275862069
0,298.1,308.0,1456,42.4,59,0,No Failure,9.899999999999977,61734.4,0.7066666666666667
0,298.1,308.0,1704,30.9,61,0,No Failure,9.899999999999977,52653.6,0.4983870967741935
0,298.1,308.1,1791,27.3,63,0,No Failure,10.0,48894.3,0.4265625
0,298.1,308.1,1616,32.8,65,0,No Failure,10.0,53004.799999999996,0.49696969696969695
0,298.2,308.1,1622,34.9,67,0,No Failure,9.900000000000034,56607.799999999996,0.513235294117647
0,298.2,308.1,1462,49.9,69,0,No Failure,9.900000000000034,72953.8,0.7128571428571429
0,298.1,308.1,1410,45.8,71,0,No Failure,10.0,64577.99999999999,0.6361111111111111
1,298.1,308.0,1543,41.9,73,0,No Failure,9.899999999999977,64651.7,0.5662162162162162
1,298.0,307.9,1479,47.6,76,0,No Failure,9.899999999999977,70400.40000000001,0.6181818181818182
0,298.0,307.8,1839,22.7,79,0,No Failure,9.800000000000011,41745.299999999996,0.28375
0,298.0,307.8,1266,60.5,81,0,No Failure,9.800000000000011,76593.0,0.7378048780487805
0,297.9,307.7,1593,34.9,83,0,No Failure,9.800000000000011,55595.7,0.41547619047619044
0,297.9,307.8,1459,46.9,85,0,No Failure,9.900000000000034,68427.09999999999,0.5453488372093023
0,297.9,307.7,1308,55.2,87,0,No Failure,9.800000000000011,72201.6,0.6272727272727273
1,297.9,307.7,1364,46.8,89,0,No Failure,9.800000000000011,63835.2,0.52
2,297.9,307.7,1618,35.9,92,0,No Failure,9.800000000000011,58086.2,0.38602150537634405
2,297.9,307.7,1464,43.2,97,0,No Failure,9.800000000000011,63244.8,0.44081632653061226
1,297.8,307.6,1352,49.4,102,0,No Failure,9.800000000000011,66788.8,0.47961165048543686
0,297.8,307.6,1446,51.4,105,0,No Failure,9.800000000000011,74324.4,0.4849056603773585
0,297.8,307.5,1448,51.2,107,0,No Failure,9.699999999999989,74137.6,0.4740740740740741
0,297.8,307.5,1391,48.6,109,0,No Failure,9.699999999999989,67602.6,0.44181818181818183
0,297.7,307.5,1379,43.3,111,0,No Failure,9.800000000000011,59710.7,0.3866071428571428
1,297.8,307.5,1405,46.9,113,0,No Failure,9.699999999999989,65894.5,0.4114035087719298
0,297.8,307.5,1581,33.1,116,0,No Failure,9.699999999999989,52331.100000000006,0.2829059829059829
0,297.9,307.6,1515,40.5,118,0,No Failure,9.700000000000045,61357.5,0.3403361344537815
0,297.9,307.6,1589,37.8,120,0,No Failure,9.700000000000045,60064.2,0.31239669421487604
0,298.0,307.6,1281,50.8,122,0,No Failure,9.600000000000023,65074.799999999996,0.4130081300813008
2,297.8,307.5,1631,31.3,124,0,No Failure,9.699999999999989,51050.3,0.2504
1,297.9,307.6,1202,67.0,129,0,No Failure,9.700000000000045,80534.0,0.5153846153846153
0,297.9,307.6,1298,52.7,132,0,No Failure,9.700000000000045,68404.6,0.3962406015037594
0,297.9,307.6,1612,30.7,134,0,No Failure,9.700000000000045,49488.4,0.2274074074074074
0,297.9,307.6,1747,25.3,136,0,No Failure,9.700000000000045,44199.1,0.18467153284671534
0,298.0,307.6,1450,48.7,138,0,No Failure,9.600000000000023,70615.0,0.35035971223021584
0,298.0,307.7,1422,45.6,140,0,No Failure,9.699999999999989,64843.200000000004,0.32340425531914896
1,298.1,307.7,1419,47.4,142,0,No Failure,9.599999999999966,67260.59999999999,0.33146853146853145
1,298.1,307.7,1633,30.7,145,0,No Failure,9.599999999999966,50133.1,0.21027397260273972
0,298.0,307.7,1442,43.6,148,0,No Failure,9.699999999999989,62871.200000000004,0.29261744966442954
2,298.0,307.6,1420,45.8,150,0,No Failure,9.600000000000023,65035.99999999999,0.3033112582781457
1,298.0,307.6,1301,58.5,155,0,No Failure,9.600000000000023,76108.5,0.375
0,298.0,307.6,1385,45.0,158,0,No Failure,9.600000000000023,62325.0,0.2830188679245283
1,298.0,307.7,1487,41.3,160,0,No Failure,9.699999999999989,61413.1,0.25652173913043474
1,298.0,307.6,1459,44.4,163,0,No Failure,9.600000000000023,64779.6,0.2707317073170732
1,298.0,307.5,1387,45.5,166,0,No Failure,9.5,63108.5,0.27245508982035926
0,298.1,307.7,1537,40.8,169,0,No Failure,9.599999999999966,62709.6,0.24
0,298.1,307.6,1498,42.9,171,0,No Failure,9.5,64264.2,0.24941860465116278
1,298.2,307.8,1599,31.2,173,0,No Failure,9.600000000000023,49888.799999999996,0.1793103448275862
2,298.3,307.9,1420,39.2,176,0,No Failure,9.599999999999966,55664.00000000001,0.22146892655367234
0,298.2,307.9,1785,23.4,181,0,No Failure,9.699999999999989,41769.0,0.12857142857142856
0,298.2,307.8,1423,48.1,183,0,No Failure,9.600000000000023,68446.3,0.2614130434782609
1,298.2,307.8,1583,36.6,185,0,No Failure,9.600000000000023,57937.8,0.1967741935483871
0,298.2,307.8,1375,46.6,188,0,No Failure,9.600000000000023,64075.0,0.24656084656084656
1,298.3,308.0,1463,42.5,190,0,No Failure,9.699999999999989,62177.5,0.22251308900523561
1,298.2,307.9,1403,45.1,193,0,No Failure,9.699999999999989,63275.3,0.23247422680412372
0,298.3,308.0,1451,47.1,196,0,No Failure,9.699999999999989,68342.1,0.23908629441624366
1,298.4,308.0,1416,38.2,198,1,Tool Wear Failure,9.600000000000023,54091.200000000004,0.1919597989949749
0,298.3,308.1,1672,41.3,0,0,No Failure,9.800000000000011,69053.59999999999,41.3
2,298.3,308.0,1637,30.8,2,0,No Failure,9.699999999999989,50419.6,10.266666666666667
0,298.4,308.0,1540,37.8,7,0,No Failure,9.600000000000023,58211.99999999999,4.725
0,298.4,308.1,1279,53.1,9,0,No Failure,9.700000000000045,67914.90000000001,5.3100000000000005
0,298.4,308.2,1604,34.9,11,0,No Failure,9.800000000000011,55979.6,2.908333333333333
0,298.5,308.2,1654,27.1,13,0,No Failure,9.699999999999989,44823.4,1.9357142857142857
1,298.5,308.2,1564,37.5,15,0,No Failure,9.699999999999989,58650.0,2.34375
0,298.5,308.2,1451,47.5,18,0,No Failure,9.699999999999989,68922.5,2.5
0,298.5,308.3,1504,38.0,20,0,No Failure,9.800000000000011,57152.0,1.8095238095238095
1,298.5,308.3,1381,50.5,22,0,No Failure,9.800000000000011,69740.5,2.1956521739130435
0,298.6,308.4,1562,34.4,25,0,No Failure,9.799999999999955,53732.799999999996,1.323076923076923
0,298.5,308.3,1811,24.7,27,0,No Failure,9.800000000000011,44731.7,0.8821428571428571
1,298.6,308.3,1717,28.7,29,0,No Failure,9.699999999999989,49277.9,0.9566666666666667
0,298.6,308.3,1278,60.5,32,0,No Failure,9.699999999999989,77319.0,1.8333333333333333
0,298.7,308.5,1616,30.2,34,0,No Failure,9.800000000000011,48803.2,0.8628571428571429
0,298.6,308.4,1397,46.4,36,0,No Failure,9.799999999999955,64820.799999999996,1.2540540540540541
0,298.6,308.4,1485,42.9,38,0,No Failure,9.799999999999955,63706.5,1.0999999999999999
0,298.6,308.4,1310,59.7,40,0,No Failure,9.799999999999955,78207.0,1.4560975609756097
0,298.5,308.2,1301,66.3,42,1,Power Failure,9.699999999999989,86256.3,1.541860465116279
0,298.5,308.3,1458,44.0,44,0,No Failure,9.800000000000011,64152.0,0.9777777777777777
0,298.7,308.5,1483,42.5,46,0,No Failure,9.800000000000011,63027.5,0.9042553191489362
0,298.7,308.5,1375,46.4,48,0,No Failure,9.800000000000011,63800.0,0.946938775510204
1,298.7,308.5,1660,27.0,50,0,No Failure,9.800000000000011,44820.0,0.5294117647058824
2,298.7,308.4,1560,33.3,53,0,No Failure,9.699999999999989,51947.99999999999,0.6166666666666666
0,298.7,308.5,1480,42.2,58,0,No Failure,9.800000000000011,62456.00000000001,0.7152542372881356
0,298.7,308.4,1373,46.9,60,0,No Failure,9.699999999999989,64393.7,0.7688524590163934
0,298.7,308.5,1444,54.2,62,0,No Failure,9.800000000000011,78264.8,0.8603174603174604
1,298.7,308.6,1722,24.7,64,0,No Failure,9.900000000000034,42533.4,0.38
0,298.7,308.5,1469,39.9,67,0,No Failure,9.800000000000011,58613.1,0.586764705882353
1,298.7,308.5,1360,52.9,69,0,No Failure,9.800000000000011,71944.0,0.7557142857142857
0,298.7,308.4,1750,25.8,72,0,No Failure,9.699999999999989,45150.0,0.35342465753424657
1,298.7,308.3,1349,46.6,74,0,No Failure,9.600000000000023,62863.4,0.6213333333333334
0,298.7,308.5,1668,35.2,77,0,No Failure,9.800000000000011,58713.600000000006,0.45128205128205134
0,298.9,308.6,1400,49.5,79,0,No Failure,9.700000000000045,69300.0,0.61875
0,298.8,308.6,1331,62.8,81,0,No Failure,9.800000000000011,83586.8,0.7658536585365854
0,298.8,308.5,1444,42.2,83,0,No Failure,9.699999999999989,60936.8,0.5023809523809524
2,298.8,308.5,1359,47.6,85,0,No Failure,9.699999999999989,64688.4,0.5534883720930233
1,298.8,308.5,1425,47.4,90,0,No Failure,9.699999999999989,67545.0,0.5208791208791209
1,298.9,308.6,1469,34.2,93,0,No Failure,9.700000000000045,50239.8,0.3638297872340426
0,299.0,308.7,1892,22.8,96,0,No Failure,9.699999999999989,43137.6,0.23505154639175257
2,299.0,308.7,1940,19.9,98,0,No Failure,9.699999999999989,38606.0,0.201010101010101
0,299.0,308.8,1405,55.2,103,0,No Failure,9.800000000000011,77556.0,0.5307692307692308
1,299.0,308.9,1449,39.6,105,0,No Failure,9.899999999999977,57380.4,0.3735849056603774
0,299.1,308.9,1686,29.6,108,0,No Failure,9.799999999999955,49905.600000000006,0.27155963302752295
0,299.1,308.9,1680,27.2,110,0,No Failure,9.799999999999955,45696.0,0.24504504504504504
1,299.1,308.9,1397,52.4,112,0,No Failure,9.799999999999955,73202.8,0.463716814159292
1,299.2,309.0,1597,30.3,115,0,No Failure,9.800000000000011,48389.1,0.26120689655172413
0,299.3,309.1,1470,41.1,118,0,No Failure,9.800000000000011,60417.0,0.3453781512605042
1,299.3,309.1,1703,31.3,120,0,No Failure,9.800000000000011,53303.9,0.25867768595041324
0,299.3,309.1,1388,45.5,123,0,No Failure,9.800000000000011,63154.0,0.36693548387096775
0,299.3,309.2,1775,24.2,125,0,No Failure,9.899999999999977,42955.0,0.19206349206349205
0,299.3,309.2,1465,41.5,127,0,No Failure,9.899999999999977,60797.5,0.32421875
1,299.3,309.2,1586,37.9,129,0,No Failure,9.899999999999977,60109.399999999994,0.2915384615384615
1,299.5,309.3,1675,29.2,132,0,No Failure,9.800000000000011,48910.0,0.21954887218045113
1,299.4,309.2,1470,44.4,135,0,No Failure,9.800000000000011,65268.0,0.3264705882352941
0,299.5,309.3,1477,40.4,138,0,No Failure,9.800000000000011,59670.799999999996,0.2906474820143885
0,299.5,309.3,1382,61.0,140,0,No Failure,9.800000000000011,84302.0,0.4326241134751773
1,299.6,309.4,1605,29.8,142,0,No Failure,9.799999999999955,47829.0,0.2083916083916084
0,299.6,309.4,1643,32.9,145,0,No Failure,9.799999999999955,54054.7,0.22534246575342465
0,299.5,309.3,1333,54.1,147,0,No Failure,9.800000000000011,72115.3,0.3655405405405405
0,299.5,309.3,1520,42.3,149,0,No Failure,9.800000000000011,64295.99999999999,0.282
1,299.5,309.3,1902,24.0,151,0,No Failure,9.800000000000011,45648.0,0.15789473684210525
2,299.5,309.4,1386,44.4,154,0,No Failure,9.899999999999977,61538.4,0.2864516129032258
0,299.6,309.5,1803,27.7,159,0,No Failure,9.899999999999977,49943.1,0.173125
0,299.7,309.6,1359,50.7,161,0,No Failure,9.900000000000034,68901.3,0.312962962962963
1,299.7,309.6,1477,42.7,163,0,No Failure,9.900000000000034,63067.9,0.2603658536585366
0,299.7,309.6,1321,53.4,166,0,No Failure,9.900000000000034,70541.4,0.3197604790419162
0,299.6,309.5,1453,41.4,168,0,No Failure,9.899999999999977,60154.2,0.24497041420118343
0,299.7,309.6,1419,45.1,170,0,No Failure,9.900000000000034,63996.9,0.26374269005847956
0,299.7,309.6,1512,36.2,172,0,No Failure,9.900000000000034,54734.4,0.2092485549132948
0,299.7,309.6,1553,36.8,174,0,No Failure,9.900000000000034,57150.399999999994,0.21028571428571427
1,299.7,309.6,1534,39.1,176,0,No Failure,9.900000000000034,59979.4,0.22090395480225988
2,299.7,309.6,1553,41.0,179,0,No Failure,9.900000000000034,63673.0,0.22777777777777777
0,299.7,309.5,1352,49.7,184,0,No Failure,9.800000000000011,67194.40000000001,0.2686486486486487
1,299.7,309.6,1313,60.0,186,0,No Failure,9.900000000000034,78780.0,0.32085561497326204
0,299.6,309.5,1570,35.5,189,0,No Failure,9.899999999999977,55735.0,0.1868421052631579
0,299.6,309.4,1677,31.1,191,0,No Failure,9.799999999999955,52154.700000000004,0.16197916666666667
0,299.5,309.4,1602,31.5,193,0,No Failure,9.899999999999977,50463.0,0.16237113402061856
0,299.5,309.4,1390,58.8,195,1,Overstrain Failure,9.899999999999977,81732.0,0.3
0,299.4,309.3,1544,36.0,197,0,No Failure,9.900000000000034,55584.0,0.18181818181818182
0,299.4,309.4,1701,31.2,199,0,No Failure,10.0,53071.2,0.156
1,299.4,309.3,1692,28.4,201,0,No Failure,9.900000000000034,48052.799999999996,0.14059405940594058
1,299.3,309.3,1523,37.9,204,0,No Failure,10.0,57721.7,0.1848780487804878
0,299.3,309.2,2280,15.4,207,0,No Failure,9.899999999999977,35112.0,0.07403846153846154
1,299.4,309.3,1485,47.1,209,0,No Failure,9.900000000000034,69943.5,0.22428571428571428
2,299.4,309.2,1513,36.1,212,0,No Failure,9.800000000000011,54619.3,0.16948356807511739
2,299.4,309.3,1743,28.2,0,0,No Failure,9.900000000000034,49152.6,28.2
0,299.5,309.3,1442,46.2,5,0,No Failure,9.800000000000011,66620.40000000001,7.7
0,299.5,309.3,1462,46.7,7,0,No Failure,9.800000000000011,68275.40000000001,5.8375
2,299.4,309.3,1439,49.7,9,0,No Failure,9.900000000000034,71518.3,4.970000000000001
0,299.5,309.3,1577,36.6,14,0,No Failure,9.800000000000011,57718.200000000004,2.44
0,299.6,309.4,1331,46.4,16,0,No Failure,9.799999999999955,61758.4,2.7294117647058824
0,299.5,309.3,1941,22.5,18,0,No Failure,9.800000000000011,43672.5,1.1842105263157894
0,299.5,309.2,1393,47.3,20,0,No Failure,9.699999999999989,65888.9,2.2523809523809524
0,299.4,309.2,1433,42.1,22,0,No Failure,9.800000000000011,60329.3,1.8304347826086957
0,299.4,309.2,1444,48.2,24,0,No Failure,9.800000000000011,69600.8,1.9280000000000002
0,299.4,309.2,1564,39.0,26,0,No Failure,9.800000000000011,60996.0,1.4444444444444444
0,299.4,309.3,1377,43.6,28,0,No Failure,9.900000000000034,60037.200000000004,1.503448275862069
0,299.4,309.3,1525,41.5,30,0,No Failure,9.900000000000034,63287.5,1.3387096774193548
1,299.5,309.4,1387,56.2,32,0,No Failure,9.899999999999977,77949.40000000001,1.7030303030303031
1,299.4,309.4,1326,47.5,35,0,No Failure,10.0,62985.0,1.3194444444444444
0,299.4,309.3,1401,59.0,38,0,No Failure,9.900000000000034,82659.0,1.5128205128205128
0,299.4,309.3,1596,31.8,40,0,No Failure,9.900000000000034,50752.8,0.775609756097561
1,299.3,309.3,1471,46.0,42,0,No Failure,10.0,67666.0,1.069767441860465
0,299.3,309.3,1528,37.8,45,0,No Failure,10.0,57758.399999999994,0.8217391304347825
0,299.3,309.3,1325,62.0,47,0,No Failure,10.0,82150.0,1.2916666666666667
1,299.3,309.1,1376,46.7,49,0,No Failure,9.800000000000011,64259.200000000004,0.934
1,299.3,309.1,1600,35.3,52,0,No Failure,9.800000000000011,56479.99999999999,0.6660377358490566
0,299.3,309.1,1495,44.0,55,0,No Failure,9.800000000000011,65780.0,0.7857142857142857
0,299.4,309.1,1645,28.6,57,0,No Failure,9.700000000000045,47047.0,0.4931034482758621
1,299.4,309.1,1417,47.3,59,0,No Failure,9.700000000000045,67024.09999999999,0.7883333333333333
2,299.4,309.0,1415,51.7,62,0,No Failure,9.600000000000023,73155.5,0.8206349206349207
1,299.3,309.0,1496,43.4,67,0,No Failure,9.699999999999989,64926.4,0.638235294117647
2,299.3,309.0,1508,35.0,70,0,No Failure,9.699999999999989,52780.0,0.49295774647887325
0,299.4,309.0,1436,47.9,75,0,No Failure,9.600000000000023,68784.4,0.6302631578947369
0,299.5,309.1,1852,22.6,77,0,No Failure,9.600000000000023,41855.200000000004,0.28974358974358977
0,299.5,309.1,1863,22.5,79,0,No Failure,9.600000000000023,41917.5,0.28125
2,299.4,309.1,1373,44.1,81,0,No Failure,9.700000000000045,60549.3,0.5378048780487805
0,299.4,309.0,1404,47.3,86,0,No Failure,9.600000000000023,66409.2,0.5436781609195402
1,299.4,309.0,1381,44.9,88,0,No Failure,9.600000000000023,62006.9,0.5044943820224719
2,299.4,308.9,1762,29.3,91,0,No Failure,9.5,51626.6,0.3184782608695652
2,299.3,308.9,1429,43.0,96,0,No Failure,9.599999999999966,61447.0,0.44329896907216493
1,299.3,308.9,1858,24.7,101,0,No Failure,9.599999999999966,45892.6,0.24215686274509804
2,299.2,308.8,1908,21.3,104,0,No Failure,9.600000000000023,40640.4,0.20285714285714287
1,299.2,308.8,1503,37.4,109,0,No Failure,9.600000000000023,56212.2,0.33999999999999997
1,299.2,308.8,1523,38.9,112,0,No Failure,9.600000000000023,59244.7,0.34424778761061947
0,299.3,309.0,1491,38.4,115,0,No Failure,9.699999999999989,57254.4,0.3310344827586207
0,299.2,308.9,1430,39.1,117,0,No Failure,9.699999999999989,55913.0,0.3313559322033898
0,299.3,308.9,1258,69.4,119,1,Power Failure,9.599999999999966,87305.20000000001,0.5783333333333334
0,299.3,309.0,1449,46.5,121,0,No Failure,9.699999999999989,67378.5,0.38114754098360654
2,299.3,309.0,1425,40.6,123,0,No Failure,9.699999999999989,57855.0,0.3274193548387097
0,299.4,309.0,1800,24.3,128,0,No Failure,9.600000000000023,43740.0,0.18837209302325583
2,299.4,309.0,1607,33.7,130,0,No Failure,9.600000000000023,54155.9,0.25725190839694656
0,299.4,309.0,1391,58.2,135,0,No Failure,9.600000000000023,80956.2,0.42794117647058827
0,299.4,309.1,1432,45.4,137,0,No Failure,9.700000000000045,65012.799999999996,0.3289855072463768
0,299.4,309.0,1660,28.4,139,0,No Failure,9.600000000000023,47144.0,0.20285714285714285
2,299.3,309.0,1732,29.7,141,0,No Failure,9.699999999999989,51440.4,0.2091549295774648
0,299.3,309.0,1473,46.3,146,0,No Failure,9.699999999999989,68199.9,0.3149659863945578
0,299.3,309.0,1511,47.8,148,0,No Failure,9.699999999999989,72225.8,0.3208053691275168
0,299.2,308.9,1588,41.5,150,0,No Failure,9.699999999999989,65902.0,0.27483443708609273
0,299.3,308.9,1623,31.1,152,0,No Failure,9.599999999999966,50475.3,0.20326797385620915
0,299.3,309.0,1734,30.6,154,0,No Failure,9.699999999999989,53060.4,0.19741935483870968
0,299.3,309.0,1415,47.6,156,0,No Failure,9.699999999999989,67354.0,0.30318471337579617
0,299.3,309.0,1419,46.6,158,0,No Failure,9.699999999999989,66125.40000000001,0.2930817610062893
1,299.3,308.9,1577,34.9,160,0,No Failure,9.599999999999966,55037.299999999996,0.2167701863354037
0,299.3,308.9,1376,60.3,163,0,No Failure,9.599999999999966,82972.8,0.3676829268292683
1,299.3,308.8,1442,49.0,165,0,No Failure,9.5,70658.0,0.29518072289156627
0,299.4,308.9,1451,40.5,168,0,No Failure,9.5,58765.5,0.23964497041420119
0,299.3,308.8,1550,45.8,170,0,No Failure,9.5,70990.0,0.2678362573099415
0,299.3,308.8,1647,32.9,172,0,No Failure,9.5,54186.299999999996,0.19017341040462427
0,299.4,308.9,1550,33.7,174,0,No Failure,9.5,52235.00000000001,0.1925714285714286
0,299.4,308.9,1583,34.1,176,0,No Failure,9.5,53980.3,0.19265536723163842
0,299.4,309.0,1613,32.2,178,0,No Failure,9.600000000000023,51938.600000000006,0.17988826815642459
2,299.3,308.8,1636,35.5,180,0,No Failure,9.5,58078.0,0.19613259668508287
1,299.3,308.7,1289,51.5,185,0,No Failure,9.399999999999977,66383.5,0.2768817204301075
1,299.3,308.8,1648,28.4,188,0,No Failure,9.5,46803.2,0.15026455026455027
2,299.3,308.8,1397,45.4,191,0,No Failure,9.5,63423.799999999996,0.23645833333333333
1,299.3,308.9,1767,24.8,196,0,No Failure,9.599999999999966,43821.6,0.12588832487309645
0,299.3,308.8,1341,47.7,199,0,No Failure,9.5,63965.700000000004,0.23850000000000002
1,299.4,308.9,1457,41.5,201,0,No Failure,9.5,60465.5,0.20544554455445543
1,299.4,309.0,1939,19.8,204,0,No Failure,9.600000000000023,38392.200000000004,0.09658536585365854
1,299.5,309.0,1399,49.7,207,0,No Failure,9.5,69530.3,0.2389423076923077
1,299.5,309.0,1602,31.3,210,0,No Failure,9.5,50142.6,0.14834123222748816
0,299.4,309.0,1507,41.0,213,0,No Failure,9.600000000000023,61787.0,0.19158878504672897
0,299.4,309.1,1464,40.5,215,0,No Failure,9.700000000000045,59292.0,0.1875
0,299.5,309.1,1336,42.1,217,0,No Failure,9.600000000000023,56245.6,0.19311926605504587
0,299.6,309.2,1422,39.8,219,0,No Failure,9.599999999999966,56595.6,0.1809090909090909
0,299.6,309.2,1540,36.7,221,0,No Failure,9.599999999999966,56518.00000000001,0.16531531531531532
0,299.5,309.1,1476,47.8,223,0,No Failure,9.600000000000023,70552.8,0.21339285714285713
1,299.6,309.2,1867,23.4,225,1,Tool Wear Failure,9.599999999999966,43687.799999999996,0.10353982300884955
2,299.6,309.1,1588,41.3,0,0,No Failure,9.5,65584.4,41.3
1,299.5,309.1,1420,49.5,5,0,No Failure,9.600000000000023,70290.0,8.25
0,299.5,309.1,1415,49.2,8,0,No Failure,9.600000000000023,69618.0,5.466666666666667
1,299.4,309.1,1500,43.3,10,0,No Failure,9.700000000000045,64949.99999999999,3.936363636363636
0,299.5,309.1,1502,44.6,13,0,No Failure,9.600000000000023,66989.2,3.185714285714286
0,299.5,309.2,1816,23.0,15,0,No Failure,9.699999999999989,41768.0,1.4375
1,299.5,309.2,1495,41.6,17,0,No Failure,9.699999999999989,62192.0,2.3111111111111113
0,299.6,309.2,1572,33.4,20,0,No Failure,9.599999999999966,52504.799999999996,1.5904761904761904
1,299.5,309.2,1590,35.9,22,0,No Failure,9.699999999999989,57081.0,1.5608695652173912
1,299.6,309.3,1387,48.3,25,0,No Failure,9.699999999999989,66992.09999999999,1.8576923076923075
1,299.6,309.2,1393,47.7,28,0,No Failure,9.599999999999966,66446.1,1.6448275862068966
0,299.6,309.2,1602,37.3,31,0,No Failure,9.599999999999966,59754.6,1.165625
0,299.6,309.2,1601,33.3,33,0,No Failure,9.599999999999966,53313.299999999996,0.9794117647058823
2,299.6,309.2,1597,36.3,35,0,No Failure,9.599999999999966,57971.1,1.0083333333333333
2,299.5,309.1,1548,44.3,40,0,No Failure,9.600000000000023,68576.4,1.0804878048780486
1,299.5,309.2,1314,61.8,45,0,No Failure,9.699999999999989,81205.2,1.3434782608695652
1,299.6,309.3,1577,39.8,48,0,No Failure,9.699999999999989,62764.6,0.8122448979591836
0,299.8,309.4,1475,43.4,51,0,No Failure,9.599999999999966,64015.0,0.8346153846153845
0,299.8,309.4,1630,32.4,53,0,No Failure,9.599999999999966,52812.0,0.6
0,299.7,309.4,1445,42.9,55,0,No Failure,9.699999999999989,61990.5,0.7660714285714285
1,299.8,309.4,1439,47.4,57,0,No Failure,9.599999999999966,68208.59999999999,0.8172413793103448
0,299.7,309.3,1420,44.1,60,0,No Failure,9.600000000000023,62622.0,0.7229508196721312
2,299.7,309.2,1554,41.6,62,0,No Failure,9.5,64646.4,0.6603174603174603
1,299.6,309.1,1471,44.3,67,0,No Failure,9.5,65165.299999999996,0.651470588235294
0,299.6,309.0,1648,33.6,70,0,No Failure,9.399999999999977,55372.8,0.47323943661971835
0,299.6,309.0,1472,48.8,72,0,No Failure,9.399999999999977,71833.59999999999,0.6684931506849314
1,299.5,308.9,1448,42.9,74,0,No Failure,9.399999999999977,62119.2,0.572
1,299.6,308.9,1568,35.3,77,0,No Failure,9.299999999999955,55350.399999999994,0.4525641025641025
0,299.6,308.9,1613,30.8,80,0,No Failure,9.299999999999955,49680.4,0.3802469135802469
1,299.7,308.9,1551,35.4,82,0,No Failure,9.199999999999989,54905.399999999994,0.42650602409638555
0,299.7,309.0,1412,49.2,85,0,No Failure,9.300000000000011,69470.40000000001,0.572093023255814
1,299.7,308.9,1478,41.0,87,0,No Failure,9.199999999999989,60598.0,0.4659090909090909
1,299.8,309.1,1268,58.0,90,0,No Failure,9.300000000000011,73544.0,0.6373626373626373
0,299.8,309.1,1546,35.6,93,0,No Failure,9.300000000000011,55037.600000000006,0.37872340425531914
0,299.8,309.0,1567,36.1,95,0,No Failure,9.199999999999989,56568.700000000004,0.37604166666666666
1,299.9,309.2,1548,35.7,97,0,No Failure,9.300000000000011,55263.600000000006,0.3642857142857143
0,299.8,309.0,1614,30.8,100,0,No Failure,9.199999999999989,49711.200000000004,0.30495049504950494
1,299.7,309.1,1352,46.1,102,0,No Failure,9.400000000000034,62327.200000000004,0.4475728155339806
0,299.9,309.2,1624,34.6,105,0,No Failure,9.300000000000011,56190.4,0.3264150943396227
0,299.9,309.2,1436,52.0,107,0,No Failure,9.300000000000011,74672.0,0.48148148148148145
0,299.8,309.2,1591,37.5,109,0,No Failure,9.399999999999977,59662.5,0.3409090909090909
2,299.8,309.2,1435,42.6,111,0,No Failure,9.399999999999977,61131.0,0.3803571428571429
0,299.8,309.3,1386,49.4,116,0,No Failure,9.5,68468.4,0.4222222222222222
0,299.7,309.2,1401,54.1,118,0,No Failure,9.5,75794.1,0.4546218487394958
1,299.6,309.0,1245,64.0,120,0,No Failure,9.399999999999977,79680.0,0.5289256198347108
0,299.7,309.1,1475,40.0,123,0,No Failure,9.400000000000034,59000.0,0.3225806451612903
0,299.7,309.1,1473,39.4,125,0,No Failure,9.400000000000034,58036.2,0.3126984126984127
2,299.7,309.2,1355,44.8,127,0,No Failure,9.5,60703.99999999999,0.35
2,299.7,309.2,1468,49.6,132,0,No Failure,9.5,72812.8,0.37293233082706767
0,299.7,309.2,1645,30.8,137,0,No Failure,9.5,50666.0,0.22318840579710145
0,299.7,309.1,1347,55.3,139,0,No Failure,9.400000000000034,74489.09999999999,0.39499999999999996
0,299.7,309.1,1713,33.5,141,0,No Failure,9.400000000000034,57385.5,0.23591549295774647
1,299.6,309.1,1435,48.4,143,0,No Failure,9.5,69454.0,0.3361111111111111
1,299.6,309.0,1736,26.1,146,0,No Failure,9.399999999999977,45309.600000000006,0.17755102040816328
0,299.6,309.0,1372,60.4,149,0,No Failure,9.399999999999977,82868.8,0.4026666666666667
0,299.7,309.0,1605,33.0,151,0,No Failure,9.300000000000011,52965.0,0.21710526315789475
0,299.6,309.0,1413,48.5,153,0,No Failure,9.399999999999977,68530.5,0.31493506493506496
1,299.7,309.0,1645,31.9,155,0,No Failure,9.300000000000011,52475.5,0.20448717948717948
1,299.7,309.0,1465,49.0,158,0,No Failure,9.300000000000011,71785.0,0.3081761006289308
1,299.6,308.9,1685,27.8,161,0,No Failure,9.299999999999955,46843.0,0.17160493827160495
0,299.5,308.8,1965,20.4,164,0,No Failure,9.300000000000011,40086.0,0.12363636363636363
2,299.4,308.6,1542,41.8,166,0,No Failure,9.200000000000045,64455.6,0.2502994011976048
0,299.4,308.7,1681,30.8,171,0,No Failure,9.300000000000011,51774.8,0.17906976744186046
0,299.5,308.7,1446,45.7,173,0,No Failure,9.199999999999989,66082.2,0.26264367816091955
0,299.4,308.6,1415,56.4,175,0,No Failure,9.200000000000045,79806.0,0.32045454545454544
0,299.5,308.6,1672,30.5,177,0,No Failure,9.100000000000023,50996.0,0.17134831460674158
0,299.5,308.7,2549,13.0,179,1,Power Failure,9.199999999999989,33137.0,0.07222222222222222
0,299.4,308.6,1492,40.5,181,0,No Failure,9.200000000000045,60426.0,0.22252747252747251
1,299.4,308.6,1455,42.7,183,0,No Failure,9.200000000000045,62128.50000000001,0.23206521739130437
1,299.3,308.5,1422,43.1,186,0,No Failure,9.199999999999989,61288.200000000004,0.2304812834224599
0,299.3,308.6,1403,50.6,189,0,No Failure,9.300000000000011,70991.8,0.26631578947368423
0,299.3,308.6,1474,49.6,191,0,No Failure,9.300000000000011,73110.40000000001,0.25833333333333336
0,299.2,308.6,1381,50.0,193,0,No Failure,9.400000000000034,69050.0,0.25773195876288657
0,299.2,308.5,1457,44.7,195,0,No Failure,9.300000000000011,65127.9,0.22806122448979593
0,299.2,308.4,1711,28.9,197,0,No Failure,9.199999999999989,49447.899999999994,0.14595959595959596
0,299.2,308.4,1667,29.0,199,0,No Failure,9.199999999999989,48343.0,0.145
0,299.2,308.4,1465,35.0,201,0,No Failure,9.199999999999989,51275.0,0.17326732673267325
1,299.3,308.4,1542,37.5,203,1,Tool Wear Failure,9.099999999999966,57825.0,0.18382352941176472
1,299.3,308.4,1438,42.3,0,0,No Failure,9.099999999999966,60827.399999999994,42.3
0,299.3,308.4,1406,47.4,3,0,No Failure,9.099999999999966,66644.4,11.85
1,299.2,308.4,1396,48.5,5,0,No Failure,9.199999999999989,67706.0,8.083333333333334
1,299.3,308.5,1304,60.6,8,0,No Failure,9.199999999999989,79022.40000000001,6.733333333333333
0,299.2,308.5,1442,46.5,11,0,No Failure,9.300000000000011,67053.0,3.875
1,299.2,308.4,1396,48.7,13,0,No Failure,9.199999999999989,67985.2,3.4785714285714286
2,299.1,308.3,1424,43.4,16,0,No Failure,9.199999999999989,61801.6,2.552941176470588
2,299.1,308.3,1451,42.8,21,0,No Failure,9.199999999999989,62102.799999999996,1.9454545454545453
0,299.2,308.4,1386,54.1,26,0,No Failure,9.199999999999989,74982.6,2.0037037037037035
0,299.1,308.3,1325,46.9,28,0,No Failure,9.199999999999989,62142.5,1.6172413793103448
0,299.1,308.3,1559,33.7,30,0,No Failure,9.199999999999989,52538.3,1.0870967741935484
0,299.1,308.3,1489,38.1,32,0,No Failure,9.199999999999989,56730.9,1.1545454545454545
0,299.1,308.3,1892,25.2,34,0,No Failure,9.199999999999989,47678.4,0.72
0,299.1,308.2,1319,60.3,36,0,No Failure,9.099999999999966,79535.7,1.6297297297297297
0,299.1,308.3,1431,52.3,38,0,No Failure,9.199999999999989,74841.3,1.341025641025641
2,299.1,308.3,1521,36.5,40,0,No Failure,9.199999999999989,55516.5,0.8902439024390244
1,299.1,308.2,1435,45.2,45,0,No Failure,9.099999999999966,64862.00000000001,0.982608695652174
0,299.1,308.3,1533,42.4,48,0,No Failure,9.199999999999989,64999.2,0.8653061224489795
1,299.2,308.4,1529,43.0,50,0,No Failure,9.199999999999989,65747.0,0.8431372549019608
1,299.2,308.4,1415,43.5,53,0,No Failure,9.199999999999989,61552.5,0.8055555555555556
1,299.2,308.4,1330,51.2,56,0,No Failure,9.199999999999989,68096.0,0.8982456140350877
0,299.2,308.5,1381,60.6,59,0,No Failure,9.300000000000011,83688.6,1.01
0,299.2,308.5,1370,52.4,61,0,No Failure,9.300000000000011,71788.0,0.8451612903225806
0,299.2,308.5,1438,46.6,63,0,No Failure,9.300000000000011,67010.8,0.728125
0,299.3,308.6,1314,48.2,65,0,No Failure,9.300000000000011,63334.8,0.7303030303030303
0,299.3,308.6,1437,48.1,67,0,No Failure,9.300000000000011,69119.7,0.7073529411764706
0,299.2,308.5,1821,26.1,69,0,No Failure,9.300000000000011,47528.100000000006,0.3728571428571429
1,299.3,308.6,1448,52.1,71,0,No Failure,9.300000000000011,75440.8,0.7236111111111111
0,299.3,308.5,1589,32.7,74,0,No Failure,9.199999999999989,51960.3,0.43600000000000005
0,299.3,308.6,1520,33.7,76,0,No Failure,9.300000000000011,51224.00000000001,0.4376623376623377
0,299.3,308.6,1605,37.0,78,0,No Failure,9.300000000000011,59385.0,0.46835443037974683
0,299.3,308.7,1393,54.2,80,0,No Failure,9.399999999999977,75500.6,0.6691358024691358
2,299.3,308.7,1408,44.4,82,0,No Failure,9.399999999999977,62515.2,0.5349397590361445
1,299.3,308.7,1459,35.6,87,0,No Failure,9.399999999999977,51940.4,0.40454545454545454
0,299.4,308.7,1525,39.0,90,0,No Failure,9.300000000000011,59475.0,0.42857142857142855
0,299.4,308.8,1390,57.0,92,0,No Failure,9.400000000000034,79230.0,0.6129032258064516
0,299.3,308.7,1536,38.9,94,0,No Failure,9.399999999999977,59750.399999999994,0.4094736842105263
0,299.4,308.7,1459,47.6,96,0,No Failure,9.300000000000011,69448.40000000001,0.4907216494845361
0,299.2,308.5,1387,51.1,98,0,No Failure,9.300000000000011,70875.7,0.5161616161616162
0,299.2,308.5,1378,53.4,100,0,No Failure,9.300000000000011,73585.2,0.5287128712871287
0,299.4,308.7,1381,56.7,102,0,No Failure,9.300000000000011,78302.7,0.550485436893204
1,299.4,308.7,1289,60.5,104,0,No Failure,9.300000000000011,77984.5,0.5761904761904761
0,299.4,308.6,1746,26.8,107,0,No Failure,9.200000000000045,46792.8,0.24814814814814815
1,299.4,308.6,1541,39.1,109,0,No Failure,9.200000000000045,60253.100000000006,0.35545454545454547
0,299.4,308.7,1504,37.8,112,0,No Failure,9.300000000000011,56851.2,0.33451327433628314
1,299.5,308.7,1321,51.9,114,0,No Failure,9.199999999999989,68559.9,0.45130434782608697
1,299.5,308.8,1886,20.9,117,0,No Failure,9.300000000000011,39417.399999999994,0.1771186440677966
0,299.6,308.9,1422,53.2,120,0,No Failure,9.299999999999955,75650.40000000001,0.43966942148760335
0,299.5,308.9,1520,38.3,122,0,No Failure,9.399999999999977,58215.99999999999,0.3113821138211382
0,299.4,308.8,1627,32.6,124,0,No Failure,9.400000000000034,53040.200000000004,0.26080000000000003
0,299.4,308.7,1512,37.2,126,0,No Failure,9.300000000000011,56246.4,0.2929133858267717
0,299.4,308.7,1553,42.7,128,0,No Failure,9.300000000000011,66313.1,0.33100775193798454
0,299.3,308.7,1802,26.0,130,0,No Failure,9.399999999999977,46852.0,0.1984732824427481
0,299.3,308.6,1482,37.6,132,0,No Failure,9.300000000000011,55723.200000000004,0.28270676691729324
0,299.4,308.7,1446,62.9,134,1,Power Failure,9.300000000000011,90953.4,0.4659259259259259
0,299.3,308.6,1371,50.5,136,0,No Failure,9.300000000000011,69235.5,0.3686131386861314
1,299.2,308.6,1586,35.7,138,0,No Failure,9.400000000000034,56620.200000000004,0.25683453237410075
0,299.2,308.5,1515,39.8,141,0,No Failure,9.300000000000011,60296.99999999999,0.28028169014084503
0,299.2,308.5,1374,53.6,143,0,No Failure,9.300000000000011,73646.40000000001,0.37222222222222223
0,299.1,308.5,1455,39.8,145,0,No Failure,9.399999999999977,57908.99999999999,0.2726027397260274
2,299.2,308.5,1342,47.5,147,0,No Failure,9.300000000000011,63745.0,0.32094594594594594
0,299.1,308.6,1260,57.8,152,0,No Failure,9.5,72828.0,0.37777777777777777
2,299.0,308.5,1623,33.5,154,0,No Failure,9.5,54370.5,0.2161290322580645
0,299.1,308.5,1371,55.5,159,0,No Failure,9.399999999999977,76090.5,0.346875
0,299.1,308.6,1611,31.4,161,0,No Failure,9.5,50585.399999999994,0.19382716049382714
1,299.0,308.4,1535,47.5,163,0,No Failure,9.399999999999977,72912.5,0.2896341463414634
1,299.1,308.6,1491,38.5,166,0,No Failure,9.5,57403.5,0.23053892215568864
1,299.1,308.6,1441,36.2,169,0,No Failure,9.5,52164.200000000004,0.21294117647058824
1,299.1,308.8,1725,26.6,172,0,No Failure,9.699999999999989,45885.0,0.15375722543352602
0,299.2,308.9,1368,47.2,175,0,No Failure,9.699999999999989,64569.600000000006,0.2681818181818182
0,299.2,308.9,1526,37.9,177,0,No Failure,9.699999999999989,57835.4,0.21292134831460674
0,299.2,308.8,1542,39.2,179,0,No Failure,9.600000000000023,60446.4,0.2177777777777778
0,299.2,308.8,1605,31.1,181,0,No Failure,9.600000000000023,49915.5,0.17087912087912088
0,299.2,308.8,1405,51.4,183,0,No Failure,9.600000000000023,72217.0,0.2793478260869565
1,299.2,308.8,1700,33.5,185,0,No Failure,9.600000000000023,56950.0,0.18010752688172044
2,299.2,308.8,1440,39.1,188,0,No Failure,9.600000000000023,56304.0,0.20687830687830688
1,299.2,308.8,1314,52.5,193,0,No Failure,9.600000000000023,68985.0,0.2706185567010309
0,299.2,308.7,1514,41.9,196,0,No Failure,9.5,63436.6,0.21269035532994923
1,299.2,308.7,1401,47.0,198,0,No Failure,9.5,65847.0,0.23618090452261306
0,299.3,308.8,1636,29.9,201,0,No Failure,9.5,48916.399999999994,0.148019801980198
0,299.3,308.8,1603,33.9,203,0,No Failure,9.5,54341.7,0.1661764705882353
1,299.4,308.7,1487,52.6,205,0,No Failure,9.300000000000011,78216.2,0.25533980582524274
1,299.3,308.7,1420,50.3,208,0,No Failure,9.399999999999977,71426.0,0.24066985645933012
0,299.3,308.7,1579,36.3,211,0,No Failure,9.399999999999977,57317.7,0.1712264150943396
0,299.3,308.7,1484,40.5,213,0,No Failure,9.399999999999977,60102.0,0.18925233644859812
1,299.3,308.7,1390,49.3,215,0,No Failure,9.399999999999977,68527.0,0.22824074074074072
0,299.3,308.6,1384,53.6,218,1,Overstrain Failure,9.300000000000011,74182.40000000001,0.2447488584474886
0,299.2,308.5,1378,50.4,220,1,Overstrain Failure,9.300000000000011,69451.2,0.22805429864253393
0,299.2,308.5,1445,45.2,222,0,No Failure,9.300000000000011,65314.00000000001,0.20269058295964126
0,299.2,308.4,1445,43.5,224,0,No Failure,9.199999999999989,62857.5,0.19333333333333333
0,299.2,308.4,1509,39.4,0,0,No Failure,9.199999999999989,59454.6,39.4
0,299.2,308.4,1434,46.8,2,0,No Failure,9.199999999999989,67111.2,15.6
0,299.2,308.4,1877,23.9,4,0,No Failure,9.199999999999989,44860.299999999996,4.779999999999999
0,299.3,308.3,1651,28.0,6,0,No Failure,9.0,46228.0,4.0
0,299.2,308.2,1466,41.3,8,0,No Failure,9.0,60545.799999999996,4.588888888888889
0,299.1,308.1,1479,40.7,10,0,No Failure,9.0,60195.3,3.7
0,299.1,308.2,1409,46.4,12,0,No Failure,9.099999999999966,65377.6,3.569230769230769
1,299.2,308.2,1674,28.2,14,0,No Failure,9.0,47206.799999999996,1.88
0,299.1,308.3,1305,61.4,17,0,No Failure,9.199999999999989,80127.0,3.411111111111111
1,299.2,308.3,1755,26.4,19,0,No Failure,9.100000000000023,46332.0,1.3199999999999998
0,299.2,308.4,1475,38.7,22,0,No Failure,9.199999999999989,57082.50000000001,1.682608695652174
0,299.2,308.4,1402,47.7,24,0,No Failure,9.199999999999989,66875.40000000001,1.9080000000000001
0,299.2,308.3,1410,43.0,26,0,No Failure,9.100000000000023,60630.0,1.5925925925925926
0,299.2,308.4,1436,41.8,28,0,No Failure,9.199999999999989,60024.799999999996,1.4413793103448276
1,299.3,308.5,1386,42.2,30,0,No Failure,9.199999999999989,58489.200000000004,1.3612903225806452
0,299.3,308.6,1744,26.4,33,0,No Failure,9.300000000000011,46041.6,0.776470588235294
0,299.2,308.4,1393,48.4,35,0,No Failure,9.199999999999989,67421.2,1.3444444444444443
1,299.3,308.5,1422,45.4,37,0,No Failure,9.199999999999989,64558.799999999996,1.194736842105263
0,299.2,308.4,1841,22.8,40,0,No Failure,9.199999999999989,41974.8,0.5560975609756098
0,299.3,308.6,1433,37.7,42,0,No Failure,9.300000000000011,54024.100000000006,0.8767441860465117
1,299.3,308.5,1305,60.6,44,0,No Failure,9.199999999999989,79083.0,1.3466666666666667
2,299.3,308.6,1498,39.5,47,0,No Failure,9.300000000000011,59171.0,0.8229166666666666
0,299.3,308.5,1772,26.1,52,0,No Failure,9.199999999999989,46249.200000000004,0.49245283018867925
1,299.2,308.4,1381,42.5,54,0,No Failure,9.199999999999989,58692.5,0.7727272727272727
0,299.3,308.5,1413,38.5,57,0,No Failure,9.199999999999989,54400.5,0.6637931034482759
2,299.2,308.4,1388,53.2,59,0,No Failure,9.199999999999989,73841.6,0.8866666666666667
1,299.2,308.6,1631,35.4,64,0,No Failure,9.400000000000034,57737.399999999994,0.5446153846153846
2,299.3,308.6,1520,41.4,67,0,No Failure,9.300000000000011,62928.0,0.6088235294117647
0,299.3,308.5,1510,45.4,72,0,No Failure,9.199999999999989,68554.0,0.6219178082191781
0,299.2,308.5,1366,49.7,74,0,No Failure,9.300000000000011,67890.2,0.6626666666666667
0,299.4,308.5,1845,22.9,76,0,No Failure,9.100000000000023,42250.5,0.2974025974025974
0,299.3,308.5,1485,44.7,78,0,No Failure,9.199999999999989,66379.5,0.5658227848101266
1,299.3,308.5,1496,39.4,80,0,No Failure,9.199999999999989,58942.4,0.4864197530864197
1,299.3,308.4,1468,42.2,83,0,No Failure,9.099999999999966,61949.600000000006,0.5023809523809524
1,299.2,308.4,1856,22.7,86,0,No Failure,9.199999999999989,42131.2,0.26091954022988506
0,299.2,308.4,1620,34.1,89,0,No Failure,9.199999999999989,55242.0,0.3788888888888889
0,299.3,308.5,1409,44.8,91,0,No Failure,9.199999999999989,63123.2,0.4869565217391304
1,299.3,308.5,1404,49.4,93,0,No Failure,9.199999999999989,69357.59999999999,0.5255319148936171
0,299.2,308.4,1350,51.3,96,0,No Failure,9.199999999999989,69255.0,0.5288659793814433
1,299.2,308.4,1538,38.0,98,0,No Failure,9.199999999999989,58444.0,0.3838383838383838
1,299.2,308.4,1476,32.7,101,0,No Failure,9.199999999999989,48265.200000000004,0.3205882352941177
1,299.2,308.3,1364,51.8,104,0,No Failure,9.100000000000023,70655.2,0.4933333333333333
1,299.2,308.3,1582,45.5,107,0,No Failure,9.100000000000023,71981.0,0.4212962962962963
0,299.1,308.2,1348,56.1,110,0,No Failure,9.099999999999966,75622.8,0.5054054054054055
2,299.1,308.2,1450,46.1,112,0,No Failure,9.099999999999966,66845.0,0.4079646017699115
0,299.0,308.1,1242,60.9,117,0,No Failure,9.100000000000023,75637.8,0.5161016949152543
0,299.1,308.2,1493,34.9,119,0,No Failure,9.099999999999966,52105.7,0.29083333333333333
0,299.1,308.3,1601,31.4,121,0,No Failure,9.199999999999989,50271.399999999994,0.25737704918032783
0,299.1,308.2,1568,33.3,123,0,No Failure,9.099999999999966,52214.399999999994,0.26854838709677414
1,299.1,308.3,1506,38.0,125,0,No Failure,9.199999999999989,57228.0,0.30158730158730157
0,299.1,308.3,1524,34.1,128,0,No Failure,9.199999999999989,51968.4,0.26434108527131783
0,299.1,308.4,1543,37.9,130,0,No Failure,9.299999999999955,58479.7,0.28931297709923665
1,299.2,308.5,1474,47.2,132,0,No Failure,9.300000000000011,69572.8,0.3548872180451128
1,299.2,308.5,1526,37.3,135,0,No Failure,9.300000000000011,56919.799999999996,0.2742647058823529
0,299.2,308.5,1867,27.0,138,0,No Failure,9.300000000000011,50409.0,0.19424460431654678
0,299.2,308.5,1487,41.2,140,0,No Failure,9.300000000000011,61264.4,0.2921985815602837
0,299.2,308.4,1580,32.6,142,0,No Failure,9.199999999999989,51508.0,0.22797202797202798
0,299.2,308.5,1340,50.0,144,0,No Failure,9.300000000000011,67000.0,0.3448275862068966
0,299.2,308.5,1544,41.6,146,0,No Failure,9.300000000000011,64230.4,0.2829931972789116
0,299.2,308.5,1488,40.3,148,0,No Failure,9.300000000000011,59966.399999999994,0.2704697986577181
1,299.2,308.5,1742,28.9,150,0,No Failure,9.300000000000011,50343.799999999996,0.19139072847682118
1,299.1,308.5,1592,34.2,153,0,No Failure,9.399999999999977,54446.4,0.2220779220779221
0,299.2,308.6,1582,38.8,156,0,No Failure,9.400000000000034,61381.6,0.2471337579617834
0,299.2,308.5,1490,43.2,158,0,No Failure,9.300000000000011,64368.00000000001,0.27169811320754716
1,299.2,308.5,1594,35.8,160,0,No Failure,9.300000000000011,57065.2,0.22236024844720495
2,299.2,308.6,1462,55.0,163,0,No Failure,9.400000000000034,80410.0,0.3353658536585366
1,299.2,308.6,1367,47.6,168,0,No Failure,9.400000000000034,65069.200000000004,0.28165680473372784
0,299.2,308.7,1325,51.0,171,0,No Failure,9.5,67575.0,0.29651162790697677
2,299.2,308.7,1448,51.4,173,0,No Failure,9.5,74427.2,0.29540229885057473
1,299.1,308.7,2008,20.3,178,0,No Failure,9.599999999999966,40762.4,0.11340782122905028
0,299.1,308.7,1498,38.9,181,0,No Failure,9.599999999999966,58272.2,0.21373626373626373
0,299.1,308.6,1437,41.6,183,0,No Failure,9.5,59779.200000000004,0.22608695652173913
1,299.1,308.6,1499,45.1,185,0,No Failure,9.5,67604.90000000001,0.2424731182795699
0,299.0,308.4,1356,52.6,188,0,No Failure,9.399999999999977,71325.6,0.27830687830687834
0,299.1,308.5,1539,46.8,190,0,No Failure,9.399999999999977,72025.2,0.2450261780104712
0,299.1,308.5,1689,32.1,192,0,No Failure,9.399999999999977,54216.9,0.16632124352331606
0,299.0,308.5,1559,38.1,194,0,No Failure,9.5,59397.9,0.19538461538461538
0,299.1,308.6,1408,46.7,196,0,No Failure,9.5,65753.6,0.2370558375634518
0,299.0,308.5,1886,23.0,198,0,No Failure,9.5,43378.0,0.11557788944723618
0,299.1,308.5,1415,43.4,0,0,No Failure,9.399999999999977,61411.0,43.4
1,299.1,308.5,1587,35.6,2,0,No Failure,9.399999999999977,56497.200000000004,11.866666666666667
0,299.0,308.4,1571,38.6,5,0,No Failure,9.399999999999977,60640.600000000006,6.433333333333334
0,298.9,308.3,1576,36.6,7,0,No Failure,9.400000000000034,57681.600000000006,4.575
0,298.9,308.3,1660,34.4,9,0,No Failure,9.400000000000034,57104.0,3.44
1,298.9,308.2,1328,49.2,11,0,No Failure,9.300000000000011,65337.600000000006,4.1000000000000005
2,298.8,308.2,1450,44.7,14,0,No Failure,9.399999999999977,64815.00000000001,2.98
0,298.9,308.2,2384,15.0,19,0,No Failure,9.300000000000011,35760.0,0.75
0,298.8,308.2,1443,53.4,21,0,No Failure,9.399999999999977,77056.2,2.4272727272727272
1,298.9,308.2,2022,20.0,23,0,No Failure,9.300000000000011,40440.0,0.8333333333333334
0,298.9,308.2,1828,23.8,26,0,No Failure,9.300000000000011,43506.4,0.8814814814814815
0,298.8,308.1,1472,53.5,28,0,No Failure,9.300000000000011,78752.0,1.8448275862068966
1,298.9,308.2,1372,63.6,30,1,Power Failure,9.300000000000011,87259.2,2.0516129032258066
0,298.9,308.3,1855,23.8,33,0,No Failure,9.400000000000034,44149.0,0.7000000000000001
1,299.0,308.3,1377,47.2,35,0,No Failure,9.300000000000011,64994.4,1.3111111111111111
0,298.9,308.3,1432,48.9,38,0,No Failure,9.400000000000034,70024.8,1.2538461538461538
1,298.9,308.2,1335,47.8,40,0,No Failure,9.300000000000011,63812.99999999999,1.1658536585365853
1,298.9,308.2,1411,51.3,43,0,No Failure,9.300000000000011,72384.3,1.1659090909090908
0,298.9,308.2,1510,43.5,46,0,No Failure,9.300000000000011,65685.0,0.925531914893617
0,299.0,308.3,1441,44.0,48,0,No Failure,9.300000000000011,63404.0,0.8979591836734694
1,299.0,308.2,1358,42.7,50,0,No Failure,9.199999999999989,57986.600000000006,0.8372549019607843
0,298.9,308.2,1686,30.4,53,0,No Failure,9.300000000000011,51254.399999999994,0.5629629629629629
2,299.0,308.2,1662,30.4,55,0,No Failure,9.199999999999989,50524.799999999996,0.5428571428571428
0,299.1,308.3,1426,40.1,60,0,No Failure,9.199999999999989,57182.6,0.6573770491803279
1,299.1,308.4,1330,53.6,62,0,No Failure,9.299999999999955,71288.0,0.8507936507936508
0,299.1,308.4,1693,31.6,65,0,No Failure,9.299999999999955,53498.8,0.4787878787878788
0,299.1,308.4,1426,47.9,67,0,No Failure,9.299999999999955,68305.4,0.7044117647058823
0,299.1,308.5,1676,31.0,69,0,No Failure,9.399999999999977,51956.0,0.44285714285714284
1,299.1,308.4,1332,51.7,71,0,No Failure,9.299999999999955,68864.40000000001,0.7180555555555556
0,299.1,308.5,1647,35.0,74,0,No Failure,9.399999999999977,57645.0,0.4666666666666667
0,299.2,308.6,1267,68.2,76,1,Power Failure,9.400000000000034,86409.40000000001,0.8857142857142858
2,299.2,308.7,1375,55.1,78,0,No Failure,9.5,75762.5,0.6974683544303798
0,299.3,308.6,1422,48.9,83,0,No Failure,9.300000000000011,69535.8,0.5821428571428571
0,299.3,308.7,1408,48.7,85,0,No Failure,9.399999999999977,68569.6,0.5662790697674419
0,299.4,308.9,1440,42.5,87,0,No Failure,9.5,61200.0,0.48295454545454547
0,299.3,308.8,1772,25.2,89,0,No Failure,9.5,44654.4,0.27999999999999997
0,299.2,308.7,1492,37.8,91,0,No Failure,9.5,56397.6,0.41086956521739126
0,299.2,308.7,1650,30.5,93,0,No Failure,9.5,50325.0,0.324468085106383
1,299.1,308.6,2329,14.6,95,0,No Failure,9.5,34003.4,0.15208333333333332
0,299.0,308.6,1648,30.8,98,0,No Failure,9.600000000000023,50758.4,0.3111111111111111
0,299.0,308.6,1653,31.7,100,0,No Failure,9.600000000000023,52400.1,0.31386138613861386
0,299.0,308.6,1946,22.3,102,0,No Failure,9.600000000000023,43395.8,0.21650485436893205
0,299.1,308.6,1555,36.6,104,0,No Failure,9.5,56913.0,0.3485714285714286
0,299.0,308.6,1661,32.2,106,0,No Failure,9.600000000000023,53484.200000000004,0.30093457943925234
0,299.0,308.6,1434,45.9,108,0,No Failure,9.600000000000023,65820.59999999999,0.42110091743119266
0,299.0,308.6,1297,54.2,110,0,No Failure,9.600000000000023,70297.40000000001,0.4882882882882883
0,299.0,308.6,1466,46.4,112,0,No Failure,9.600000000000023,68022.4,0.41061946902654867
1,298.9,308.6,1517,39.8,114,0,No Failure,9.700000000000045,60376.6,0.3460869565217391
0,298.9,308.5,1742,34.5,117,0,No Failure,9.600000000000023,60099.0,0.2923728813559322
0,298.9,308.5,1580,39.1,119,0,No Failure,9.600000000000023,61778.0,0.32583333333333336
1,298.9,308.5,1534,42.9,121,0,No Failure,9.600000000000023,65808.59999999999,0.3516393442622951
0,298.9,308.6,1481,40.7,124,0,No Failure,9.700000000000045,60276.700000000004,0.3256
0,299.0,308.6,1429,37.7,126,0,No Failure,9.600000000000023,53873.3,0.2968503937007874
1,298.9,308.6,1574,33.5,128,0,No Failure,9.700000000000045,52729.0,0.2596899224806202
1,298.9,308.6,1524,40.4,131,0,No Failure,9.700000000000045,61569.6,0.30606060606060603
0,299.0,308.7,1507,37.5,134,0,No Failure,9.699999999999989,56512.5,0.2777777777777778
0,298.9,308.5,1467,44.7,136,0,No Failure,9.600000000000023,65574.90000000001,0.32627737226277376
0,298.9,308.4,1301,51.1,138,0,No Failure,9.5,66481.1,0.36762589928057554
0,298.9,308.5,1429,55.1,140,0,No Failure,9.600000000000023,78737.90000000001,0.39078014184397164
1,298.9,308.5,1555,37.6,142,0,No Failure,9.600000000000023,58468.0,0.2629370629370629
0,298.9,308.5,1503,40.6,145,0,No Failure,9.600000000000023,61021.8,0.27808219178082194
0,298.9,308.5,1459,43.1,147,0,No Failure,9.600000000000023,62882.9,0.29121621621621624
2,298.9,308.4,1449,42.4,149,0,No Failure,9.5,61437.6,0.2826666666666667
0,298.9,308.5,1387,57.3,154,0,No Failure,9.600000000000023,79475.09999999999,0.36967741935483867
1,298.9,308.5,1456,50.0,156,0,No Failure,9.600000000000023,72800.0,0.3184713375796178
0,299.0,308.5,1604,34.7,159,0,No Failure,9.5,55658.8,0.216875
0,299.0,308.6,1734,32.4,161,0,No Failure,9.600000000000023,56181.6,0.19999999999999998
0,299.0,308.6,1378,47.8,163,0,No Failure,9.600000000000023,65868.4,0.2914634146341463
0,298.9,308.7,1504,41.8,165,0,No Failure,9.800000000000011,62867.2,0.25180722891566265
1,298.9,308.7,1402,49.8,167,0,No Failure,9.800000000000011,69819.59999999999,0.29642857142857143
2,298.8,308.6,1524,37.7,170,0,No Failure,9.800000000000011,57454.8,0.22046783625730995
0,298.8,308.6,1593,35.5,175,0,No Failure,9.800000000000011,56551.5,0.20170454545454544
1,298.9,308.7,1772,28.4,177,0,No Failure,9.800000000000011,50324.799999999996,0.1595505617977528
2,298.9,308.6,1623,31.0,180,0,No Failure,9.700000000000045,50313.0,0.1712707182320442
0,298.9,308.7,1356,50.7,185,0,No Failure,9.800000000000011,68749.2,0.2725806451612903
2,298.9,308.7,1500,41.6,187,0,No Failure,9.800000000000011,62400.0,0.22127659574468087
2,299.1,308.8,1566,46.6,192,0,No Failure,9.699999999999989,72975.6,0.24145077720207256
0,299.1,308.9,1445,43.4,197,0,No Failure,9.799999999999955,62713.0,0.2191919191919192
2,299.0,308.8,1382,58.5,199,0,No Failure,9.800000000000011,80847.0,0.2925
1,299.0,308.8,1418,45.7,204,0,No Failure,9.800000000000011,64802.600000000006,0.2229268292682927
0,299.1,308.8,1329,53.6,207,1,Overstrain Failure,9.699999999999989,71234.40000000001,0.2576923076923077
1,299.1,308.8,1491,41.0,209,0,No Failure,9.699999999999989,61131.0,0.19523809523809524
1,299.2,308.9,1573,37.4,212,0,No Failure,9.699999999999989,58830.2,0.1755868544600939
1,299.2,308.9,1521,42.3,215,0,No Failure,9.699999999999989,64338.299999999996,0.19583333333333333
0,299.1,308.9,1467,47.2,218,0,No Failure,9.799999999999955,69242.40000000001,0.21552511415525116
1,299.1,308.9,1325,48.4,220,0,No Failure,9.799999999999955,64130.0,0.21900452488687783
0,299.1,308.9,1617,32.3,223,0,No Failure,9.799999999999955,52229.1,0.14419642857142856
1,299.1,308.9,1476,42.7,225,0,No Failure,9.799999999999955,63025.200000000004,0.18893805309734515
0,299.2,309.0,1515,48.9,228,1,Overstrain Failure,9.800000000000011,74083.5,0.21353711790393012
0,299.2,309.0,1408,47.2,0,0,No Failure,9.800000000000011,66457.6,47.2
0,299.2,309.1,1468,45.6,2,0,No Failure,9.900000000000034,66940.8,15.200000000000001
0,299.2,309.1,1387,48.7,4,0,No Failure,9.900000000000034,67546.90000000001,9.74
1,299.2,309.1,1503,34.7,6,0,No Failure,9.900000000000034,52154.100000000006,4.957142857142857
2,299.2,309.1,1410,47.1,9,0,No Failure,9.900000000000034,66411.0,4.71
0,299.0,308.9,1615,30.6,14,0,No Failure,9.899999999999977,49419.0,2.04
0,299.0,308.9,1511,35.9,16,0,No Failure,9.899999999999977,54244.9,2.111764705882353
0,299.1,309.0,1405,53.8,18,0,No Failure,9.899999999999977,75589.0,2.831578947368421
1,299.0,308.9,1526,41.1,20,0,No Failure,9.899999999999977,62718.6,1.9571428571428573
0,298.9,308.8,1530,38.3,23,0,No Failure,9.900000000000034,58598.99999999999,1.5958333333333332
0,299.0,308.7,1583,32.5,25,0,No Failure,9.699999999999989,51447.5,1.25
0,298.9,308.6,2069,18.7,27,0,No Failure,9.700000000000045,38690.299999999996,0.6678571428571428
0,298.8,308.5,1490,35.0,29,0,No Failure,9.699999999999989,52150.0,1.1666666666666667
0,298.8,308.5,1736,29.0,31,0,No Failure,9.699999999999989,50344.0,0.90625
0,298.8,308.5,1395,44.4,33,0,No Failure,9.699999999999989,61938.0,1.3058823529411765
1,298.9,308.6,1425,49.6,35,0,No Failure,9.700000000000045,70680.0,1.3777777777777778
0,298.8,308.6,1631,32.4,38,0,No Failure,9.800000000000011,52844.399999999994,0.8307692307692307
0,298.8,308.6,1535,41.2,40,0,No Failure,9.800000000000011,63242.00000000001,1.0048780487804878
0,298.8,308.6,1584,34.4,42,0,No Failure,9.800000000000011,54489.6,0.7999999999999999
1,298.8,308.7,1543,38.2,44,0,No Failure,9.899999999999977,58942.600000000006,0.8488888888888889
0,298.8,308.7,1635,35.2,47,0,No Failure,9.899999999999977,57552.00000000001,0.7333333333333334
1,298.8,308.7,1446,45.5,49,0,No Failure,9.899999999999977,65793.0,0.91
1,298.8,308.6,1598,35.1,52,0,No Failure,9.800000000000011,56089.8,0.6622641509433963
0,298.8,308.6,1501,35.0,55,0,No Failure,9.800000000000011,52535.0,0.625
0,298.8,308.5,1450,50.8,57,0,No Failure,9.699999999999989,73660.0,0.8758620689655172
0,298.8,308.6,1730,25.9,59,0,No Failure,9.800000000000011,44807.0,0.43166666666666664
1,298.8,308.6,1571,33.7,61,0,No Failure,9.800000000000011,52942.700000000004,0.5435483870967742
0,298.9,308.7,1438,51.7,64,0,No Failure,9.800000000000011,74344.6,0.7953846153846155
1,298.8,308.5,1510,38.7,66,0,No Failure,9.699999999999989,58437.00000000001,0.5776119402985075
0,298.9,308.7,1389,44.9,69,0,No Failure,9.800000000000011,62366.1,0.6414285714285715
0,298.8,308.7,1490,33.6,71,0,No Failure,9.899999999999977,50064.0,0.4666666666666667
0,298.9,308.7,1729,26.6,73,0,No Failure,9.800000000000011,45991.4,0.35945945945945945
0,299.0,308.8,1495,38.4,75,0,No Failure,9.800000000000011,57408.0,0.5052631578947369
0,298.9,308.8,1281,53.9,77,0,No Failure,9.900000000000034,69045.9,0.691025641025641
2,298.9,308.7,1353,48.1,79,0,No Failure,9.800000000000011,65079.3,0.6012500000000001
0,299.1,308.8,1429,50.1,84,0,No Failure,9.699999999999989,71592.90000000001,0.5894117647058824
0,299.1,308.8,1413,42.1,86,0,No Failure,9.699999999999989,59487.3,0.48390804597701154
0,299.1,308.8,1502,38.3,88,0,No Failure,9.699999999999989,57526.6,0.43033707865168536
2,299.1,308.8,1553,32.6,90,0,No Failure,9.699999999999989,50627.8,0.35824175824175825
2,299.2,308.9,1712,26.4,95,0,No Failure,9.699999999999989,45196.799999999996,0.27499999999999997
0,299.3,309.0,1786,23.5,100,0,No Failure,9.699999999999989,41971.0,0.23267326732673269
0,299.2,309.0,1951,21.4,102,0,No Failure,9.800000000000011,41751.399999999994,0.2077669902912621
1,299.2,309.0,1541,36.3,104,0,No Failure,9.800000000000011,55938.299999999996,0.3457142857142857
0,299.2,309.1,1605,34.3,107,0,No Failure,9.900000000000034,55051.49999999999,0.3175925925925926
0,299.2,309.1,1578,38.1,109,0,No Failure,9.900000000000034,60121.8,0.3463636363636364
1,299.3,309.2,1440,37.5,111,0,No Failure,9.899999999999977,54000.0,0.33482142857142855
0,299.4,309.2,1489,42.3,114,0,No Failure,9.800000000000011,62984.7,0.3678260869565217
0,299.4,309.3,1366,48.4,116,0,No Failure,9.900000000000034,66114.4,0.41367521367521365
0,299.3,309.2,1541,37.2,118,0,No Failure,9.899999999999977,57325.200000000004,0.3126050420168067
2,299.3,309.1,1552,40.7,120,0,No Failure,9.800000000000011,63166.4,0.33636363636363636
0,299.3,309.1,1473,40.3,125,0,No Failure,9.800000000000011,59361.899999999994,0.3198412698412698
0,299.3,309.1,1531,37.9,127,0,No Failure,9.800000000000011,58024.9,0.29609375
0,299.3,309.2,1511,37.2,129,0,No Failure,9.899999999999977,56209.200000000004,0.2861538461538462
1,299.3,309.1,1449,47.9,131,0,No Failure,9.800000000000011,69407.09999999999,0.36287878787878786
1,299.4,309.1,1440,50.0,134,0,No Failure,9.700000000000045,72000.0,0.37037037037037035
1,299.2,309.0,1881,23.9,137,0,No Failure,9.800000000000011,44955.899999999994,0.17318840579710143
0,299.3,309.0,1447,50.4,140,0,No Failure,9.699999999999989,72928.8,0.3574468085106383
1,299.4,309.1,1326,62.0,142,0,No Failure,9.700000000000045,82212.0,0.43356643356643354
0,299.4,309.2,1607,31.7,145,0,No Failure,9.800000000000011,50941.9,0.21712328767123287
0,299.3,309.1,1551,39.1,147,0,No Failure,9.800000000000011,60644.100000000006,0.2641891891891892
0,299.3,309.1,1496,37.2,149,0,No Failure,9.800000000000011,55651.200000000004,0.24800000000000003
0,299.3,309.1,1493,38.0,151,0,No Failure,9.800000000000011,56734.0,0.25
0,299.4,309.1,1304,50.5,153,0,No Failure,9.700000000000045,65852.0,0.32792207792207795
1,299.3,309.0,1420,41.6,155,0,No Failure,9.699999999999989,59072.0,0.26666666666666666
0,299.4,309.1,1766,24.6,158,0,No Failure,9.700000000000045,43443.600000000006,0.1547169811320755
0,299.6,309.2,1450,43.1,160,0,No Failure,9.599999999999966,62495.0,0.2677018633540373
2,299.5,309.2,1872,22.6,162,0,No Failure,9.699999999999989,42307.200000000004,0.13865030674846626
0,299.6,309.2,1713,26.5,167,0,No Failure,9.599999999999966,45394.5,0.15773809523809523
1,299.5,309.2,1497,40.9,169,0,No Failure,9.699999999999989,61227.299999999996,0.24058823529411763
1,299.4,309.1,1352,44.7,172,0,No Failure,9.700000000000045,60434.4,0.2583815028901734
0,299.5,309.2,1499,41.5,175,0,No Failure,9.699999999999989,62208.5,0.23579545454545456
0,299.5,309.3,1972,19.3,177,0,No Failure,9.800000000000011,38059.6,0.10842696629213483
0,299.5,309.3,1422,49.2,179,0,No Failure,9.800000000000011,69962.40000000001,0.2733333333333334
0,299.5,309.3,1523,41.5,181,0,No Failure,9.800000000000011,63204.5,0.22802197802197802
0,299.5,309.4,1563,41.5,183,0,No Failure,9.899999999999977,64864.5,0.22554347826086957
0,299.4,309.3,1391,46.6,185,0,No Failure,9.900000000000034,64820.6,0.25053763440860216
0,299.3,309.1,1795,24.7,187,0,No Failure,9.800000000000011,44336.5,0.13138297872340426
0,299.3,309.1,1293,53.7,189,0,No Failure,9.800000000000011,69434.1,0.28263157894736846
0,299.2,309.1,1345,60.7,191,1,Overstrain Failure,9.900000000000034,81641.5,0.31614583333333335
0,299.2,309.0,1615,33.7,193,0,No Failure,9.800000000000011,54425.50000000001,0.1737113402061856
0,299.2,308.9,1342,50.8,195,0,No Failure,9.699999999999989,68173.59999999999,0.25918367346938775
0,299.1,308.8,1502,46.7,197,0,No Failure,9.699999999999989,70143.40000000001,0.23585858585858588
1,299.0,308.7,1620,35.4,199,0,No Failure,9.699999999999989,57348.0,0.177
0,299.0,308.7,1537,42.8,202,0,No Failure,9.699999999999989,65783.59999999999,0.2108374384236453
0,299.0,308.7,2248,16.8,204,0,No Failure,9.699999999999989,37766.4,0.08195121951219513
0,299.0,308.7,1706,28.6,206,0,No Failure,9.699999999999989,48791.600000000006,0.1381642512077295
0,299.0,308.7,2250,16.6,208,0,No Failure,9.699999999999989,37350.0,0.07942583732057416
0,299.0,308.7,1396,48.6,0,0,No Failure,9.699999999999989,67845.6,48.6
0,298.9,308.6,1522,46.4,2,0,No Failure,9.700000000000045,70620.8,15.466666666666667
0,298.9,308.6,1539,45.4,4,0,No Failure,9.700000000000045,69870.59999999999,9.08
2,298.9,308.5,1415,54.0,6,0,No Failure,9.600000000000023,76410.0,7.714285714285714
0,298.8,308.5,1446,37.0,11,0,No Failure,9.699999999999989,53502.0,3.0833333333333335
1,298.8,308.6,1486,41.1,13,0,No Failure,9.800000000000011,61074.6,2.935714285714286
0,299.0,308.7,1426,38.6,16,0,No Failure,9.699999999999989,55043.6,2.2705882352941176
0,299.0,308.7,1449,38.9,18,0,No Failure,9.699999999999989,56366.1,2.0473684210526315
0,299.1,308.8,1320,67.5,20,1,Power Failure,9.699999999999989,89100.0,3.2142857142857144
1,299.2,308.9,1447,39.6,22,0,No Failure,9.699999999999989,57301.200000000004,1.7217391304347827
0,299.3,309.0,1422,47.3,25,0,No Failure,9.699999999999989,67260.59999999999,1.8192307692307692
0,299.3,309.1,1399,52.1,27,0,No Failure,9.800000000000011,72887.90000000001,1.8607142857142858
0,299.4,309.2,1427,41.5,29,0,No Failure,9.800000000000011,59220.5,1.3833333333333333
1,299.3,309.2,1334,46.3,31,0,No Failure,9.899999999999977,61764.2,1.446875
1,299.3,309.1,1385,45.6,34,0,No Failure,9.800000000000011,63156.0,1.302857142857143
0,299.4,309.2,1552,37.4,37,0,No Failure,9.800000000000011,58044.799999999996,0.9842105263157894
2,299.4,309.3,1534,37.5,39,0,No Failure,9.900000000000034,57525.0,0.9375
0,299.4,309.3,1448,48.6,44,0,No Failure,9.900000000000034,70372.8,1.08
0,299.5,309.3,1409,44.7,46,0,No Failure,9.800000000000011,62982.3,0.9510638297872341
0,299.4,309.2,1621,34.5,48,0,No Failure,9.800000000000011,55924.5,0.7040816326530612
2,299.4,309.1,1547,40.9,50,0,No Failure,9.700000000000045,63272.299999999996,0.8019607843137254
0,299.4,309.1,1957,22.1,55,0,No Failure,9.700000000000045,43249.700000000004,0.3946428571428572
0,299.4,309.1,2421,14.2,57,0,No Failure,9.700000000000045,34378.2,0.24482758620689654
1,299.3,309.1,1571,38.3,59,0,No Failure,9.800000000000011,60169.299999999996,0.6383333333333333
0,299.3,309.1,1634,36.8,62,0,No Failure,9.800000000000011,60131.2,0.584126984126984
0,299.3,309.0,1516,38.7,64,0,No Failure,9.699999999999989,58669.200000000004,0.5953846153846154
0,299.4,309.1,1207,66.5,66,0,No Failure,9.700000000000045,80265.5,0.9925373134328358
0,299.4,309.1,1670,35.9,68,0,No Failure,9.700000000000045,59953.0,0.5202898550724637
1,299.4,309.1,1461,48.6,70,0,No Failure,9.700000000000045,71004.6,0.6845070422535211
0,299.4,309.2,1569,40.8,73,0,No Failure,9.800000000000011,64015.2,0.5513513513513513
0,299.4,309.2,1556,35.7,75,0,No Failure,9.800000000000011,55549.200000000004,0.4697368421052632
1,299.5,309.3,1506,41.5,77,0,No Failure,9.800000000000011,62499.0,0.532051282051282
1,299.6,309.4,1642,30.3,80,0,No Failure,9.799999999999955,49752.6,0.37407407407407406
1,299.6,309.4,1283,62.1,83,0,No Failure,9.799999999999955,79674.3,0.7392857142857143
2,299.7,309.5,1375,46.8,86,0,No Failure,9.800000000000011,64349.99999999999,0.5379310344827586
0,299.7,309.4,1399,39.9,91,0,No Failure,9.699999999999989,55820.1,0.43369565217391304
0,299.7,309.4,1650,29.8,93,0,No Failure,9.699999999999989,49170.0,0.3170212765957447
1,299.8,309.6,1346,53.2,95,0,No Failure,9.800000000000011,71607.2,0.5541666666666667
2,299.9,309.6,1410,51.2,98,0,No Failure,9.700000000000045,72192.0,0.5171717171717172
0,300.0,309.7,1586,37.8,103,0,No Failure,9.699999999999989,59950.799999999996,0.36346153846153845
0,300.0,309.8,1372,39.6,105,0,No Failure,9.800000000000011,54331.200000000004,0.3735849056603774
2,300.0,309.7,1529,42.4,107,0,No Failure,9.699999999999989,64829.6,0.3925925925925926
1,300.0,309.7,1652,28.6,112,0,No Failure,9.699999999999989,47247.200000000004,0.2530973451327434
0,300.1,309.8,1532,39.8,115,0,No Failure,9.699999999999989,60973.6,0.34310344827586203
0,300.0,309.7,1554,32.0,117,0,No Failure,9.699999999999989,49728.0,0.2711864406779661
2,299.9,309.6,1462,51.0,119,0,No Failure,9.700000000000045,74562.0,0.425
0,299.9,309.6,1254,61.3,124,0,No Failure,9.700000000000045,76870.2,0.4904
0,299.9,309.6,1294,49.7,126,0,No Failure,9.700000000000045,64311.8,0.39133858267716537
0,299.8,309.5,1739,27.5,128,0,No Failure,9.699999999999989,47822.5,0.2131782945736434
1,299.8,309.4,1412,47.8,130,0,No Failure,9.599999999999966,67493.59999999999,0.3648854961832061
1,299.9,309.5,1372,56.2,133,0,No Failure,9.600000000000023,77106.40000000001,0.41940298507462687
2,299.8,309.5,1420,46.7,136,0,No Failure,9.699999999999989,66314.0,0.34087591240875914
0,299.8,309.5,1542,40.3,141,0,No Failure,9.699999999999989,62142.6,0.2838028169014084
1,299.8,309.4,1401,48.1,143,0,No Failure,9.599999999999966,67388.1,0.3340277777777778
0,299.8,309.4,1510,42.5,146,0,No Failure,9.599999999999966,64175.0,0.2891156462585034
2,299.9,309.5,1547,38.5,148,0,No Failure,9.600000000000023,59559.5,0.25838926174496646
1,299.8,309.5,1453,43.2,153,0,No Failure,9.699999999999989,62769.600000000006,0.28051948051948056
0,299.8,309.4,1408,45.6,156,0,No Failure,9.599999999999966,64204.8,0.29044585987261146
0,299.8,309.4,1436,51.6,158,0,No Failure,9.599999999999966,74097.6,0.32452830188679244
1,299.9,309.5,1582,38.2,160,0,No Failure,9.600000000000023,60432.4,0.23726708074534164
0,299.9,309.6,1280,59.3,163,0,No Failure,9.700000000000045,75904.0,0.3615853658536585
0,299.9,309.5,2008,20.4,165,0,No Failure,9.600000000000023,40963.2,0.12289156626506023
0,299.9,309.5,1772,23.5,167,0,No Failure,9.600000000000023,41642.0,0.13988095238095238
0,299.9,309.5,1779,26.1,169,0,No Failure,9.600000000000023,46431.9,0.1535294117647059
0,299.9,309.5,1567,35.5,171,0,No Failure,9.600000000000023,55628.5,0.2063953488372093
1,299.8,309.4,1751,27.0,173,0,No Failure,9.599999999999966,47277.0,0.15517241379310345
0,299.9,309.5,1349,51.3,176,0,No Failure,9.600000000000023,69203.7,0.28983050847457625
1,300.0,309.5,1425,40.8,178,0,No Failure,9.5,58139.99999999999,0.22793296089385473
0,300.0,309.4,1395,44.5,181,0,No Failure,9.399999999999977,62077.5,0.2445054945054945
2,299.8,309.3,1595,32.1,183,0,No Failure,9.5,51199.5,0.17445652173913045
0,299.8,309.3,1291,56.4,188,0,No Failure,9.5,72812.4,0.2984126984126984
1,299.9,309.4,1509,42.8,190,0,No Failure,9.5,64585.2,0.22408376963350785
1,299.9,309.4,1483,38.1,193,0,No Failure,9.5,56502.3,0.19639175257731958
0,299.9,309.3,1620,31.1,196,0,No Failure,9.400000000000034,50382.0,0.15786802030456853
1,299.9,309.4,1487,42.2,198,0,No Failure,9.5,62751.4,0.2120603015075377
0,299.8,309.4,2256,15.9,201,0,No Failure,9.599999999999966,35870.4,0.07871287128712871
2,299.7,309.2,1691,27.7,203,0,No Failure,9.5,46840.7,0.13578431372549019
1,299.8,309.3,1663,35.2,208,0,No Failure,9.5,58537.600000000006,0.16842105263157897
1,299.8,309.3,1640,31.1,211,0,No Failure,9.5,51004.0,0.14669811320754716
2,299.7,309.3,1494,37.8,214,0,No Failure,9.600000000000023,56473.2,0.1758139534883721
0,299.8,309.4,1467,46.2,219,0,No Failure,9.599999999999966,67775.40000000001,0.21000000000000002
1,299.7,309.3,1399,41.9,221,1,Tool Wear Failure,9.600000000000023,58618.1,0.18873873873873873
0,299.7,309.3,1445,42.6,0,0,No Failure,9.600000000000023,61557.0,42.6
0,299.8,309.4,1480,40.9,2,0,No Failure,9.599999999999966,60532.0,13.633333333333333
0,299.7,309.3,1546,37.2,4,0,No Failure,9.600000000000023,57511.200000000004,7.44
0,299.7,309.3,1574,35.8,6,0,No Failure,9.600000000000023,56349.2,5.114285714285714
0,299.7,309.3,1592,34.2,8,0,No Failure,9.600000000000023,54446.4,3.8000000000000003
0,299.8,309.5,1495,39.6,10,0,No Failure,9.699999999999989,59202.0,3.6
0,299.8,309.6,1447,43.1,12,0,No Failure,9.800000000000011,62365.700000000004,3.3153846153846156
0,299.8,309.5,1476,44.4,14,0,No Failure,9.699999999999989,65534.4,2.96
0,299.8,309.5,1641,27.1,16,0,No Failure,9.699999999999989,44471.100000000006,1.5941176470588236
0,299.8,309.5,1545,32.2,18,0,No Failure,9.699999999999989,49749.00000000001,1.6947368421052633
1,299.9,309.6,1364,44.4,20,0,No Failure,9.700000000000045,60561.6,2.1142857142857143
0,299.8,309.5,1590,28.5,23,0,No Failure,9.699999999999989,45315.0,1.1875
0,299.8,309.4,1460,37.4,25,0,No Failure,9.599999999999966,54604.0,1.4384615384615385
0,299.8,309.4,1609,32.5,27,0,No Failure,9.599999999999966,52292.5,1.1607142857142858
0,299.8,309.4,1633,27.5,29,0,No Failure,9.599999999999966,44907.5,0.9166666666666666
0,299.9,309.4,1348,52.8,31,0,No Failure,9.5,71174.4,1.65
0,299.9,309.4,1322,53.9,33,0,No Failure,9.5,71255.8,1.5852941176470587
0,300.0,309.5,1641,30.1,35,0,No Failure,9.5,49394.100000000006,0.8361111111111111
0,300.0,309.5,1728,26.0,37,0,No Failure,9.5,44928.0,0.6842105263157895
0,300.0,309.6,1431,47.7,39,0,No Failure,9.600000000000023,68258.7,1.1925000000000001
0,300.1,309.7,1641,30.4,41,0,No Failure,9.599999999999966,49886.399999999994,0.7238095238095238
1,300.1,309.6,1622,36.1,43,0,No Failure,9.5,58554.200000000004,0.8204545454545454
1,300.1,309.6,1625,38.0,46,0,No Failure,9.5,61750.0,0.8085106382978723
0,300.0,309.5,1869,22.7,49,0,No Failure,9.5,42426.299999999996,0.45399999999999996
0,300.0,309.6,1452,46.0,51,0,No Failure,9.600000000000023,66792.0,0.8846153846153846
0,300.0,309.6,1618,28.7,53,0,No Failure,9.600000000000023,46436.6,0.5314814814814814
0,300.0,309.4,2010,20.0,55,0,No Failure,9.399999999999977,40200.0,0.35714285714285715
0,299.9,309.4,1363,60.9,57,0,No Failure,9.5,83006.7,1.05
0,299.9,309.3,1473,40.4,59,0,No Failure,9.400000000000034,59509.2,0.6733333333333333
0,299.9,309.2,1333,50.8,61,0,No Failure,9.300000000000011,67716.4,0.8193548387096774
0,299.8,309.2,1760,25.9,63,0,No Failure,9.399999999999977,45584.0,0.4046875
1,299.8,309.2,1372,58.2,65,0,No Failure,9.399999999999977,79850.40000000001,0.8818181818181818
1,299.7,309.2,1608,34.4,68,0,No Failure,9.5,55315.2,0.49855072463768113
0,299.7,309.2,1326,64.8,71,0,No Failure,9.5,85924.8,0.8999999999999999
1,299.6,309.1,1560,37.1,73,0,No Failure,9.5,57876.0,0.5013513513513513
1,299.6,309.0,1539,36.1,76,0,No Failure,9.399999999999977,55557.9,0.4688311688311689
0,299.6,309.1,2266,15.3,79,0,No Failure,9.5,34669.8,0.19125
0,299.6,309.1,1641,35.8,81,0,No Failure,9.5,58747.799999999996,0.4365853658536585
0,299.6,309.1,1574,39.2,83,0,No Failure,9.5,61700.8,0.4666666666666667
0,299.6,309.1,1407,50.6,85,0,No Failure,9.5,71194.2,0.5883720930232559
2,299.7,309.2,1302,55.5,87,0,No Failure,9.5,72261.0,0.6306818181818182
1,299.6,309.2,1651,30.8,92,0,No Failure,9.599999999999966,50850.8,0.3311827956989247
1,299.6,309.1,1366,55.2,95,0,No Failure,9.5,75403.2,0.5750000000000001
1,299.5,309.0,1701,28.6,98,0,No Failure,9.5,48648.600000000006,0.2888888888888889
0,299.5,309.0,1498,44.6,101,0,No Failure,9.5,66810.8,0.4372549019607843
1,299.5,309.1,1422,45.3,103,0,No Failure,9.600000000000023,64416.6,0.43557692307692303
0,299.5,309.1,1357,47.3,106,0,No Failure,9.600000000000023,64186.1,0.4420560747663551
0,299.5,309.2,1690,29.2,108,0,No Failure,9.699999999999989,49348.0,0.26788990825688075
0,299.6,309.2,1559,39.1,110,0,No Failure,9.599999999999966,60956.9,0.35225225225225226
1,299.6,309.3,1553,32.4,112,0,No Failure,9.699999999999989,50317.2,0.2867256637168141
0,299.6,309.3,1558,34.8,115,0,No Failure,9.699999999999989,54218.399999999994,0.3
0,299.7,309.4,1362,51.9,117,0,No Failure,9.699999999999989,70687.8,0.4398305084745763
1,299.8,309.3,1470,42.7,119,0,No Failure,9.5,62769.00000000001,0.35583333333333333
0,299.8,309.4,1555,34.8,122,0,No Failure,9.599999999999966,54113.99999999999,0.28292682926829266
1,299.8,309.4,1423,42.9,124,0,No Failure,9.599999999999966,61046.7,0.3432
0,299.7,309.3,1434,38.5,127,0,No Failure,9.600000000000023,55209.0,0.30078125
0,299.7,309.3,1779,25.5,129,0,No Failure,9.600000000000023,45364.5,0.19615384615384615
0,299.7,309.3,1417,54.6,131,0,No Failure,9.600000000000023,77368.2,0.41363636363636364
0,299.6,309.2,1425,45.9,133,0,No Failure,9.599999999999966,65407.5,0.34253731343283583
1,299.7,309.2,1597,32.9,135,0,No Failure,9.5,52541.299999999996,0.24191176470588235
0,299.7,309.2,1346,57.4,138,0,No Failure,9.5,77260.4,0.41294964028776976
0,299.7,309.2,1422,40.4,140,0,No Failure,9.5,57448.799999999996,0.28652482269503543
2,299.7,309.2,1572,32.8,142,0,No Failure,9.5,51561.6,0.22937062937062935
0,299.7,309.2,1412,45.4,147,0,No Failure,9.5,64104.799999999996,0.30675675675675673
1,299.7,309.1,1576,36.4,149,0,No Failure,9.400000000000034,57366.399999999994,0.24266666666666667
1,299.7,309.1,1508,41.2,152,0,No Failure,9.400000000000034,62129.600000000006,0.26928104575163403
1,299.8,309.1,1496,44.4,155,0,No Failure,9.300000000000011,66422.4,0.2846153846153846
0,299.8,309.2,1572,35.4,158,0,No Failure,9.399999999999977,55648.799999999996,0.22264150943396224
0,299.6,309.0,1525,42.8,160,0,No Failure,9.399999999999977,65269.99999999999,0.26583850931677017
0,299.6,309.0,1378,51.9,162,0,No Failure,9.399999999999977,71518.2,0.3184049079754601
0,299.6,309.1,1369,51.4,164,0,No Failure,9.5,70366.59999999999,0.3115151515151515
0,299.6,309.1,1476,45.3,166,0,No Failure,9.5,66862.8,0.2712574850299401
0,299.7,309.2,1620,30.0,168,0,No Failure,9.5,48600.0,0.17751479289940827
1,299.7,309.1,1603,38.5,170,0,No Failure,9.400000000000034,61715.5,0.22514619883040934
0,299.7,309.2,1411,46.1,173,0,No Failure,9.5,65047.1,0.2649425287356322
0,299.7,309.2,1616,31.6,175,0,No Failure,9.5,51065.600000000006,0.17954545454545456
0,299.7,309.2,1631,35.1,177,0,No Failure,9.5,57248.100000000006,0.19719101123595506
1,299.7,309.2,1685,28.9,179,1,Unknown Failure,9.5,48696.5,0.16055555555555553
2,299.7,309.2,1456,40.6,182,0,No Failure,9.5,59113.6,0.22185792349726777
0,299.7,309.1,1417,50.1,187,0,No Failure,9.400000000000034,70991.7,0.26648936170212767
1,299.7,309.1,1851,24.7,189,0,No Failure,9.400000000000034,45719.7,0.13
0,299.7,309.1,1715,27.8,192,0,No Failure,9.400000000000034,47677.0,0.14404145077720207
2,299.6,309.1,1630,32.3,194,0,No Failure,9.5,52648.99999999999,0.16564102564102562
0,299.7,309.2,1478,38.8,199,0,No Failure,9.5,57346.399999999994,0.19399999999999998
0,299.7,309.2,1781,29.6,201,0,No Failure,9.5,52717.600000000006,0.14653465346534655
0,299.8,309.2,1439,36.1,203,0,No Failure,9.399999999999977,51947.9,0.1769607843137255
1,299.7,309.2,1412,45.3,205,0,No Failure,9.5,63963.6,0.21990291262135922
0,299.7,309.1,1483,41.1,208,0,No Failure,9.400000000000034,60951.3,0.1966507177033493
0,299.8,309.2,1400,42.6,210,0,No Failure,9.399999999999977,59640.0,0.2018957345971564
0,299.8,309.3,1299,65.1,212,1,Overstrain Failure,9.5,84564.9,0.3056338028169014
0,299.8,309.2,1479,44.4,214,0,No Failure,9.399999999999977,65667.59999999999,0.20651162790697675
0,299.8,309.2,1491,47.5,216,0,No Failure,9.399999999999977,70822.5,0.21889400921658986
1,299.9,309.3,1389,52.8,0,0,No Failure,9.400000000000034,73339.2,52.8
1,299.9,309.4,1399,54.8,3,0,No Failure,9.5,76665.2,13.7
1,299.9,309.4,1889,26.0,6,0,No Failure,9.5,49114.0,3.7142857142857144
0,300.0,309.5,1925,21.9,9,0,No Failure,9.5,42157.5,2.19
0,300.0,309.5,1675,30.2,11,0,No Failure,9.5,50585.0,2.5166666666666666
1,300.0,309.6,1477,38.1,13,0,No Failure,9.600000000000023,56273.700000000004,2.7214285714285715
0,300.0,309.6,1364,45.9,16,0,No Failure,9.600000000000023,62607.6,2.6999999999999997
0,299.9,309.5,1451,39.4,18,0,No Failure,9.600000000000023,57169.4,2.0736842105263156
0,299.9,309.4,1467,41.2,20,0,No Failure,9.5,60440.4,1.961904761904762
0,299.9,309.4,1858,22.5,22,0,No Failure,9.5,41805.0,0.9782608695652174
0,300.1,309.4,1559,39.7,24,0,No Failure,9.299999999999955,61892.3,1.588
0,300.1,309.4,1560,47.7,26,0,No Failure,9.299999999999955,74412.0,1.7666666666666668
0,300.1,309.4,1453,47.6,28,0,No Failure,9.299999999999955,69162.8,1.6413793103448275
0,300.1,309.4,1464,41.7,30,0,No Failure,9.299999999999955,61048.8,1.3451612903225807
0,300.0,309.4,1308,50.2,32,0,No Failure,9.399999999999977,65661.6,1.5212121212121212
0,300.1,309.5,1353,50.9,34,0,No Failure,9.399999999999977,68867.7,1.4542857142857142
1,300.2,309.6,1556,35.8,36,0,No Failure,9.400000000000034,55704.799999999996,0.9675675675675675
0,300.2,309.5,2183,17.8,39,0,No Failure,9.300000000000011,38857.4,0.445
1,300.2,309.6,1491,41.8,41,0,No Failure,9.400000000000034,62323.799999999996,0.9952380952380951
1,300.2,309.6,1528,35.1,44,0,No Failure,9.400000000000034,53632.8,0.78
0,300.2,309.6,1430,52.7,47,0,No Failure,9.400000000000034,75361.0,1.0979166666666667
0,300.2,309.5,1495,32.6,49,0,No Failure,9.300000000000011,48737.0,0.652
1,300.2,309.5,1630,28.3,51,0,No Failure,9.300000000000011,46129.0,0.5442307692307693
1,300.3,309.6,1524,38.4,54,0,No Failure,9.300000000000011,58521.6,0.6981818181818181
0,300.3,309.6,1326,52.4,57,0,No Failure,9.300000000000011,69482.4,0.903448275862069
2,300.3,309.5,1438,44.0,59,0,No Failure,9.199999999999989,63272.0,0.7333333333333333
0,300.4,309.6,1356,45.9,64,0,No Failure,9.200000000000045,62240.4,0.7061538461538461
2,300.4,309.6,1416,43.3,66,0,No Failure,9.200000000000045,61312.799999999996,0.6462686567164179
0,300.4,309.7,1584,32.6,71,0,No Failure,9.300000000000011,51638.4,0.4527777777777778
0,300.3,309.6,1597,31.8,73,0,No Failure,9.300000000000011,50784.6,0.4297297297297297
0,300.4,309.6,1553,43.9,75,0,No Failure,9.200000000000045,68176.7,0.5776315789473684
1,300.3,309.5,1405,49.4,77,0,No Failure,9.199999999999989,69407.0,0.6333333333333333
0,300.2,309.5,1539,35.3,80,0,No Failure,9.300000000000011,54326.7,0.43580246913580245
1,300.3,309.6,1398,53.7,82,0,No Failure,9.300000000000011,75072.6,0.6469879518072289
0,300.3,309.6,1568,39.6,85,0,No Failure,9.300000000000011,62092.8,0.4604651162790698
0,300.3,309.6,1404,44.6,87,0,No Failure,9.300000000000011,62618.4,0.5068181818181818
1,300.2,309.5,1500,45.7,89,0,No Failure,9.300000000000011,68550.0,0.5077777777777778
1,300.2,309.5,1642,28.8,92,0,No Failure,9.300000000000011,47289.6,0.3096774193548387
1,300.3,309.6,1509,46.6,95,0,No Failure,9.300000000000011,70319.40000000001,0.48541666666666666
0,300.2,309.5,1343,50.2,98,0,No Failure,9.300000000000011,67418.6,0.5070707070707071
0,300.1,309.5,1450,40.1,100,0,No Failure,9.399999999999977,58145.0,0.39702970297029705
0,300.0,309.4,1460,43.5,102,0,No Failure,9.399999999999977,63510.0,0.4223300970873786
0,300.0,309.3,1364,41.2,104,0,No Failure,9.300000000000011,56196.8,0.3923809523809524
1,299.9,309.3,1452,41.9,106,0,No Failure,9.400000000000034,60838.799999999996,0.39158878504672895
0,299.9,309.3,1471,41.8,109,0,No Failure,9.400000000000034,61487.799999999996,0.37999999999999995
0,299.9,309.2,1598,34.6,111,0,No Failure,9.300000000000011,55290.8,0.30892857142857144
0,299.8,309.1,1772,24.8,113,0,No Failure,9.300000000000011,43945.6,0.21754385964912282
0,299.9,309.2,1761,25.6,115,0,No Failure,9.300000000000011,45081.600000000006,0.22068965517241382
1,300.0,309.3,1413,40.7,117,0,No Failure,9.300000000000011,57509.100000000006,0.34491525423728814
0,300.0,309.3,1887,22.6,120,0,No Failure,9.300000000000011,42646.200000000004,0.18677685950413225
0,300.0,309.3,1395,56.5,122,0,No Failure,9.300000000000011,78817.5,0.45934959349593496
1,300.1,309.4,1569,31.6,124,0,No Failure,9.299999999999955,49580.4,0.2528
0,300.1,309.4,1434,47.3,127,0,No Failure,9.299999999999955,67828.2,0.36953125
0,300.2,309.5,1417,41.1,129,0,No Failure,9.300000000000011,58238.700000000004,0.3161538461538462
0,300.2,309.5,1729,28.4,131,0,No Failure,9.300000000000011,49103.6,0.21515151515151515
0,300.2,309.5,1356,51.1,133,0,No Failure,9.300000000000011,69291.6,0.3813432835820896
0,300.2,309.5,1436,48.8,135,0,No Failure,9.300000000000011,70076.8,0.3588235294117647
1,300.3,309.6,1419,42.5,137,0,No Failure,9.300000000000011,60307.5,0.3079710144927536
0,300.3,309.6,1593,38.1,140,0,No Failure,9.300000000000011,60693.3,0.2702127659574468
1,300.3,309.5,1320,62.2,142,0,No Failure,9.199999999999989,82104.0,0.43496503496503497
1,300.3,309.5,1448,42.4,145,0,No Failure,9.199999999999989,61395.2,0.29041095890410956
0,300.3,309.4,1470,33.5,148,0,No Failure,9.099999999999966,49245.0,0.22483221476510068
1,300.3,309.4,1612,33.1,150,0,No Failure,9.099999999999966,53357.200000000004,0.21920529801324504
0,300.4,309.4,1412,51.6,153,0,No Failure,9.0,72859.2,0.33506493506493507
1,300.4,309.4,1875,23.9,155,0,No Failure,9.0,44812.5,0.1532051282051282
0,300.3,309.3,1612,36.0,158,0,No Failure,9.0,58032.0,0.22641509433962265
1,300.4,309.3,1411,41.6,160,0,No Failure,8.900000000000034,58697.6,0.25838509316770186
1,300.3,309.2,1490,47.9,163,0,No Failure,8.899999999999977,71371.0,0.2920731707317073
1,300.4,309.3,1467,40.3,166,0,No Failure,8.900000000000034,59120.1,0.24131736526946107
0,300.3,309.2,1807,26.4,169,0,No Failure,8.899999999999977,47704.799999999996,0.1552941176470588
0,300.3,309.1,1368,46.0,171,0,No Failure,8.800000000000011,62928.0,0.26744186046511625
0,300.3,309.2,1572,32.0,173,0,No Failure,8.899999999999977,50304.0,0.1839080459770115
1,300.3,309.1,1458,44.3,175,0,No Failure,8.800000000000011,64589.399999999994,0.25170454545454546
0,300.3,309.1,1699,30.3,178,0,No Failure,8.800000000000011,51479.700000000004,0.1692737430167598
0,300.3,309.3,1478,39.5,180,0,No Failure,9.0,58381.0,0.21823204419889503
1,300.4,309.4,1362,42.1,182,0,No Failure,9.0,57340.200000000004,0.23005464480874319
2,300.4,309.4,1487,38.9,185,0,No Failure,9.0,57844.299999999996,0.20913978494623656
0,300.3,309.4,1705,29.4,190,0,No Failure,9.099999999999966,50127.0,0.1539267015706806
0,300.3,309.3,1345,53.5,192,0,No Failure,9.0,71957.5,0.2772020725388601
0,300.3,309.2,1532,40.2,194,0,No Failure,8.899999999999977,61586.4,0.20615384615384616
0,300.3,309.2,1650,35.2,196,0,No Failure,8.899999999999977,58080.00000000001,0.1786802030456853
0,300.3,309.2,1398,54.4,198,0,No Failure,8.899999999999977,76051.2,0.2733668341708543
0,300.3,309.2,1412,44.8,200,0,No Failure,8.899999999999977,63257.6,0.22288557213930346
0,300.4,309.3,1525,39.6,202,0,No Failure,8.900000000000034,60390.0,0.19507389162561578
1,300.3,309.3,1391,57.9,204,0,No Failure,9.0,80538.9,0.2824390243902439
0,300.4,309.3,1766,28.2,207,0,No Failure,8.900000000000034,49801.2,0.13557692307692307
0,300.4,309.3,1671,35.0,209,0,No Failure,8.900000000000034,58485.0,0.16666666666666666
0,300.5,309.3,1373,48.8,211,0,No Failure,8.800000000000011,67002.4,0.230188679245283
1,300.5,309.4,1347,50.1,213,0,No Failure,8.899999999999977,67484.7,0.23411214953271028
1,300.5,309.3,1539,39.1,216,0,No Failure,8.800000000000011,60174.9,0.18018433179723503
0,300.5,309.3,1470,40.8,219,0,No Failure,8.800000000000011,59975.99999999999,0.18545454545454546
0,300.5,309.3,1528,37.0,221,0,No Failure,8.800000000000011,56536.0,0.16666666666666666
2,300.5,309.3,1471,45.2,223,0,No Failure,8.800000000000011,66489.2,0.2017857142857143
1,300.4,309.2,1528,37.2,228,0,No Failure,8.800000000000011,56841.600000000006,0.16244541484716157
0,300.5,309.3,1417,51.5,231,1,Overstrain Failure,8.800000000000011,72975.5,0.22198275862068967
0,300.6,309.4,1549,43.4,233,0,No Failure,8.799999999999955,67226.59999999999,0.18547008547008548
2,300.6,309.4,1463,49.2,235,0,No Failure,8.799999999999955,71979.6,0.20847457627118646
0,300.7,309.5,1479,43.6,240,0,No Failure,8.800000000000011,64484.4,0.18091286307053941
0,300.6,309.5,1867,23.0,242,0,No Failure,8.899999999999977,42941.0,0.09465020576131687
0,300.6,309.4,1471,44.1,244,0,No Failure,8.799999999999955,64871.1,0.18
2,300.6,309.4,1380,47.6,246,1,Tool Wear Failure,8.799999999999955,65688.0,0.19271255060728745
2,300.7,309.7,1623,32.7,0,0,No Failure,9.0,53072.100000000006,32.7
0,300.8,309.7,1997,20.7,5,0,No Failure,8.899999999999977,41337.9,3.4499999999999997
2,300.7,309.6,1390,48.5,7,0,No Failure,8.900000000000034,67415.0,6.0625
0,300.8,309.7,1418,46.6,12,0,No Failure,8.899999999999977,66078.8,3.5846153846153848
0,300.8,309.7,1519,35.8,14,0,No Failure,8.899999999999977,54380.2,2.3866666666666663
1,300.8,309.7,1519,39.7,16,0,No Failure,8.899999999999977,60304.3,2.335294117647059
1,300.7,309.6,1536,37.2,19,0,No Failure,8.900000000000034,57139.200000000004,1.86
0,300.8,309.6,1680,28.7,22,0,No Failure,8.800000000000011,48216.0,1.2478260869565216
2,300.6,309.4,1555,37.9,24,0,No Failure,8.799999999999955,58934.5,1.516
0,300.6,309.5,1471,49.6,29,0,No Failure,8.899999999999977,72961.6,1.6533333333333333
1,300.5,309.4,1877,23.8,31,0,No Failure,8.899999999999977,44672.6,0.74375
1,300.5,309.3,1578,30.5,34,0,No Failure,8.800000000000011,48129.0,0.8714285714285714
1,300.5,309.4,1655,32.1,37,0,No Failure,8.899999999999977,53125.5,0.8447368421052632
2,300.5,309.4,1502,34.3,40,0,No Failure,8.899999999999977,51518.6,0.8365853658536585
1,300.6,309.4,1367,63.2,45,1,Power Failure,8.799999999999955,86394.40000000001,1.373913043478261
0,300.7,309.5,1541,37.2,48,0,No Failure,8.800000000000011,57325.200000000004,0.7591836734693879
1,300.6,309.6,1588,37.0,50,0,No Failure,9.0,58756.0,0.7254901960784313
0,300.6,309.6,1684,32.8,53,0,No Failure,9.0,55235.2,0.6074074074074074
0,300.6,309.5,1437,40.0,55,0,No Failure,8.899999999999977,57480.0,0.7142857142857143
0,300.6,309.6,1409,42.4,57,0,No Failure,9.0,59741.6,0.7310344827586207
1,300.5,309.5,1320,49.9,59,0,No Failure,9.0,65868.0,0.8316666666666667
2,300.5,309.5,1635,34.2,62,0,No Failure,9.0,55917.00000000001,0.5428571428571429
1,300.5,309.5,1691,27.6,67,0,No Failure,9.0,46671.600000000006,0.40588235294117647
1,300.6,309.6,1365,50.0,70,0,No Failure,9.0,68250.0,0.704225352112676
1,300.7,309.7,1523,38.2,73,0,No Failure,9.0,58178.600000000006,0.5162162162162163
0,300.6,309.7,1593,32.4,76,0,No Failure,9.099999999999966,51613.2,0.42077922077922075
0,300.6,309.6,1682,30.7,78,0,No Failure,9.0,51637.4,0.3886075949367089
0,300.7,309.6,1329,54.3,80,0,No Failure,8.900000000000034,72164.7,0.6703703703703703
1,300.7,309.6,1568,35.2,82,0,No Failure,8.900000000000034,55193.600000000006,0.4240963855421687
0,300.7,309.6,1733,24.8,85,0,No Failure,8.900000000000034,42978.4,0.28837209302325584
1,300.7,309.6,1473,48.1,87,0,No Failure,8.900000000000034,70851.3,0.5465909090909091
1,300.7,309.5,1633,31.3,90,0,No Failure,8.800000000000011,51112.9,0.34395604395604396
1,300.6,309.5,1530,40.2,93,0,No Failure,8.899999999999977,61506.00000000001,0.4276595744680851
1,300.6,309.5,1550,40.2,96,0,No Failure,8.899999999999977,62310.00000000001,0.4144329896907217
0,300.6,309.4,1410,40.6,99,0,No Failure,8.799999999999955,57246.0,0.406
0,300.5,309.3,1574,33.5,101,0,No Failure,8.800000000000011,52729.0,0.3284313725490196
0,300.6,309.4,1425,40.3,103,0,No Failure,8.799999999999955,57427.49999999999,0.38749999999999996
1,300.6,309.4,1541,35.2,105,0,No Failure,8.799999999999955,54243.200000000004,0.33207547169811324
1,300.7,309.5,1733,26.7,108,0,No Failure,8.800000000000011,46271.1,0.24495412844036696
0,300.6,309.4,2496,13.5,111,0,No Failure,8.799999999999955,33696.0,0.12053571428571429
0,300.6,309.4,1552,36.4,113,0,No Failure,8.799999999999955,56492.799999999996,0.3192982456140351
0,300.6,309.3,1409,38.7,115,0,No Failure,8.699999999999989,54528.3,0.33362068965517244
1,300.6,309.4,1581,35.7,117,0,No Failure,8.799999999999955,56441.700000000004,0.30254237288135594
0,300.7,309.5,1251,59.9,120,0,No Failure,8.800000000000011,74934.9,0.49504132231404957
0,300.7,309.6,1500,44.1,122,0,No Failure,8.900000000000034,66150.0,0.35853658536585364
0,300.6,309.5,1576,38.8,124,0,No Failure,8.899999999999977,61148.799999999996,0.31039999999999995
1,300.7,309.5,1352,44.0,126,0,No Failure,8.800000000000011,59488.0,0.3464566929133858
0,300.7,309.6,1661,30.3,129,0,No Failure,8.900000000000034,50328.3,0.23307692307692307
0,300.7,309.6,1541,34.6,131,0,No Failure,8.900000000000034,53318.600000000006,0.26212121212121214
2,300.6,309.6,1888,20.5,133,0,No Failure,9.0,38704.0,0.15298507462686567
0,300.5,309.5,1255,62.1,138,0,No Failure,9.0,77935.5,0.44676258992805756
0,300.6,309.6,1411,41.6,140,0,No Failure,9.0,58697.6,0.29503546099290784
0,300.6,309.5,1516,39.0,142,0,No Failure,8.899999999999977,59124.0,0.2727272727272727
1,300.6,309.5,1492,34.0,144,0,No Failure,8.899999999999977,50728.0,0.23448275862068965
0,300.6,309.6,1726,30.0,147,0,No Failure,9.0,51780.0,0.20270270270270271
0,300.7,309.7,1598,33.7,149,0,No Failure,9.0,53852.600000000006,0.22466666666666668
0,300.8,309.8,1657,31.1,151,0,No Failure,9.0,51532.700000000004,0.20460526315789473
0,300.8,309.7,1481,38.1,153,0,No Failure,8.899999999999977,56426.1,0.2474025974025974
1,300.7,309.7,1397,51.3,155,0,No Failure,9.0,71666.09999999999,0.32884615384615384
0,300.8,309.7,1461,44.3,158,0,No Failure,8.899999999999977,64722.299999999996,0.27861635220125786
1,300.7,309.6,1388,51.1,160,0,No Failure,8.900000000000034,70926.8,0.3173913043478261
0,300.7,309.7,1507,52.4,163,0,No Failure,9.0,78966.8,0.3195121951219512
1,300.7,309.6,1421,49.8,165,0,No Failure,8.900000000000034,70765.8,0.3
1,300.8,309.7,1258,54.9,168,0,No Failure,8.899999999999977,69064.2,0.3248520710059172
1,300.8,309.7,1482,39.0,171,0,No Failure,8.899999999999977,57798.0,0.22674418604651161
2,300.7,309.6,1403,51.3,174,0,No Failure,8.900000000000034,71973.9,0.29314285714285715
0,300.8,309.7,1373,45.4,179,0,No Failure,8.899999999999977,62334.2,0.25222222222222224
0,300.9,309.7,1460,42.1,181,0,No Failure,8.800000000000011,61466.0,0.23131868131868133
1,300.8,309.7,1751,27.9,183,0,No Failure,8.899999999999977,48852.899999999994,0.15163043478260868
1,300.8,309.6,1546,42.3,186,0,No Failure,8.800000000000011,65395.799999999996,0.22620320855614973
1,300.8,309.7,1680,28.2,189,0,No Failure,8.899999999999977,47376.0,0.14842105263157895
1,300.9,309.7,1394,48.8,192,0,No Failure,8.800000000000011,68027.2,0.25284974093264245
0,300.7,309.6,1810,26.0,195,0,No Failure,8.900000000000034,47060.0,0.1326530612244898
0,300.7,309.5,1479,34.5,197,0,No Failure,8.800000000000011,51025.5,0.17424242424242425
0,300.9,309.7,1431,41.4,199,0,No Failure,8.800000000000011,59243.4,0.207
0,300.9,309.7,2355,14.4,201,0,No Failure,8.800000000000011,33912.0,0.0712871287128713
1,300.7,309.6,1996,19.8,203,1,Tool Wear Failure,8.900000000000034,39520.8,0.09705882352941177
0,300.7,309.5,1461,49.9,0,0,No Failure,8.800000000000011,72903.9,49.9
2,300.7,309.5,2007,19.7,2,0,No Failure,8.800000000000011,39537.9,6.566666666666666
0,300.7,309.6,1505,34.9,7,0,No Failure,8.900000000000034,52524.5,4.3625
2,300.7,309.6,1925,20.5,9,0,No Failure,8.900000000000034,39462.5,2.05
1,300.7,309.5,1622,30.5,14,0,No Failure,8.800000000000011,49471.0,2.033333333333333
0,300.7,309.5,1592,29.0,17,0,No Failure,8.800000000000011,46168.0,1.6111111111111112
0,300.7,309.5,1850,24.5,19,0,No Failure,8.800000000000011,45325.0,1.225
1,300.7,309.5,1470,48.7,21,0,No Failure,8.800000000000011,71589.0,2.213636363636364
1,300.7,309.5,1445,46.4,24,0,No Failure,8.800000000000011,67048.0,1.8559999999999999
0,300.7,309.5,1685,31.1,27,0,No Failure,8.800000000000011,52403.5,1.1107142857142858
2,300.7,309.5,1667,30.5,29,0,No Failure,8.800000000000011,50843.5,1.0166666666666666
0,300.7,309.5,1578,35.4,34,0,No Failure,8.800000000000011,55861.2,1.0114285714285713
2,300.6,309.4,1691,28.0,36,0,No Failure,8.799999999999955,47348.0,0.7567567567567568
1,300.7,309.5,1439,43.8,41,0,No Failure,8.800000000000011,63028.2,1.0428571428571427
1,300.8,309.6,1404,38.7,44,0,No Failure,8.800000000000011,54334.8,0.8600000000000001
0,300.8,309.6,1498,45.8,47,0,No Failure,8.800000000000011,68608.4,0.9541666666666666
1,300.8,309.5,1481,44.5,49,0,No Failure,8.699999999999989,65904.5,0.89
1,300.7,309.4,1589,35.0,52,0,No Failure,8.699999999999989,55615.0,0.660377358490566
0,300.7,309.5,1467,44.3,55,0,No Failure,8.800000000000011,64988.1,0.7910714285714285
0,300.6,309.4,1654,32.8,57,0,No Failure,8.799999999999955,54251.2,0.5655172413793103
0,300.7,309.5,1508,39.9,59,0,No Failure,8.800000000000011,60169.2,0.6649999999999999
1,300.7,309.6,1439,43.0,61,0,No Failure,8.900000000000034,61877.0,0.6935483870967742
0,300.7,309.5,1692,30.3,64,0,No Failure,8.800000000000011,51267.6,0.46615384615384614
1,300.7,309.5,1838,24.9,66,0,No Failure,8.800000000000011,45766.2,0.37164179104477607
0,300.6,309.3,1601,40.2,69,0,No Failure,8.699999999999989,64360.200000000004,0.5742857142857143
0,300.6,309.4,1369,51.6,71,0,No Failure,8.799999999999955,70640.40000000001,0.7166666666666667
1,300.6,309.4,1312,45.2,73,0,No Failure,8.799999999999955,59302.4,0.6108108108108109
0,300.6,309.4,1468,44.1,76,0,No Failure,8.799999999999955,64738.8,0.5727272727272728
1,300.6,309.4,1452,39.4,78,0,No Failure,8.799999999999955,57208.799999999996,0.49873417721518987
1,300.7,309.5,1393,43.9,81,0,No Failure,8.800000000000011,61152.7,0.5353658536585366
1,300.6,309.4,1432,44.2,84,0,No Failure,8.799999999999955,63294.4,0.52
1,300.6,309.3,1510,46.0,87,0,No Failure,8.699999999999989,69460.0,0.5227272727272727
1,300.6,309.4,1521,37.2,90,0,No Failure,8.799999999999955,56581.200000000004,0.40879120879120884
2,300.5,309.4,1360,46.2,93,0,No Failure,8.899999999999977,62832.00000000001,0.4914893617021277
1,300.5,309.3,1881,25.5,98,0,No Failure,8.800000000000011,47965.5,0.25757575757575757
0,300.4,309.3,1413,50.3,101,0,No Failure,8.900000000000034,71073.9,0.49313725490196075
2,300.5,309.4,1642,36.2,103,0,No Failure,8.899999999999977,59440.4,0.3480769230769231
0,300.5,309.5,1542,38.5,108,0,No Failure,9.0,59367.0,0.3532110091743119
0,300.4,309.5,1447,39.3,110,0,No Failure,9.100000000000023,56867.1,0.35405405405405405
2,300.4,309.4,1530,40.4,112,0,No Failure,9.0,61812.0,0.3575221238938053
0,300.5,309.5,1795,27.7,117,0,No Failure,9.0,49721.5,0.2347457627118644
0,300.6,309.6,1290,57.4,119,0,No Failure,9.0,74046.0,0.47833333333333333
0,300.6,309.7,1639,30.4,121,0,No Failure,9.099999999999966,49825.6,0.24918032786885244
0,300.7,309.8,1596,31.5,123,0,No Failure,9.100000000000023,50274.0,0.2540322580645161
0,300.6,309.8,1455,48.0,125,0,No Failure,9.199999999999989,69840.0,0.38095238095238093
1,300.6,309.8,1659,28.9,127,0,No Failure,9.199999999999989,47945.1,0.22578125
1,300.6,309.8,1532,42.5,130,0,No Failure,9.199999999999989,65110.0,0.3244274809160305
0,300.6,309.8,1502,42.4,133,0,No Failure,9.199999999999989,63684.799999999996,0.3164179104477612
0,300.6,309.8,1688,28.6,135,0,No Failure,9.199999999999989,48276.8,0.21029411764705883
1,300.5,309.7,1341,50.9,137,0,No Failure,9.199999999999989,68256.9,0.36884057971014494
1,300.5,309.7,1685,29.4,140,0,No Failure,9.199999999999989,49539.0,0.20851063829787234
1,300.5,309.8,1370,55.9,143,0,No Failure,9.300000000000011,76583.0,0.38819444444444445
0,300.5,309.8,1461,52.5,146,0,No Failure,9.300000000000011,76702.5,0.35714285714285715
0,300.5,309.8,1550,37.4,148,0,No Failure,9.300000000000011,57970.0,0.25100671140939596
1,300.5,309.8,1508,37.8,150,0,No Failure,9.300000000000011,57002.399999999994,0.2503311258278145
0,300.5,309.8,1345,62.7,153,0,No Failure,9.300000000000011,84331.5,0.40714285714285714
0,300.5,309.7,1616,34.5,155,0,No Failure,9.199999999999989,55752.0,0.22115384615384615
0,300.5,309.7,1395,61.0,157,0,No Failure,9.199999999999989,85095.0,0.3860759493670886
2,300.5,309.8,1324,72.8,159,1,Power Failure,9.300000000000011,96387.2,0.45499999999999996
0,300.5,309.8,1445,43.9,164,0,No Failure,9.300000000000011,63435.5,0.26606060606060605
1,300.5,309.8,1555,38.9,166,0,No Failure,9.300000000000011,60489.5,0.23293413173652694
1,300.6,309.9,1449,42.4,169,0,No Failure,9.299999999999955,61437.6,0.24941176470588233
1,300.5,309.9,1466,53.2,172,0,No Failure,9.399999999999977,77991.2,0.30751445086705204
0,300.5,309.9,1503,37.4,175,0,No Failure,9.399999999999977,56212.2,0.2125
0,300.4,309.7,1488,35.7,177,0,No Failure,9.300000000000011,53121.600000000006,0.200561797752809
0,300.4,309.7,1314,50.2,179,0,No Failure,9.300000000000011,65962.8,0.2788888888888889
1,300.4,309.7,1547,38.0,181,0,No Failure,9.300000000000011,58786.0,0.2087912087912088
1,300.4,309.7,1466,39.8,184,0,No Failure,9.300000000000011,58346.799999999996,0.21513513513513513
0,300.3,309.6,1537,37.1,187,0,No Failure,9.300000000000011,57022.700000000004,0.19734042553191491
1,300.2,309.5,1434,51.5,189,0,No Failure,9.300000000000011,73851.0,0.2710526315789474
0,300.4,309.6,1432,44.7,192,0,No Failure,9.200000000000045,64010.4,0.23160621761658032
0,300.5,309.6,1390,48.4,194,0,No Failure,9.100000000000023,67276.0,0.2482051282051282
0,300.5,309.7,1580,42.8,196,0,No Failure,9.199999999999989,67624.0,0.21725888324873094
0,300.5,309.7,1589,30.5,198,0,No Failure,9.199999999999989,48464.5,0.15326633165829145
0,300.5,309.8,1441,48.8,200,0,No Failure,9.300000000000011,70320.8,0.2427860696517413
0,300.5,309.8,1305,51.7,202,0,No Failure,9.300000000000011,67468.5,0.25467980295566506
1,300.5,309.8,1566,35.9,204,0,No Failure,9.300000000000011,56219.399999999994,0.17512195121951218
0,300.5,309.8,1379,54.2,207,1,Overstrain Failure,9.300000000000011,74741.8,0.2605769230769231
0,300.4,309.6,1543,38.1,209,0,No Failure,9.200000000000045,58788.3,0.18142857142857144
0,300.5,309.8,1421,49.6,211,0,No Failure,9.300000000000011,70481.6,0.2339622641509434
0,300.5,309.6,1760,30.6,213,0,No Failure,9.100000000000023,53856.0,0.14299065420560747
0,300.4,309.5,1711,29.2,215,0,No Failure,9.100000000000023,49961.2,0.13518518518518519
0,300.5,309.6,1465,41.6,217,0,No Failure,9.100000000000023,60944.0,0.1908256880733945
0,300.5,309.6,1366,50.2,219,0,No Failure,9.100000000000023,68573.2,0.2281818181818182
1,300.4,309.5,1888,21.9,221,0,No Failure,9.100000000000023,41347.2,0.09864864864864864
0,300.5,309.5,1777,23.6,0,0,No Failure,9.0,41937.200000000004,23.6
0,300.5,309.5,1379,55.6,2,0,No Failure,9.0,76672.40000000001,18.533333333333335
0,300.4,309.5,1525,51.3,4,0,No Failure,9.100000000000023,78232.5,10.26
1,300.4,309.6,1563,34.0,6,0,No Failure,9.200000000000045,53142.0,4.857142857142857
1,300.5,309.7,1389,43.3,9,0,No Failure,9.199999999999989,60143.7,4.33
1,300.6,309.8,1447,42.9,12,0,No Failure,9.199999999999989,62076.299999999996,3.3
1,300.6,309.7,1934,22.8,15,0,No Failure,9.099999999999966,44095.200000000004,1.425
2,300.6,309.7,1470,43.8,18,0,No Failure,9.099999999999966,64385.99999999999,2.305263157894737
1,300.6,309.7,1428,42.6,23,0,No Failure,9.099999999999966,60832.8,1.7750000000000001
0,300.4,309.6,1319,48.1,26,0,No Failure,9.200000000000045,63443.9,1.7814814814814814
0,300.5,309.7,1887,24.3,28,0,No Failure,9.199999999999989,45854.1,0.8379310344827586
0,300.4,309.5,1349,50.4,30,0,No Failure,9.100000000000023,67989.59999999999,1.6258064516129032
1,300.3,309.5,1665,31.4,32,0,No Failure,9.199999999999989,52281.0,0.9515151515151514
0,300.3,309.5,1474,38.7,35,0,No Failure,9.199999999999989,57043.8,1.0750000000000002
0,300.4,309.5,1543,38.9,37,0,No Failure,9.100000000000023,60022.7,1.0236842105263158
1,300.2,309.4,1459,43.9,39,0,No Failure,9.199999999999989,64050.1,1.0975
0,300.3,309.5,1551,37.9,42,0,No Failure,9.199999999999989,58782.899999999994,0.8813953488372093
0,300.2,309.4,1981,21.4,44,0,No Failure,9.199999999999989,42393.399999999994,0.4755555555555555
0,300.2,309.4,1526,35.3,46,0,No Failure,9.199999999999989,53867.799999999996,0.751063829787234
1,300.2,309.4,1501,40.0,48,0,No Failure,9.199999999999989,60040.0,0.8163265306122449
0,300.2,309.4,1558,38.3,51,0,No Failure,9.199999999999989,59671.399999999994,0.7365384615384615
0,300.2,309.3,1532,43.2,53,0,No Failure,9.100000000000023,66182.40000000001,0.8
0,300.1,309.2,1326,55.9,55,0,No Failure,9.099999999999966,74123.4,0.9982142857142857
0,300.2,309.2,1431,51.3,57,0,No Failure,9.0,73410.3,0.8844827586206896
0,300.2,309.3,1366,49.3,59,0,No Failure,9.100000000000023,67343.8,0.8216666666666667
0,300.1,309.2,1421,42.5,61,0,No Failure,9.099999999999966,60392.5,0.6854838709677419
2,300.2,309.3,1506,35.6,63,0,No Failure,9.100000000000023,53613.6,0.55625
2,300.2,309.3,1342,48.7,68,0,No Failure,9.100000000000023,65355.4,0.7057971014492754
0,300.1,309.2,1427,37.6,73,0,No Failure,9.099999999999966,53655.200000000004,0.5081081081081081
0,300.2,309.2,1667,29.9,75,0,No Failure,9.0,49843.299999999996,0.39342105263157895
0,300.1,309.1,1400,46.7,77,0,No Failure,9.0,65380.00000000001,0.5987179487179487
0,300.0,309.0,1709,32.1,79,0,No Failure,9.0,54858.9,0.40125
1,300.0,309.0,1368,45.8,81,0,No Failure,9.0,62654.399999999994,0.5585365853658536
0,300.0,309.1,1882,23.8,84,0,No Failure,9.100000000000023,44791.6,0.28
0,300.1,309.1,1353,58.7,86,0,No Failure,9.0,79421.1,0.674712643678161
0,299.9,309.0,1553,40.0,88,0,No Failure,9.100000000000023,62120.0,0.449438202247191
0,300.0,309.1,1431,45.4,90,0,No Failure,9.100000000000023,64967.4,0.4989010989010989
1,300.1,309.1,1731,30.4,92,0,No Failure,9.0,52622.399999999994,0.3268817204301075
1,300.1,309.2,1687,27.7,95,0,No Failure,9.099999999999966,46729.9,0.28854166666666664
1,300.1,309.2,1457,44.3,98,0,No Failure,9.099999999999966,64545.1,0.44747474747474747
0,300.1,309.2,1533,37.0,101,0,No Failure,9.099999999999966,56721.0,0.3627450980392157
2,300.0,309.0,1622,31.8,103,0,No Failure,9.0,51579.6,0.3057692307692308
0,300.0,309.1,1791,28.2,108,0,No Failure,9.100000000000023,50506.2,0.25871559633027524
0,300.0,309.1,1631,28.3,110,0,No Failure,9.100000000000023,46157.3,0.25495495495495496
0,300.0,309.0,2174,16.9,112,0,No Failure,9.0,36740.6,0.14955752212389378
0,300.1,309.0,1314,58.2,114,0,No Failure,8.899999999999977,76474.8,0.5060869565217392
0,300.1,309.1,1478,46.9,116,0,No Failure,9.0,69318.2,0.4008547008547008
0,300.1,309.2,1783,27.3,118,0,No Failure,9.099999999999966,48675.9,0.22941176470588237
1,300.1,309.2,1385,46.1,120,0,No Failure,9.099999999999966,63848.5,0.38099173553719007
0,300.0,309.2,1444,43.6,123,0,No Failure,9.199999999999989,62958.4,0.35161290322580646
0,300.1,309.3,1841,23.0,125,0,No Failure,9.199999999999989,42343.0,0.18253968253968253
1,300.1,309.4,1349,56.2,127,0,No Failure,9.299999999999955,75813.8,0.4390625
0,300.1,309.3,1340,56.0,130,0,No Failure,9.199999999999989,75040.0,0.42748091603053434
1,299.9,309.2,1539,43.2,132,0,No Failure,9.300000000000011,66484.8,0.324812030075188
1,300.0,309.3,1932,21.8,135,0,No Failure,9.300000000000011,42117.6,0.16029411764705884
1,300.0,309.3,1407,43.9,138,0,No Failure,9.300000000000011,61767.299999999996,0.31582733812949637
0,300.1,309.3,1712,28.5,141,0,No Failure,9.199999999999989,48792.0,0.2007042253521127
2,300.1,309.4,1329,55.2,143,0,No Failure,9.299999999999955,73360.8,0.38333333333333336
0,300.1,309.2,1441,42.9,148,0,No Failure,9.099999999999966,61818.9,0.2879194630872483
0,300.0,309.2,1610,32.1,150,0,No Failure,9.199999999999989,51681.0,0.21258278145695364
1,300.0,309.1,1474,45.2,152,0,No Failure,9.100000000000023,66624.8,0.2954248366013072
1,300.0,309.1,1624,30.8,155,0,No Failure,9.100000000000023,50019.200000000004,0.19743589743589743
2,300.1,309.3,1520,38.2,158,0,No Failure,9.199999999999989,58064.00000000001,0.24025157232704406
2,300.1,309.3,1448,45.8,163,0,No Failure,9.199999999999989,66318.4,0.2792682926829268
0,300.0,309.3,1558,29.7,168,0,No Failure,9.300000000000011,46272.6,0.1757396449704142
1,300.0,309.3,2293,16.3,170,0,No Failure,9.300000000000011,37375.9,0.09532163742690059
0,300.0,309.3,1397,51.2,173,0,No Failure,9.300000000000011,71526.40000000001,0.2942528735632184
0,300.0,309.3,1972,22.0,175,0,No Failure,9.300000000000011,43384.0,0.125
1,299.9,309.2,1574,36.5,177,0,No Failure,9.300000000000011,57451.0,0.2050561797752809
0,299.9,309.2,1560,38.9,180,0,No Failure,9.300000000000011,60684.0,0.2149171270718232
1,299.9,309.2,1353,49.8,182,0,No Failure,9.300000000000011,67379.4,0.2721311475409836
1,299.9,309.2,1389,51.2,185,0,No Failure,9.300000000000011,71116.8,0.2752688172043011
1,299.9,309.1,1513,43.8,188,0,No Failure,9.200000000000045,66269.4,0.23174603174603173
0,299.8,309.1,1578,42.1,191,0,No Failure,9.300000000000011,66433.8,0.21927083333333333
2,299.8,309.0,1467,37.3,193,0,No Failure,9.199999999999989,54719.1,0.19226804123711339
0,299.9,309.1,1412,48.3,198,0,No Failure,9.200000000000045,68199.59999999999,0.24271356783919595
0,299.8,309.1,1668,30.3,200,0,No Failure,9.300000000000011,50540.4,0.15074626865671642
1,299.8,309.2,1678,29.8,202,0,No Failure,9.399999999999977,50004.4,0.14679802955665025
0,299.8,309.1,1612,35.4,205,0,No Failure,9.300000000000011,57064.799999999996,0.17184466019417474
0,299.8,309.1,1485,39.9,207,0,No Failure,9.300000000000011,59251.5,0.19182692307692306
1,299.8,309.1,1456,39.4,209,0,No Failure,9.300000000000011,57366.4,0.1876190476190476
0,299.8,309.2,1504,38.7,212,0,No Failure,9.399999999999977,58204.8,0.18169014084507043
0,299.9,309.2,1491,44.3,214,0,No Failure,9.300000000000011,66051.3,0.20604651162790696
2,299.9,309.2,1525,33.2,0,0,No Failure,9.300000000000011,50630.00000000001,33.2
0,300.0,309.2,1759,27.9,5,0,No Failure,9.199999999999989,49076.1,4.6499999999999995
1,299.8,309.1,1355,56.7,7,0,No Failure,9.300000000000011,76828.5,7.0875
1,299.9,309.1,1345,56.8,10,0,No Failure,9.200000000000045,76396.0,5.163636363636363
1,299.9,309.2,1683,30.5,13,0,No Failure,9.300000000000011,51331.5,2.1785714285714284
0,299.9,309.2,1658,34.8,16,0,No Failure,9.300000000000011,57698.399999999994,2.0470588235294116
0,300.0,309.2,1566,34.4,18,0,No Failure,9.199999999999989,53870.399999999994,1.8105263157894735
1,300.1,309.3,1469,43.9,20,0,No Failure,9.199999999999989,64489.1,2.0904761904761906
1,300.2,309.5,1458,46.9,23,0,No Failure,9.300000000000011,68380.2,1.9541666666666666
0,300.1,309.4,1858,23.6,26,0,No Failure,9.299999999999955,43848.8,0.8740740740740741
2,300.1,309.4,1563,40.8,28,0,No Failure,9.299999999999955,63770.399999999994,1.4068965517241379
0,300.1,309.4,2141,17.9,33,0,No Failure,9.299999999999955,38323.899999999994,0.526470588235294
0,300.0,309.3,1473,46.0,35,0,No Failure,9.300000000000011,67758.0,1.2777777777777777
2,300.0,309.4,1498,38.5,37,0,No Failure,9.399999999999977,57673.0,1.013157894736842
0,300.1,309.4,1568,39.7,42,0,No Failure,9.299999999999955,62249.600000000006,0.9232558139534884
0,300.1,309.4,1694,27.4,44,0,No Failure,9.299999999999955,46415.6,0.6088888888888888
0,300.0,309.4,1499,35.7,46,0,No Failure,9.399999999999977,53514.3,0.7595744680851064
0,300.0,309.5,1717,28.3,48,0,No Failure,9.5,48591.1,0.5775510204081633
1,300.1,309.5,1462,42.8,50,0,No Failure,9.399999999999977,62573.6,0.8392156862745097
0,300.1,309.6,1642,34.5,53,0,No Failure,9.5,56649.0,0.6388888888888888
0,300.1,309.6,1760,25.4,55,0,No Failure,9.5,44704.0,0.45357142857142857
0,300.1,309.5,1660,32.7,57,0,No Failure,9.399999999999977,54282.00000000001,0.5637931034482759
0,300.1,309.5,1557,40.6,59,0,No Failure,9.399999999999977,63214.200000000004,0.6766666666666666
2,300.2,309.6,1442,49.2,61,0,No Failure,9.400000000000034,70946.40000000001,0.7935483870967742
0,300.2,309.6,1359,51.5,66,0,No Failure,9.400000000000034,69988.5,0.7686567164179104
0,300.4,309.8,1342,52.5,68,0,No Failure,9.400000000000034,70455.0,0.7608695652173914
0,300.4,309.9,1435,54.8,70,0,No Failure,9.5,78638.0,0.7718309859154929
0,300.4,309.9,1567,36.5,72,0,No Failure,9.5,57195.5,0.5
0,300.4,309.9,1376,43.5,74,0,No Failure,9.5,59856.0,0.58
2,300.4,309.9,1513,38.7,76,0,No Failure,9.5,58553.100000000006,0.5025974025974026
2,300.4,309.9,2563,12.8,81,1,Power Failure,9.5,32806.4,0.15609756097560976
0,300.5,310.0,1521,45.1,86,0,No Failure,9.5,68597.1,0.5183908045977011
0,300.6,310.0,1658,34.7,88,0,No Failure,9.399999999999977,57532.600000000006,0.38988764044943824
2,300.6,310.0,1419,42.4,90,0,No Failure,9.399999999999977,60165.6,0.46593406593406594
1,300.6,310.0,1478,36.3,95,0,No Failure,9.399999999999977,53651.399999999994,0.378125
1,300.5,310.0,1415,43.5,98,0,No Failure,9.5,61552.5,0.4393939393939394
1,300.5,309.9,1780,26.5,101,0,No Failure,9.399999999999977,47170.0,0.25980392156862747
1,300.4,309.7,1440,42.8,104,0,No Failure,9.300000000000011,61631.99999999999,0.4076190476190476
2,300.4,309.8,1448,39.7,107,0,No Failure,9.400000000000034,57485.600000000006,0.36759259259259264
2,300.4,309.7,1500,35.2,112,0,No Failure,9.300000000000011,52800.00000000001,0.3115044247787611
0,300.4,309.8,1513,32.9,117,0,No Failure,9.400000000000034,49777.7,0.2788135593220339
0,300.5,309.8,1428,43.8,119,0,No Failure,9.300000000000011,62546.399999999994,0.365
1,300.5,309.8,1473,42.3,121,0,No Failure,9.300000000000011,62307.899999999994,0.3467213114754098
1,300.5,309.9,1483,49.3,124,0,No Failure,9.399999999999977,73111.9,0.3944
0,300.4,309.7,1534,42.5,127,0,No Failure,9.300000000000011,65195.0,0.33203125
0,300.5,309.8,1367,54.0,129,0,No Failure,9.300000000000011,73818.0,0.4153846153846154
0,300.4,309.7,1467,36.9,131,0,No Failure,9.300000000000011,54132.299999999996,0.27954545454545454
1,300.4,309.7,1488,42.2,133,0,No Failure,9.300000000000011,62793.600000000006,0.3149253731343284
0,300.4,309.7,1679,30.1,136,0,No Failure,9.300000000000011,50537.9,0.2197080291970803
2,300.4,309.8,1409,47.5,138,0,No Failure,9.400000000000034,66927.5,0.34172661870503596
1,300.4,309.7,1367,51.2,143,0,No Failure,9.300000000000011,69990.40000000001,0.35555555555555557
0,300.4,309.8,1314,63.1,146,0,No Failure,9.400000000000034,82913.40000000001,0.42925170068027213
0,300.5,309.9,1480,40.0,148,0,No Failure,9.399999999999977,59200.0,0.2684563758389262
0,300.4,309.8,1549,38.9,150,0,No Failure,9.400000000000034,60256.1,0.2576158940397351
0,300.4,309.7,1685,31.3,152,0,No Failure,9.300000000000011,52740.5,0.2045751633986928
0,300.4,309.6,1536,34.5,154,0,No Failure,9.200000000000045,52992.0,0.22258064516129034
1,300.4,309.7,1539,37.7,156,0,No Failure,9.300000000000011,58020.3,0.24012738853503188
0,300.4,309.7,1384,45.1,159,0,No Failure,9.300000000000011,62418.4,0.281875
1,300.4,309.6,1614,30.3,161,0,No Failure,9.200000000000045,48904.200000000004,0.18703703703703703
1,300.4,309.6,1675,35.5,164,0,No Failure,9.200000000000045,59462.5,0.21515151515151515
1,300.4,309.7,1685,32.3,167,0,No Failure,9.300000000000011,54425.49999999999,0.19226190476190474
0,300.4,309.6,1386,56.9,170,0,No Failure,9.200000000000045,78863.4,0.3327485380116959
1,300.3,309.6,1488,41.3,172,0,No Failure,9.300000000000011,61454.399999999994,0.23872832369942196
0,300.3,309.6,1624,32.6,175,0,No Failure,9.300000000000011,52942.4,0.18522727272727274
0,300.3,309.6,1600,34.6,177,0,No Failure,9.300000000000011,55360.0,0.1943820224719101
0,300.3,309.6,1468,44.7,179,0,No Failure,9.300000000000011,65619.6,0.24833333333333335
0,300.3,309.6,1435,45.4,181,0,No Failure,9.300000000000011,65149.0,0.24945054945054945
1,300.2,309.5,1564,33.4,183,0,No Failure,9.300000000000011,52237.6,0.18152173913043476
1,300.2,309.4,1329,53.6,186,0,No Failure,9.199999999999989,71234.40000000001,0.28663101604278074
0,300.1,309.3,1570,36.8,189,0,No Failure,9.199999999999989,57775.99999999999,0.19368421052631576
1,300.2,309.4,1433,48.8,191,0,No Failure,9.199999999999989,69930.4,0.25416666666666665
0,300.2,309.4,1527,37.0,194,0,No Failure,9.199999999999989,56499.0,0.18974358974358974
1,300.1,309.3,1443,50.3,196,0,No Failure,9.199999999999989,72582.9,0.25532994923857866
0,300.1,309.3,1616,32.0,199,0,No Failure,9.199999999999989,51712.0,0.16
0,300.1,309.3,1654,31.0,201,0,No Failure,9.199999999999989,51274.0,0.15346534653465346
0,300.1,309.3,1685,27.1,203,0,No Failure,9.199999999999989,45663.5,0.13284313725490196
1,300.2,309.4,1456,48.8,205,0,No Failure,9.199999999999989,71052.8,0.23689320388349513
1,300.2,309.4,1752,27.8,208,0,No Failure,9.199999999999989,48705.6,0.13301435406698564
1,300.1,309.2,1438,51.0,211,0,No Failure,9.099999999999966,73338.0,0.24056603773584906
0,300.1,309.1,1551,33.7,214,0,No Failure,9.0,52268.700000000004,0.15674418604651164
0,300.1,309.2,1599,30.1,216,0,No Failure,9.099999999999966,48129.9,0.13870967741935483
1,300.1,309.2,1732,33.7,218,0,No Failure,9.099999999999966,58368.4,0.1538812785388128
1,300.1,309.2,1418,39.8,221,0,No Failure,9.099999999999966,56436.399999999994,0.17927927927927928
0,300.0,309.1,1401,44.5,0,0,No Failure,9.100000000000023,62344.5,44.5
0,300.0,309.0,1454,51.7,2,0,No Failure,9.0,75171.8,17.233333333333334
1,300.0,309.2,1635,32.4,4,0,No Failure,9.199999999999989,52974.0,6.4799999999999995
0,300.0,309.1,1489,40.3,7,0,No Failure,9.100000000000023,60006.7,5.0375
0,300.0,309.1,1465,40.6,9,0,No Failure,9.100000000000023,59479.0,4.0600000000000005
1,300.0,309.1,1463,45.7,11,0,No Failure,9.100000000000023,66859.1,3.8083333333333336
2,300.1,309.1,1560,35.4,14,0,No Failure,9.0,55224.0,2.36
1,300.1,309.2,1454,44.4,19,0,No Failure,9.099999999999966,64557.6,2.2199999999999998
0,300.2,309.1,1479,47.0,22,0,No Failure,8.900000000000034,69513.0,2.0434782608695654
0,300.2,309.2,1430,43.4,24,0,No Failure,9.0,62062.0,1.736
1,300.1,309.1,1533,38.0,26,0,No Failure,9.0,58254.0,1.4074074074074074
0,300.1,309.0,1404,54.8,29,0,No Failure,8.899999999999977,76939.2,1.8266666666666667
1,300.1,308.9,1548,38.4,31,0,No Failure,8.799999999999955,59443.2,1.2
1,300.1,309.0,1612,33.0,34,0,No Failure,8.899999999999977,53196.0,0.9428571428571428
1,300.2,309.0,1642,31.2,37,0,No Failure,8.800000000000011,51230.4,0.8210526315789474
1,300.2,309.1,1406,42.2,40,0,No Failure,8.900000000000034,59333.200000000004,1.0292682926829269
0,300.3,309.2,1587,31.4,43,0,No Failure,8.899999999999977,49831.799999999996,0.7136363636363636
1,300.3,309.2,1364,47.6,45,0,No Failure,8.899999999999977,64926.4,1.0347826086956522
0,300.3,309.2,1462,51.4,48,0,No Failure,8.899999999999977,75146.8,1.0489795918367346
0,300.3,309.2,1649,32.4,50,0,No Failure,8.899999999999977,53427.6,0.6352941176470588
0,300.4,309.2,1752,29.0,52,0,No Failure,8.800000000000011,50808.0,0.5471698113207547
2,300.4,309.3,1396,51.2,54,0,No Failure,8.900000000000034,71475.2,0.9309090909090909
1,300.5,309.4,2179,16.3,59,0,No Failure,8.899999999999977,35517.700000000004,0.27166666666666667
0,300.5,309.5,1653,27.6,62,0,No Failure,9.0,45622.8,0.4380952380952381
0,300.6,309.5,2025,21.4,64,0,No Failure,8.899999999999977,43335.0,0.3292307692307692
0,300.6,309.6,1426,53.6,66,0,No Failure,9.0,76433.6,0.8
1,300.6,309.6,1503,38.4,68,0,No Failure,9.0,57715.2,0.5565217391304348
1,300.7,309.6,1525,36.5,71,0,No Failure,8.900000000000034,55662.5,0.5069444444444444
0,300.6,309.6,1423,49.1,74,0,No Failure,9.0,69869.3,0.6546666666666667
1,300.7,309.7,1435,44.7,76,0,No Failure,9.0,64144.50000000001,0.5805194805194805
2,300.6,309.5,1495,36.5,79,0,No Failure,8.899999999999977,54567.5,0.45625
1,300.6,309.5,1557,33.8,84,0,No Failure,8.899999999999977,52626.6,0.39764705882352935
0,300.6,309.4,1474,40.7,87,0,No Failure,8.799999999999955,59991.8,0.4625
0,300.5,309.3,1465,46.0,89,0,No Failure,8.800000000000011,67390.0,0.5111111111111111
1,300.5,309.3,1589,34.9,91,0,No Failure,8.800000000000011,55456.1,0.3793478260869565
0,300.5,309.3,1475,46.8,94,0,No Failure,8.800000000000011,69030.0,0.49263157894736836
0,300.6,309.4,1442,43.2,96,0,No Failure,8.799999999999955,62294.4,0.44536082474226807
0,300.6,309.4,1556,36.0,98,0,No Failure,8.799999999999955,56016.0,0.36363636363636365
0,300.7,309.3,1425,45.3,100,0,No Failure,8.600000000000023,64552.49999999999,0.44851485148514847
0,300.7,309.3,1580,38.3,102,0,No Failure,8.600000000000023,60513.99999999999,0.3718446601941747
2,300.8,309.4,1474,40.7,104,0,No Failure,8.599999999999966,59991.8,0.38761904761904764
0,300.8,309.4,1489,38.4,109,0,No Failure,8.599999999999966,57177.6,0.34909090909090906
0,300.8,309.4,1946,20.5,111,0,No Failure,8.599999999999966,39893.0,0.18303571428571427
1,300.8,309.4,1342,62.4,113,1,Heat Dissipation Failure,8.599999999999966,83740.8,0.5473684210526316
1,300.9,309.5,1758,26.8,116,0,No Failure,8.600000000000023,47114.4,0.22905982905982908
1,300.9,309.4,1724,25.6,119,0,No Failure,8.5,44134.4,0.21333333333333335
0,301.0,309.5,1430,48.5,122,0,No Failure,8.5,69355.0,0.3943089430894309
0,300.9,309.5,1612,35.2,124,0,No Failure,8.600000000000023,56742.4,0.2816
2,300.9,309.5,1469,43.4,126,0,No Failure,8.600000000000023,63754.6,0.3417322834645669
0,300.9,309.6,1384,42.4,131,0,No Failure,8.700000000000045,58681.6,0.3212121212121212
0,301.0,309.6,1724,28.1,133,0,No Failure,8.600000000000023,48444.4,0.20970149253731343
1,301.0,309.6,1397,48.0,135,0,No Failure,8.600000000000023,67056.0,0.35294117647058826
1,301.0,309.6,1588,32.7,138,0,No Failure,8.600000000000023,51927.600000000006,0.2352517985611511
0,301.0,309.7,1468,42.0,141,0,No Failure,8.699999999999989,61656.0,0.29577464788732394
1,301.0,309.8,1594,31.1,143,0,No Failure,8.800000000000011,49573.4,0.21597222222222223
1,301.0,309.7,1511,39.3,146,0,No Failure,8.699999999999989,59382.299999999996,0.2673469387755102
0,301.1,309.8,1493,38.9,149,0,No Failure,8.699999999999989,58077.7,0.2593333333333333
2,301.2,309.8,1709,27.0,151,0,No Failure,8.600000000000023,46143.0,0.17763157894736842
0,301.1,309.6,1501,36.1,156,0,No Failure,8.5,54186.1,0.22993630573248408
0,301.1,309.7,1668,30.8,158,0,No Failure,8.599999999999966,51374.4,0.19371069182389938
0,301.1,309.6,1502,48.9,160,0,No Failure,8.5,73447.8,0.30372670807453417
1,301.0,309.7,1288,58.4,162,0,No Failure,8.699999999999989,75219.2,0.35828220858895704
0,301.0,309.7,1491,42.9,165,0,No Failure,8.699999999999989,63963.9,0.258433734939759
0,301.1,309.8,1519,39.6,167,0,No Failure,8.699999999999989,60152.4,0.2357142857142857
0,301.2,309.9,1984,19.7,169,0,No Failure,8.699999999999989,39084.799999999996,0.11588235294117646
0,301.2,309.9,1643,32.9,171,0,No Failure,8.699999999999989,54054.7,0.19127906976744186
1,301.2,310.0,1625,31.6,173,0,No Failure,8.800000000000011,51350.0,0.18160919540229886
1,301.3,310.0,2068,17.8,176,0,No Failure,8.699999999999989,36810.4,0.10056497175141244
2,301.3,310.1,1469,39.7,179,0,No Failure,8.800000000000011,58319.3,0.22055555555555556
0,301.3,310.1,1558,36.3,184,0,No Failure,8.800000000000011,56555.399999999994,0.1962162162162162
0,301.3,310.0,1344,54.8,186,0,No Failure,8.699999999999989,73651.2,0.293048128342246
2,301.3,310.1,1455,44.1,188,0,No Failure,8.800000000000011,64165.5,0.23333333333333334
0,301.3,310.1,1355,53.6,193,0,No Failure,8.800000000000011,72628.0,0.27628865979381445
0,301.3,310.1,1269,56.8,195,1,Overstrain Failure,8.800000000000011,72079.2,0.2897959183673469
0,301.3,310.0,1550,41.5,197,0,No Failure,8.699999999999989,64325.0,0.20959595959595959
1,301.3,310.1,1525,37.8,199,0,No Failure,8.800000000000011,57644.99999999999,0.18899999999999997
1,301.3,310.0,1696,32.4,202,0,No Failure,8.699999999999989,54950.399999999994,0.15960591133004925
0,301.4,310.1,1937,21.8,205,0,No Failure,8.700000000000045,42226.6,0.10582524271844661
1,301.4,310.0,1689,32.1,207,0,No Failure,8.600000000000023,54216.9,0.15432692307692308
1,301.3,310.0,1593,30.8,210,0,No Failure,8.699999999999989,49064.4,0.14597156398104266
1,301.3,309.9,1565,36.0,213,0,No Failure,8.599999999999966,56340.0,0.16822429906542055
0,301.3,310.0,1665,31.4,0,0,No Failure,8.699999999999989,52281.0,31.4
2,301.3,310.0,1532,36.3,2,0,No Failure,8.699999999999989,55611.6,12.1
0,301.3,310.0,1438,40.9,7,0,No Failure,8.699999999999989,58814.2,5.1125
0,301.3,310.1,1531,41.6,9,0,No Failure,8.800000000000011,63689.6,4.16
0,301.3,310.0,1506,40.8,11,0,No Failure,8.699999999999989,61444.799999999996,3.4
0,301.2,309.9,1382,52.4,13,0,No Failure,8.699999999999989,72416.8,3.742857142857143
1,301.2,309.9,1456,50.8,15,0,No Failure,8.699999999999989,73964.8,3.175
1,301.2,310.0,1445,45.6,18,0,No Failure,8.800000000000011,65892.0,2.4
0,301.2,309.9,1515,40.9,21,0,No Failure,8.699999999999989,61963.5,1.8590909090909091
0,301.2,309.9,1449,45.5,23,0,No Failure,8.699999999999989,65929.5,1.8958333333333333
2,301.2,309.9,1362,50.7,25,0,No Failure,8.699999999999989,69053.40000000001,1.9500000000000002
0,301.2,309.9,1687,29.7,30,0,No Failure,8.699999999999989,50103.9,0.9580645161290322
0,301.2,310.0,1618,37.6,32,0,No Failure,8.800000000000011,60836.8,1.1393939393939394
1,301.2,310.1,1558,32.6,34,0,No Failure,8.900000000000034,50790.8,0.9314285714285715
0,301.3,310.1,1662,31.0,37,0,No Failure,8.800000000000011,51522.0,0.8157894736842105
1,301.2,310.1,1295,56.6,39,0,No Failure,8.900000000000034,73297.0,1.415
0,301.2,310.2,1385,42.3,42,0,No Failure,9.0,58585.49999999999,0.983720930232558
1,301.2,310.1,1479,45.5,44,0,No Failure,8.900000000000034,67294.5,1.011111111111111
0,301.3,310.3,1400,44.3,47,0,No Failure,9.0,62019.99999999999,0.9229166666666666
1,301.2,310.3,1357,54.5,49,0,No Failure,9.100000000000023,73956.5,1.09
0,301.1,310.2,1657,34.1,52,0,No Failure,9.099999999999966,56503.700000000004,0.6433962264150944
0,301.1,310.2,1496,43.4,54,0,No Failure,9.099999999999966,64926.4,0.7890909090909091
1,301.2,310.3,1379,43.2,56,0,No Failure,9.100000000000023,59572.8,0.7578947368421053
0,301.2,310.3,1548,38.6,59,0,No Failure,9.100000000000023,59752.8,0.6433333333333333
0,301.2,310.3,1499,38.1,61,0,No Failure,9.100000000000023,57111.9,0.614516129032258
0,301.3,310.5,1390,45.8,63,0,No Failure,9.199999999999989,63661.99999999999,0.715625
2,301.3,310.4,1538,38.4,65,0,No Failure,9.099999999999966,59059.2,0.5818181818181818
0,301.3,310.5,1365,47.7,70,0,No Failure,9.199999999999989,65110.50000000001,0.671830985915493
0,301.3,310.5,1503,48.6,72,0,No Failure,9.199999999999989,73045.8,0.6657534246575343
0,301.2,310.4,1390,49.9,74,0,No Failure,9.199999999999989,69361.0,0.6653333333333333
0,301.2,310.3,1497,45.7,76,0,No Failure,9.100000000000023,68412.90000000001,0.5935064935064935
1,301.3,310.4,1577,48.3,78,0,No Failure,9.099999999999966,76169.09999999999,0.6113924050632911
0,301.4,310.5,1432,54.3,81,0,No Failure,9.100000000000023,77757.59999999999,0.6621951219512194
1,301.4,310.5,1563,39.9,83,0,No Failure,9.100000000000023,62363.7,0.475
0,301.4,310.4,1433,43.4,86,0,No Failure,9.0,62192.2,0.49885057471264366
0,301.3,310.4,1384,50.1,88,0,No Failure,9.099999999999966,69338.40000000001,0.5629213483146067
0,301.3,310.4,1346,46.7,90,0,No Failure,9.099999999999966,62858.200000000004,0.5131868131868133
0,301.3,310.4,1459,44.7,92,0,No Failure,9.099999999999966,65217.3,0.4806451612903226
0,301.4,310.4,1639,28.9,94,0,No Failure,9.0,47367.1,0.30421052631578943
0,301.4,310.4,1737,31.9,96,0,No Failure,9.0,55410.299999999996,0.3288659793814433
0,301.4,310.5,1489,43.5,98,0,No Failure,9.100000000000023,64771.5,0.4393939393939394
1,301.5,310.6,1492,43.0,100,0,No Failure,9.100000000000023,64156.0,0.42574257425742573
1,301.4,310.5,1217,60.6,103,0,No Failure,9.100000000000023,73750.2,0.5826923076923077
0,301.5,310.5,1636,28.7,106,0,No Failure,9.0,46953.2,0.26822429906542056
0,301.4,310.4,1436,49.7,108,0,No Failure,9.0,71369.2,0.45596330275229363
0,301.4,310.4,1689,30.6,110,0,No Failure,9.0,51683.4,0.2756756756756757
0,301.5,310.5,2289,16.4,112,0,No Failure,9.0,37539.6,0.14513274336283186
0,301.5,310.6,1522,41.0,114,0,No Failure,9.100000000000023,62402.0,0.3565217391304348
0,301.5,310.5,1351,52.9,116,0,No Failure,9.0,71467.9,0.45213675213675214
0,301.5,310.5,1589,36.7,118,0,No Failure,9.0,58316.3,0.30840336134453783
0,301.5,310.6,1578,34.1,120,0,No Failure,9.100000000000023,53809.8,0.28181818181818186
0,301.5,310.6,1587,33.7,122,0,No Failure,9.100000000000023,53481.9,0.2739837398373984
0,301.5,310.6,1962,20.2,124,0,No Failure,9.100000000000023,39632.4,0.1616
1,301.5,310.6,2432,14.2,126,0,No Failure,9.100000000000023,34534.4,0.11181102362204724
0,301.6,310.6,1418,43.9,129,0,No Failure,9.0,62250.2,0.3376923076923077
0,301.6,310.7,1683,29.7,131,0,No Failure,9.099999999999966,49985.1,0.225
0,301.7,310.8,1385,50.7,133,0,No Failure,9.100000000000023,70219.5,0.37835820895522393
0,301.7,310.8,1559,44.5,135,0,No Failure,9.100000000000023,69375.5,0.3272058823529412
1,301.7,310.8,1671,31.6,137,0,No Failure,9.100000000000023,52803.600000000006,0.2289855072463768
1,301.6,310.8,1343,49.5,140,0,No Failure,9.199999999999989,66478.5,0.35106382978723405
1,301.6,310.8,1548,34.2,143,0,No Failure,9.199999999999989,52941.600000000006,0.23750000000000002
0,301.7,310.9,1705,31.2,146,0,No Failure,9.199999999999989,53196.0,0.21224489795918366
0,301.6,310.8,1535,35.4,148,0,No Failure,9.199999999999989,54339.0,0.23758389261744967
0,301.6,310.8,1564,34.1,150,0,No Failure,9.199999999999989,53332.4,0.22582781456953643
1,301.6,310.9,1510,40.9,152,0,No Failure,9.299999999999955,61759.0,0.2673202614379085
0,301.6,310.9,1492,45.2,155,0,No Failure,9.299999999999955,67438.40000000001,0.28974358974358977
1,301.5,310.8,1452,44.1,157,0,No Failure,9.300000000000011,64033.200000000004,0.2791139240506329
2,301.4,310.7,1329,52.0,160,0,No Failure,9.300000000000011,69108.0,0.32298136645962733
0,301.5,310.8,1382,52.4,165,0,No Failure,9.300000000000011,72416.8,0.3156626506024096
1,301.5,310.8,1628,36.4,167,0,No Failure,9.300000000000011,59259.2,0.21666666666666665
0,301.4,310.7,1706,27.9,170,0,No Failure,9.300000000000011,47597.399999999994,0.16315789473684209
0,301.3,310.7,1594,34.1,172,0,No Failure,9.399999999999977,54355.4,0.1971098265895954
0,301.3,310.7,1761,24.3,174,0,No Failure,9.399999999999977,42792.3,0.13885714285714287
0,301.3,310.6,1529,41.8,176,0,No Failure,9.300000000000011,63912.2,0.23615819209039546
1,301.3,310.7,1532,40.7,178,0,No Failure,9.399999999999977,62352.4,0.22737430167597766
0,301.4,310.7,1673,27.8,181,0,No Failure,9.300000000000011,46509.4,0.15274725274725276
0,301.4,310.8,1285,62.6,183,1,Overstrain Failure,9.400000000000034,80441.0,0.34021739130434786
0,301.4,310.8,1680,31.4,185,0,No Failure,9.400000000000034,52752.0,0.16881720430107527
0,301.4,310.8,1610,34.6,187,0,No Failure,9.400000000000034,55706.0,0.18404255319148938
0,301.6,310.9,1632,31.6,189,0,No Failure,9.299999999999955,51571.200000000004,0.16631578947368422
0,301.6,310.9,1559,40.2,191,0,No Failure,9.299999999999955,62671.8,0.209375
0,301.5,310.8,1367,49.0,193,0,No Failure,9.300000000000011,66983.0,0.25257731958762886
0,301.6,310.8,1355,57.8,195,1,Overstrain Failure,9.199999999999989,78319.0,0.29489795918367345
2,301.6,310.7,1414,51.7,197,0,No Failure,9.099999999999966,73103.8,0.2611111111111111
0,301.5,310.6,1522,36.6,202,0,No Failure,9.100000000000023,55705.200000000004,0.18029556650246306
0,301.5,310.6,1525,41.9,204,0,No Failure,9.100000000000023,63897.5,0.204390243902439
0,301.5,310.6,1394,46.5,206,0,No Failure,9.100000000000023,64821.0,0.2246376811594203
0,301.5,310.6,1519,40.7,208,0,No Failure,9.100000000000023,61823.3,0.19473684210526318
0,301.4,310.6,1445,43.9,210,0,No Failure,9.200000000000045,63435.5,0.20805687203791468
0,301.4,310.6,1555,43.3,212,0,No Failure,9.200000000000045,67331.5,0.20328638497652582
0,301.4,310.5,1633,39.5,0,0,No Failure,9.100000000000023,64503.5,39.5
1,301.4,310.6,1630,30.3,2,0,No Failure,9.200000000000045,49389.0,10.1
1,301.4,310.7,1692,32.3,5,0,No Failure,9.300000000000011,54651.6,5.383333333333333
2,301.5,310.7,1790,26.2,8,0,No Failure,9.199999999999989,46898.0,2.911111111111111
0,301.5,310.8,1350,58.5,13,0,No Failure,9.300000000000011,78975.0,4.178571428571429
0,301.5,310.9,2760,8.0,15,1,Power Failure,9.399999999999977,22080.0,0.5
0,301.4,310.7,1584,32.2,17,0,No Failure,9.300000000000011,51004.8,1.788888888888889
0,301.4,310.7,1989,21.8,19,0,No Failure,9.300000000000011,43360.200000000004,1.09
0,301.4,310.8,1431,44.3,21,0,No Failure,9.400000000000034,63393.299999999996,2.0136363636363637
0,301.4,310.7,1568,35.2,23,0,No Failure,9.300000000000011,55193.600000000006,1.4666666666666668
0,301.4,310.7,1376,50.6,25,0,No Failure,9.300000000000011,69625.6,1.9461538461538461
1,301.4,310.6,1459,46.9,27,0,No Failure,9.200000000000045,68427.09999999999,1.675
1,301.5,310.8,1385,47.5,30,0,No Failure,9.300000000000011,65787.5,1.532258064516129
2,301.5,310.8,1591,29.6,33,0,No Failure,9.300000000000011,47093.600000000006,0.8705882352941177
0,301.5,310.7,1568,33.1,38,0,No Failure,9.199999999999989,51900.8,0.8487179487179487
1,301.4,310.7,1459,37.7,40,0,No Failure,9.300000000000011,55004.3,0.9195121951219513
0,301.4,310.7,1590,36.3,43,0,No Failure,9.300000000000011,57716.99999999999,0.825
0,301.3,310.6,1376,47.6,45,0,No Failure,9.300000000000011,65497.6,1.0347826086956522
0,301.3,310.6,1510,38.5,47,0,No Failure,9.300000000000011,58135.0,0.8020833333333334
2,301.4,310.6,1674,33.6,49,0,No Failure,9.200000000000045,56246.4,0.672
0,301.3,310.6,1426,40.7,54,0,No Failure,9.300000000000011,58038.200000000004,0.7400000000000001
0,301.5,310.7,1466,43.6,56,0,No Failure,9.199999999999989,63917.6,0.7649122807017544
2,301.5,310.8,1474,38.7,58,0,No Failure,9.300000000000011,57043.8,0.6559322033898306
1,301.6,310.8,1290,65.3,63,0,No Failure,9.199999999999989,84237.0,1.0203125
1,301.7,310.9,1435,48.0,66,0,No Failure,9.199999999999989,68880.0,0.7164179104477612
1,301.5,310.7,1416,53.2,69,0,No Failure,9.199999999999989,75331.2,0.76
2,301.5,310.7,1599,40.4,72,0,No Failure,9.199999999999989,64599.6,0.5534246575342465
0,301.5,310.7,1466,47.3,77,0,No Failure,9.199999999999989,69341.8,0.6064102564102564
0,301.5,310.7,1408,47.3,79,0,No Failure,9.199999999999989,66598.4,0.5912499999999999
0,301.5,310.6,1490,48.1,81,0,No Failure,9.100000000000023,71669.0,0.5865853658536585
0,301.5,310.6,1405,42.3,83,0,No Failure,9.100000000000023,59431.49999999999,0.5035714285714286
0,301.4,310.5,1647,33.3,85,0,No Failure,9.100000000000023,54845.1,0.3872093023255814
1,301.4,310.6,1459,35.0,87,0,No Failure,9.200000000000045,51065.0,0.3977272727272727
0,301.4,310.6,1648,30.7,90,0,No Failure,9.200000000000045,50593.6,0.33736263736263733
0,301.4,310.7,1675,30.7,92,0,No Failure,9.300000000000011,51422.5,0.3301075268817204
0,301.4,310.7,1605,34.2,94,0,No Failure,9.300000000000011,54891.00000000001,0.36000000000000004
2,301.4,310.7,1536,44.4,96,0,No Failure,9.300000000000011,68198.4,0.4577319587628866
1,301.4,310.7,1617,34.3,101,0,No Failure,9.300000000000011,55463.1,0.33627450980392154
0,301.4,310.6,1347,53.3,104,0,No Failure,9.200000000000045,71795.09999999999,0.5076190476190476
0,301.3,310.5,1337,52.7,106,0,No Failure,9.199999999999989,70459.90000000001,0.49252336448598133
0,301.3,310.4,1695,30.9,108,0,No Failure,9.099999999999966,52375.5,0.2834862385321101
1,301.3,310.4,1635,32.5,110,0,No Failure,9.099999999999966,53137.5,0.2927927927927928
0,301.2,310.4,1470,44.0,113,0,No Failure,9.199999999999989,64680.0,0.38596491228070173
0,301.2,310.4,1381,49.8,115,0,No Failure,9.199999999999989,68773.8,0.4293103448275862
1,301.2,310.4,1382,41.6,117,0,No Failure,9.199999999999989,57491.200000000004,0.3525423728813559
1,301.2,310.4,1697,30.0,120,0,No Failure,9.199999999999989,50910.0,0.24793388429752067
0,301.2,310.3,1451,39.7,123,0,No Failure,9.100000000000023,57604.700000000004,0.32016129032258067
0,301.3,310.3,1419,55.7,125,0,No Failure,9.0,79038.3,0.4420634920634921
0,301.3,310.3,1313,55.6,127,0,No Failure,9.0,73002.8,0.434375
0,301.3,310.3,1560,36.3,129,0,No Failure,9.0,56627.99999999999,0.2792307692307692
0,301.3,310.3,1555,41.2,131,0,No Failure,9.0,64066.00000000001,0.31212121212121213
0,301.4,310.4,1579,36.9,133,0,No Failure,9.0,58265.1,0.2753731343283582
0,301.5,310.5,1435,44.6,135,0,No Failure,9.0,64001.0,0.32794117647058824
0,301.6,310.6,1621,33.7,137,0,No Failure,9.0,54627.700000000004,0.24420289855072466
2,301.6,310.6,1555,40.4,139,0,No Failure,9.0,62822.0,0.28857142857142853
0,301.5,310.5,1611,33.8,144,0,No Failure,9.0,54451.799999999996,0.23310344827586205
0,301.6,310.6,1834,23.5,146,0,No Failure,9.0,43099.0,0.1598639455782313
1,301.5,310.5,1612,29.8,148,0,No Failure,9.0,48037.6,0.2
0,301.5,310.4,1629,34.1,151,0,No Failure,8.899999999999977,55548.9,0.2243421052631579
0,301.4,310.4,1496,35.2,153,0,No Failure,9.0,52659.200000000004,0.2285714285714286
0,301.5,310.5,1593,32.9,155,0,No Failure,9.0,52409.7,0.2108974358974359
1,301.5,310.5,1623,33.5,157,0,No Failure,9.0,54370.5,0.2120253164556962
0,301.5,310.5,1380,48.7,160,0,No Failure,9.0,67206.0,0.3024844720496895
0,301.6,310.6,1562,34.4,162,0,No Failure,9.0,53732.799999999996,0.21104294478527608
0,301.6,310.6,1391,49.4,164,0,No Failure,9.0,68715.4,0.2993939393939394
2,301.5,310.5,1551,34.3,166,0,No Failure,9.0,53199.299999999996,0.20538922155688621
2,301.6,310.6,1821,26.2,171,0,No Failure,9.0,47710.2,0.15232558139534882
0,301.6,310.7,1429,43.6,176,0,No Failure,9.099999999999966,62304.4,0.24632768361581922
1,301.6,310.7,2012,20.7,178,0,No Failure,9.099999999999966,41648.4,0.11564245810055866
1,301.6,310.6,1924,23.6,181,0,No Failure,9.0,45406.4,0.12967032967032968
1,301.5,310.5,1412,44.1,184,0,No Failure,9.0,62269.200000000004,0.23837837837837839
0,301.5,310.5,1389,54.9,187,0,No Failure,9.0,76256.09999999999,0.29202127659574467
0,301.5,310.5,1466,48.1,189,0,No Failure,9.0,70514.6,0.25315789473684214
0,301.5,310.5,2297,15.8,191,0,No Failure,9.0,36292.6,0.08229166666666667
0,301.4,310.4,1471,37.5,193,0,No Failure,9.0,55162.5,0.19329896907216496
0,301.4,310.3,1492,41.4,195,0,No Failure,8.900000000000034,61768.799999999996,0.21122448979591835
0,301.3,310.3,1460,41.5,197,0,No Failure,9.0,60590.0,0.20959595959595959
0,301.4,310.4,1559,39.4,199,0,No Failure,9.0,61424.6,0.19699999999999998
1,301.4,310.5,1495,52.5,201,0,No Failure,9.100000000000023,78487.5,0.2599009900990099
0,301.5,310.5,1535,39.0,204,0,No Failure,9.0,59865.0,0.1902439024390244
0,301.5,310.6,1381,50.7,206,0,No Failure,9.100000000000023,70016.7,0.24492753623188407
1,301.6,310.6,1599,36.1,208,0,No Failure,9.0,57723.9,0.17272727272727273
2,301.6,310.6,1400,49.5,211,0,No Failure,9.0,69300.0,0.23349056603773585
0,301.7,310.6,1624,34.5,216,0,No Failure,8.900000000000034,56028.0,0.15898617511520738
0,301.6,310.6,1478,36.6,218,0,No Failure,9.0,54094.8,0.16712328767123288
0,301.7,310.7,1605,33.3,220,0,No Failure,9.0,53446.49999999999,0.1506787330316742
0,301.6,310.6,1506,43.4,222,0,No Failure,9.0,65360.4,0.19461883408071748
0,301.6,310.6,1455,43.9,0,0,No Failure,9.0,63874.5,43.9
2,301.6,310.5,1602,32.3,2,0,No Failure,8.899999999999977,51744.6,10.766666666666666
0,301.5,310.4,1425,54.4,7,0,No Failure,8.899999999999977,77520.0,6.8
0,301.5,310.4,1918,21.8,9,0,No Failure,8.899999999999977,41812.4,2.18
2,301.4,310.3,1611,41.5,11,0,No Failure,8.900000000000034,66856.5,3.4583333333333335
2,301.4,310.4,1610,38.6,16,0,No Failure,9.0,62146.0,2.2705882352941176
1,301.5,310.4,2639,12.0,21,1,Power Failure,8.899999999999977,31668.0,0.5454545454545454
0,301.5,310.4,1329,46.6,24,0,No Failure,8.899999999999977,61931.4,1.864
0,301.5,310.4,1270,54.2,26,0,No Failure,8.899999999999977,68834.0,2.0074074074074075
0,301.5,310.3,1415,41.6,28,0,No Failure,8.800000000000011,58864.0,1.4344827586206896
2,301.6,310.4,1330,49.5,30,0,No Failure,8.799999999999955,65835.0,1.596774193548387
2,301.6,310.5,1786,27.1,35,0,No Failure,8.899999999999977,48400.600000000006,0.7527777777777778
0,301.6,310.5,1809,25.5,40,0,No Failure,8.899999999999977,46129.5,0.6219512195121951
0,301.7,310.6,1303,59.7,42,0,No Failure,8.900000000000034,77789.1,1.388372093023256
1,301.8,310.7,1383,45.7,44,0,No Failure,8.899999999999977,63203.100000000006,1.0155555555555555
0,301.7,310.6,1447,56.9,47,0,No Failure,8.900000000000034,82334.3,1.1854166666666666
0,301.8,310.7,1461,44.2,49,0,No Failure,8.899999999999977,64576.200000000004,0.884
0,301.8,310.7,2092,18.6,51,0,No Failure,8.899999999999977,38911.200000000004,0.3576923076923077
1,301.8,310.7,1429,47.9,53,0,No Failure,8.899999999999977,68449.09999999999,0.887037037037037
0,301.8,310.8,1736,26.5,56,0,No Failure,9.0,46004.0,0.4649122807017544
0,301.8,310.7,1441,49.3,58,0,No Failure,8.899999999999977,71041.3,0.835593220338983
0,301.8,310.7,1523,43.3,60,0,No Failure,8.899999999999977,65945.9,0.7098360655737704
1,301.8,310.8,1691,33.4,62,0,No Failure,9.0,56479.399999999994,0.5301587301587302
1,301.9,310.8,1557,35.3,65,0,No Failure,8.900000000000034,54962.1,0.5348484848484848
0,301.8,310.7,1644,33.4,68,0,No Failure,8.899999999999977,54909.6,0.4840579710144927
0,301.8,310.6,1522,43.8,70,0,No Failure,8.800000000000011,66663.59999999999,0.6169014084507042
0,301.8,310.7,1547,41.7,72,0,No Failure,8.899999999999977,64509.9,0.5712328767123288
0,301.8,310.7,1597,30.8,74,0,No Failure,8.899999999999977,49187.6,0.4106666666666667
1,301.8,310.8,1619,31.0,76,0,No Failure,9.0,50189.0,0.4025974025974026
0,301.9,310.8,1400,58.2,79,0,No Failure,8.900000000000034,81480.0,0.7275
0,302.0,310.9,1663,31.5,81,0,No Failure,8.899999999999977,52384.5,0.38414634146341464
0,301.9,310.8,1540,37.6,83,0,No Failure,8.900000000000034,57904.0,0.44761904761904764
2,301.9,310.8,1455,42.7,85,0,No Failure,8.900000000000034,62128.50000000001,0.4965116279069768
0,301.9,310.8,1519,39.0,90,0,No Failure,8.900000000000034,59241.0,0.42857142857142855
0,301.9,310.8,1427,47.7,92,0,No Failure,8.900000000000034,68067.90000000001,0.5129032258064516
0,301.9,310.8,1650,29.8,94,0,No Failure,8.900000000000034,49170.0,0.3136842105263158
1,301.8,310.8,1508,38.8,96,0,No Failure,9.0,58510.399999999994,0.39999999999999997
0,301.9,310.9,1379,54.8,99,0,No Failure,9.0,75569.2,0.5479999999999999
0,301.9,310.9,1542,36.7,101,0,No Failure,9.0,56591.4,0.3598039215686275
1,301.9,310.9,1763,28.4,103,0,No Failure,9.0,50069.2,0.27307692307692305
2,301.9,310.9,1590,34.3,106,0,No Failure,9.0,54536.99999999999,0.32056074766355136
2,301.9,311.0,1336,63.6,111,0,No Failure,9.100000000000023,84969.6,0.5678571428571428
1,301.9,311.0,1638,35.4,116,0,No Failure,9.100000000000023,57985.2,0.30256410256410254
0,301.9,311.0,1356,45.7,119,0,No Failure,9.100000000000023,61969.200000000004,0.38083333333333336
1,301.9,311.0,1384,47.4,121,0,No Failure,9.100000000000023,65601.59999999999,0.3885245901639344
0,301.9,310.9,1309,48.0,124,0,No Failure,9.0,62832.0,0.384
0,301.9,311.0,1642,33.1,126,0,No Failure,9.100000000000023,54350.200000000004,0.2606299212598425
0,301.9,311.0,1289,54.9,128,0,No Failure,9.100000000000023,70766.09999999999,0.4255813953488372
0,301.9,311.0,1353,43.8,130,0,No Failure,9.100000000000023,59261.399999999994,0.33435114503816793
2,301.9,311.0,1871,26.0,132,0,No Failure,9.100000000000023,48646.0,0.19548872180451127
2,301.9,311.0,1291,63.6,137,0,No Failure,9.100000000000023,82107.6,0.4608695652173913
1,301.8,310.9,1346,44.6,142,0,No Failure,9.099999999999966,60031.6,0.3118881118881119
0,301.7,310.8,1493,47.6,145,0,No Failure,9.100000000000023,71066.8,0.32602739726027397
1,301.7,310.8,1524,41.3,147,0,No Failure,9.100000000000023,62941.2,0.27905405405405403
0,301.6,310.8,1726,26.7,150,0,No Failure,9.199999999999989,46084.2,0.17682119205298014
2,301.6,310.8,1435,47.2,152,0,No Failure,9.199999999999989,67732.0,0.3084967320261438
1,301.7,310.8,1502,34.4,157,0,No Failure,9.100000000000023,51668.799999999996,0.21772151898734177
0,301.7,310.9,1608,33.0,160,0,No Failure,9.199999999999989,53064.0,0.20496894409937888
0,301.8,311.0,1771,27.2,162,0,No Failure,9.199999999999989,48171.2,0.1668711656441718
0,301.7,311.0,1474,42.6,164,0,No Failure,9.300000000000011,62792.4,0.2581818181818182
0,301.8,311.0,1322,53.0,166,0,No Failure,9.199999999999989,70066.0,0.31736526946107785
1,301.8,311.0,1393,49.5,168,0,No Failure,9.199999999999989,68953.5,0.29289940828402367
1,301.9,311.1,1417,52.5,171,0,No Failure,9.200000000000045,74392.5,0.30523255813953487
2,301.9,311.0,1430,49.8,174,0,No Failure,9.100000000000023,71214.0,0.28457142857142853
1,301.9,311.1,1605,40.0,179,0,No Failure,9.200000000000045,64200.0,0.2222222222222222
0,302.0,311.1,1402,47.8,182,0,No Failure,9.100000000000023,67015.59999999999,0.2612021857923497
0,302.0,311.0,1550,35.2,184,0,No Failure,9.0,54560.00000000001,0.1902702702702703
0,301.9,311.0,1376,44.9,186,0,No Failure,9.100000000000023,61782.4,0.24010695187165776
1,301.9,310.9,1569,32.5,188,0,No Failure,9.0,50992.5,0.17195767195767195
0,301.9,311.0,1669,32.2,191,0,No Failure,9.100000000000023,53741.8,0.16770833333333335
0,301.9,311.0,1541,38.9,193,0,No Failure,9.100000000000023,59944.899999999994,0.20051546391752575
0,301.8,311.0,1651,32.5,195,0,No Failure,9.199999999999989,53657.5,0.16581632653061223
0,301.8,310.9,1521,39.3,197,0,No Failure,9.099999999999966,59775.299999999996,0.19848484848484846
1,301.8,310.8,1365,48.2,199,0,No Failure,9.0,65793.0,0.24100000000000002
0,301.8,310.9,1609,31.7,202,0,No Failure,9.099999999999966,51005.299999999996,0.15615763546798028
2,301.8,310.8,1470,37.6,204,0,No Failure,9.0,55272.0,0.18341463414634146
1,301.9,310.9,1573,38.9,209,0,No Failure,9.0,61189.7,0.18523809523809523
0,302.0,310.9,1378,53.1,212,1,Overstrain Failure,8.899999999999977,73171.8,0.24929577464788732
0,301.9,310.9,1567,39.0,214,1,Tool Wear Failure,9.0,61113.0,0.1813953488372093
1,301.9,310.9,1441,43.7,0,0,No Failure,9.0,62971.700000000004,43.7
1,301.9,310.9,1641,33.2,3,0,No Failure,9.0,54481.200000000004,8.3
0,301.9,310.9,1486,40.3,6,0,No Failure,9.0,59885.799999999996,5.757142857142857
0,302.0,311.0,1563,36.2,8,0,No Failure,9.0,56580.600000000006,4.022222222222222
1,302.0,311.1,1769,26.0,10,0,No Failure,9.100000000000023,45994.0,2.3636363636363638
2,301.9,311.0,1672,29.9,13,0,No Failure,9.100000000000023,49992.799999999996,2.1357142857142857
0,302.0,311.0,1632,34.2,18,0,No Failure,9.0,55814.4,1.8
1,302.0,311.0,1980,21.5,20,0,No Failure,9.0,42570.0,1.0238095238095237
0,302.0,311.1,1635,36.0,23,0,No Failure,9.100000000000023,58860.0,1.5
0,302.0,311.0,1686,32.5,25,0,No Failure,9.0,54795.0,1.25
0,301.9,310.9,1574,31.4,27,0,No Failure,9.0,49423.6,1.1214285714285714
0,301.8,310.8,1546,43.4,29,0,No Failure,9.0,67096.4,1.4466666666666665
0,301.8,310.9,1899,24.7,31,0,No Failure,9.099999999999966,46905.299999999996,0.771875
0,301.8,310.9,1449,36.5,33,0,No Failure,9.099999999999966,52888.5,1.0735294117647058
1,301.9,310.9,1483,37.0,35,0,No Failure,9.0,54871.0,1.0277777777777777
0,301.8,310.8,1576,38.6,38,0,No Failure,9.0,60833.600000000006,0.9897435897435898
1,301.9,310.9,1317,51.9,40,0,No Failure,9.0,68352.3,1.2658536585365854
1,301.9,311.0,1467,48.1,43,0,No Failure,9.100000000000023,70562.7,1.0931818181818183
0,301.9,310.9,1616,34.5,46,0,No Failure,9.0,55752.0,0.7340425531914894
1,301.8,310.9,1299,60.4,48,0,No Failure,9.099999999999966,78459.59999999999,1.2326530612244897
1,301.9,311.0,1432,41.5,51,0,No Failure,9.100000000000023,59428.0,0.7980769230769231
0,301.9,310.9,1799,24.2,54,0,No Failure,9.0,43535.799999999996,0.44
1,301.8,310.9,1358,52.3,56,0,No Failure,9.099999999999966,71023.4,0.9175438596491228
1,301.8,310.8,1618,37.8,59,0,No Failure,9.0,61160.399999999994,0.63
0,301.9,310.8,1525,43.2,62,0,No Failure,8.900000000000034,65880.0,0.6857142857142857
0,301.8,310.7,1551,37.7,64,0,No Failure,8.899999999999977,58472.700000000004,0.5800000000000001
0,301.9,310.8,1735,31.5,66,0,No Failure,8.900000000000034,54652.5,0.4701492537313433
1,301.8,310.7,1309,43.3,68,0,No Failure,8.899999999999977,56679.7,0.6275362318840579
0,301.7,310.6,1743,26.2,71,0,No Failure,8.900000000000034,45666.6,0.3638888888888889
1,301.7,310.7,1659,29.9,73,0,No Failure,9.0,49604.1,0.40405405405405403
0,301.8,310.7,1680,32.4,76,0,No Failure,8.899999999999977,54432.0,0.42077922077922075
0,301.7,310.6,1486,38.5,78,0,No Failure,8.900000000000034,57211.0,0.4873417721518987
0,301.7,310.6,1471,43.8,80,0,No Failure,8.900000000000034,64429.799999999996,0.5407407407407407
1,301.8,310.7,1465,35.8,82,0,No Failure,8.899999999999977,52446.99999999999,0.43132530120481927
1,301.7,310.6,1492,42.2,85,0,No Failure,8.900000000000034,62962.4,0.4906976744186047
1,301.8,310.7,1420,52.0,88,0,No Failure,8.899999999999977,73840.0,0.5842696629213483
0,301.8,310.6,1295,62.3,91,0,No Failure,8.800000000000011,80678.5,0.6771739130434782
0,301.8,310.5,1548,34.1,93,0,No Failure,8.699999999999989,52786.8,0.3627659574468085
0,301.8,310.6,1372,54.7,95,0,No Failure,8.800000000000011,75048.40000000001,0.5697916666666667
1,301.8,310.6,1552,35.9,97,0,No Failure,8.800000000000011,55716.799999999996,0.3663265306122449
2,301.8,310.6,1441,46.3,100,0,No Failure,8.800000000000011,66718.3,0.4584158415841584
1,301.7,310.6,1691,27.7,105,0,No Failure,8.900000000000034,46840.7,0.26132075471698113
0,301.8,310.6,1451,50.7,108,0,No Failure,8.800000000000011,73565.7,0.46513761467889914
0,301.8,310.6,1452,48.4,110,0,No Failure,8.800000000000011,70276.8,0.436036036036036
0,301.7,310.6,1406,46.0,112,0,No Failure,8.900000000000034,64676.0,0.40707964601769914
0,301.7,310.5,1567,39.1,114,0,No Failure,8.800000000000011,61269.700000000004,0.34
0,301.6,310.4,1599,41.7,116,0,No Failure,8.799999999999955,66678.3,0.3564102564102564
1,301.6,310.4,1455,39.0,118,0,No Failure,8.799999999999955,56745.0,0.3277310924369748
1,301.7,310.5,1625,35.9,121,0,No Failure,8.800000000000011,58337.5,0.2942622950819672
0,301.8,310.6,2672,11.8,124,1,Power Failure,8.800000000000011,31529.600000000002,0.09440000000000001
0,301.8,310.6,1650,31.9,126,0,No Failure,8.800000000000011,52635.0,0.2511811023622047
1,301.8,310.6,1459,40.2,128,0,No Failure,8.800000000000011,58651.8,0.3116279069767442
0,301.8,310.6,1395,50.5,131,0,No Failure,8.800000000000011,70447.5,0.38257575757575757
0,301.8,310.7,1751,29.3,133,0,No Failure,8.899999999999977,51304.3,0.21865671641791046
0,301.8,310.6,1192,68.9,135,0,No Failure,8.800000000000011,82128.8,0.5066176470588236
0,301.9,310.7,1947,25.0,137,0,No Failure,8.800000000000011,48675.0,0.18115942028985507
0,301.8,310.5,1593,34.9,139,0,No Failure,8.699999999999989,55595.7,0.24928571428571428
2,301.8,310.5,1478,38.6,141,0,No Failure,8.699999999999989,57050.8,0.271830985915493
1,301.7,310.6,1505,44.5,146,0,No Failure,8.900000000000034,66972.5,0.30272108843537415
0,301.7,310.5,2465,13.7,149,0,No Failure,8.800000000000011,33770.5,0.09133333333333332
0,301.8,310.6,1403,46.8,151,0,No Failure,8.800000000000011,65660.4,0.3078947368421052
1,301.7,310.5,1458,41.4,153,0,No Failure,8.800000000000011,60361.2,0.2688311688311688
2,301.6,310.4,1369,45.4,156,0,No Failure,8.799999999999955,62152.6,0.289171974522293
1,301.6,310.4,1377,44.9,161,0,No Failure,8.799999999999955,61827.299999999996,0.27716049382716046
1,301.6,310.4,1452,45.7,164,0,No Failure,8.799999999999955,66356.40000000001,0.276969696969697
0,301.6,310.4,1517,41.1,167,0,No Failure,8.799999999999955,62348.700000000004,0.24464285714285716
0,301.7,310.5,1354,50.0,169,0,No Failure,8.800000000000011,67700.0,0.29411764705882354
1,301.7,310.5,1724,33.0,171,0,No Failure,8.800000000000011,56892.0,0.19186046511627908
0,301.7,310.5,1399,53.2,174,0,No Failure,8.800000000000011,74426.8,0.304
2,301.7,310.5,1388,50.5,176,0,No Failure,8.800000000000011,70094.0,0.2853107344632768
0,301.7,310.5,1523,34.7,181,0,No Failure,8.800000000000011,52848.100000000006,0.19065934065934068
0,301.7,310.5,1377,43.1,183,0,No Failure,8.800000000000011,59348.700000000004,0.23423913043478262
1,301.7,310.6,1417,45.2,185,0,No Failure,8.900000000000034,64048.4,0.24301075268817207
0,301.7,310.7,1542,40.0,188,0,No Failure,9.0,61680.0,0.21164021164021163
0,301.8,310.8,1557,33.3,190,0,No Failure,9.0,51848.1,0.1743455497382199
0,301.7,310.7,1641,31.9,192,0,No Failure,9.0,52347.899999999994,0.16528497409326423
0,301.7,310.7,1318,55.0,194,0,No Failure,9.0,72490.0,0.28205128205128205
0,301.6,310.7,1638,33.8,196,0,No Failure,9.099999999999966,55364.399999999994,0.17157360406091368
1,301.7,310.8,1954,21.6,198,0,No Failure,9.100000000000023,42206.4,0.1085427135678392
1,301.7,310.9,1644,32.5,201,0,No Failure,9.199999999999989,53430.0,0.1608910891089109
1,301.7,310.8,1594,32.4,204,0,No Failure,9.100000000000023,51645.6,0.15804878048780488
0,301.7,310.9,1405,46.4,207,1,Tool Wear Failure,9.199999999999989,65192.0,0.22307692307692306
0,301.7,310.8,1622,37.8,0,0,No Failure,9.100000000000023,61311.6,37.8
0,301.7,310.9,1557,39.4,2,0,No Failure,9.199999999999989,61345.799999999996,13.133333333333333
0,301.8,311.0,1606,33.3,4,0,No Failure,9.199999999999989,53479.799999999996,6.659999999999999
1,301.8,311.1,1647,31.6,6,0,No Failure,9.300000000000011,52045.200000000004,4.514285714285714
1,301.8,311.1,1413,42.2,9,0,No Failure,9.300000000000011,59628.600000000006,4.220000000000001
0,301.8,311.0,1529,41.6,12,0,No Failure,9.199999999999989,63606.4,3.2
0,301.9,311.1,1448,46.3,14,0,No Failure,9.200000000000045,67042.4,3.0866666666666664
0,301.9,311.2,1435,44.2,16,0,No Failure,9.300000000000011,63427.00000000001,2.6
2,301.9,311.2,1474,41.8,18,0,No Failure,9.300000000000011,61613.2,2.1999999999999997
0,301.9,311.2,1657,29.1,23,0,No Failure,9.300000000000011,48218.700000000004,1.2125000000000001
0,302.0,311.3,1509,39.9,25,0,No Failure,9.300000000000011,60209.1,1.5346153846153845
1,302.0,311.3,1530,36.4,27,0,No Failure,9.300000000000011,55692.0,1.3
1,302.0,311.4,1587,35.9,30,0,No Failure,9.399999999999977,56973.299999999996,1.1580645161290322
1,302.1,311.4,1467,43.4,33,0,No Failure,9.299999999999955,63667.799999999996,1.276470588235294
1,302.2,311.5,1360,53.0,36,0,No Failure,9.300000000000011,72080.0,1.4324324324324325
0,302.2,311.5,1588,30.6,39,0,No Failure,9.300000000000011,48592.8,0.765
0,302.2,311.4,1609,32.1,41,0,No Failure,9.199999999999989,51648.9,0.7642857142857143
0,302.1,311.3,1415,44.1,43,0,No Failure,9.199999999999989,62401.5,1.0022727272727272
0,302.0,311.2,1845,27.3,45,0,No Failure,9.199999999999989,50368.5,0.5934782608695652
1,302.1,311.4,1419,36.2,47,0,No Failure,9.299999999999955,51367.8,0.7541666666666668
0,302.1,311.3,1634,30.6,50,0,No Failure,9.199999999999989,50000.4,0.6
1,302.2,311.3,1521,40.6,52,0,No Failure,9.100000000000023,61752.6,0.7660377358490567
0,302.2,311.4,1499,37.7,55,0,No Failure,9.199999999999989,56512.3,0.6732142857142858
1,302.1,311.2,1616,35.1,57,0,No Failure,9.099999999999966,56721.600000000006,0.6051724137931035
0,302.2,311.4,1449,46.5,60,0,No Failure,9.199999999999989,67378.5,0.7622950819672131
1,302.2,311.4,1626,31.6,62,0,No Failure,9.199999999999989,51381.600000000006,0.5015873015873016
1,302.3,311.5,1445,44.8,65,0,No Failure,9.199999999999989,64735.99999999999,0.6787878787878787
0,302.4,311.6,1622,35.0,68,0,No Failure,9.200000000000045,56770.0,0.5072463768115942
2,302.4,311.6,1544,39.1,70,0,No Failure,9.200000000000045,60370.4,0.5507042253521127
0,302.3,311.6,1488,41.8,75,0,No Failure,9.300000000000011,62198.399999999994,0.5499999999999999
0,302.3,311.6,1309,57.6,77,0,No Failure,9.300000000000011,75398.40000000001,0.7384615384615385
0,302.3,311.6,1784,26.4,79,0,No Failure,9.300000000000011,47097.6,0.32999999999999996
0,302.2,311.5,1548,32.4,81,0,No Failure,9.300000000000011,50155.2,0.39512195121951216
0,302.2,311.5,1413,43.5,83,0,No Failure,9.300000000000011,61465.5,0.5178571428571429
1,302.2,311.5,1863,25.7,85,0,No Failure,9.300000000000011,47879.1,0.29883720930232555
0,302.2,311.5,1427,43.8,88,0,No Failure,9.300000000000011,62502.6,0.4921348314606741
1,302.2,311.5,1443,47.0,90,0,No Failure,9.300000000000011,67821.0,0.5164835164835165
0,302.2,311.5,1481,40.4,93,0,No Failure,9.300000000000011,59832.4,0.4297872340425532
0,302.1,311.4,1446,39.7,95,0,No Failure,9.299999999999955,57406.200000000004,0.4135416666666667
0,302.1,311.5,1444,44.9,97,0,No Failure,9.399999999999977,64835.6,0.45816326530612245
1,302.1,311.5,1341,50.8,99,0,No Failure,9.399999999999977,68122.8,0.508
0,302.1,311.4,1518,37.4,102,0,No Failure,9.299999999999955,56773.2,0.3631067961165048
0,302.1,311.4,1603,35.9,104,0,No Failure,9.299999999999955,57547.7,0.3419047619047619
0,302.1,311.4,1686,30.9,106,0,No Failure,9.299999999999955,52097.399999999994,0.28878504672897193
1,302.1,311.5,1383,53.6,108,0,No Failure,9.399999999999977,74128.8,0.4917431192660551
0,302.1,311.5,1477,45.4,111,0,No Failure,9.399999999999977,67055.8,0.40535714285714286
1,302.2,311.5,1449,44.5,113,0,No Failure,9.300000000000011,64480.5,0.39035087719298245
1,302.2,311.5,1734,25.0,116,0,No Failure,9.300000000000011,43350.0,0.21367521367521367
0,302.3,311.6,1398,49.1,119,0,No Failure,9.300000000000011,68641.8,0.4091666666666667
1,302.3,311.7,1639,36.6,121,0,No Failure,9.399999999999977,59987.4,0.3
1,302.3,311.7,1517,37.6,124,0,No Failure,9.399999999999977,57039.200000000004,0.3008
1,302.3,311.7,1442,41.7,127,0,No Failure,9.399999999999977,60131.4,0.32578125
1,302.3,311.7,1685,30.8,130,0,No Failure,9.399999999999977,51898.0,0.23511450381679388
1,302.4,311.8,1358,50.6,133,0,No Failure,9.400000000000034,68714.8,0.3776119402985075
1,302.3,311.6,1608,39.9,136,0,No Failure,9.300000000000011,64159.2,0.29124087591240877
0,302.3,311.6,1665,34.3,139,0,No Failure,9.300000000000011,57109.49999999999,0.24499999999999997
0,302.3,311.7,1510,38.7,141,0,No Failure,9.399999999999977,58437.00000000001,0.27253521126760566
0,302.4,311.8,1465,40.2,143,0,No Failure,9.400000000000034,58893.00000000001,0.2791666666666667
0,302.3,311.7,1701,27.5,145,0,No Failure,9.399999999999977,46777.5,0.18835616438356165
1,302.3,311.7,1486,39.6,147,0,No Failure,9.399999999999977,58845.6,0.26756756756756755
0,302.3,311.6,1658,32.3,150,0,No Failure,9.300000000000011,53553.399999999994,0.2139072847682119
2,302.3,311.7,1449,44.5,152,0,No Failure,9.399999999999977,64480.5,0.2908496732026144
0,302.2,311.5,1346,52.4,157,0,No Failure,9.300000000000011,70530.4,0.33164556962025316
1,302.1,311.5,1866,23.1,159,0,No Failure,9.399999999999977,43104.600000000006,0.144375
1,302.2,311.5,1562,38.0,162,0,No Failure,9.300000000000011,59356.0,0.2331288343558282
1,302.3,311.7,1368,53.6,165,0,No Failure,9.399999999999977,73324.8,0.32289156626506027
0,302.2,311.5,1567,33.1,168,0,No Failure,9.300000000000011,51867.700000000004,0.19585798816568048
0,302.2,311.5,1725,34.0,170,0,No Failure,9.300000000000011,58650.0,0.19883040935672514
0,302.2,311.5,1744,31.2,172,0,No Failure,9.300000000000011,54412.799999999996,0.18034682080924855
1,302.1,311.3,1453,45.1,174,0,No Failure,9.199999999999989,65530.3,0.25771428571428573
0,302.1,311.2,1550,34.8,177,0,No Failure,9.099999999999966,53939.99999999999,0.19550561797752808
1,302.0,311.2,1558,39.1,179,0,No Failure,9.199999999999989,60917.8,0.21722222222222223
0,302.0,311.2,1270,65.3,182,1,Overstrain Failure,9.199999999999989,82931.0,0.35683060109289616
1,301.9,311.1,1380,51.6,184,0,No Failure,9.200000000000045,71208.0,0.2789189189189189
0,302.0,311.1,1406,50.5,187,0,No Failure,9.100000000000023,71003.0,0.26861702127659576
1,302.0,311.2,1625,30.7,189,0,No Failure,9.199999999999989,49887.5,0.16157894736842104
0,302.0,311.2,1420,45.8,192,0,No Failure,9.199999999999989,65035.99999999999,0.23730569948186528
0,302.1,311.4,1889,22.7,194,0,No Failure,9.299999999999955,42880.299999999996,0.1164102564102564
0,302.1,311.3,1477,43.6,196,0,No Failure,9.199999999999989,64397.200000000004,0.22131979695431472
0,302.1,311.2,1460,46.9,198,0,No Failure,9.099999999999966,68474.0,0.23567839195979898
0,302.1,311.3,1758,24.4,200,0,No Failure,9.199999999999989,42895.2,0.12139303482587065
0,302.1,311.3,1521,31.5,202,0,No Failure,9.199999999999989,47911.5,0.15517241379310345
1,302.1,311.3,1511,45.0,204,0,No Failure,9.199999999999989,67995.0,0.21951219512195122
0,302.2,311.3,1530,37.3,207,1,Tool Wear Failure,9.100000000000023,57068.99999999999,0.17932692307692305
0,302.1,311.2,1454,46.8,0,0,No Failure,9.099999999999966,68047.2,46.8
0,302.2,311.2,1928,23.1,2,0,No Failure,9.0,44536.8,7.7
2,302.2,311.3,1758,26.4,4,0,No Failure,9.100000000000023,46411.2,5.279999999999999
0,302.2,311.2,1649,33.2,9,0,No Failure,9.0,54746.8,3.3200000000000003
0,302.1,311.2,1447,50.3,11,0,No Failure,9.099999999999966,72784.09999999999,4.191666666666666
0,302.1,311.2,1417,48.0,13,0,No Failure,9.099999999999966,68016.0,3.4285714285714284
0,302.0,311.2,1434,44.9,15,0,No Failure,9.199999999999989,64386.6,2.80625
1,302.0,311.2,1418,49.5,17,0,No Failure,9.199999999999989,70191.0,2.75
1,302.0,311.2,1400,49.5,20,0,No Failure,9.199999999999989,69300.0,2.357142857142857
1,302.0,311.3,1725,27.7,23,0,No Failure,9.300000000000011,47782.5,1.1541666666666666
0,302.0,311.3,1567,41.1,26,0,No Failure,9.300000000000011,64403.700000000004,1.5222222222222224
1,302.1,311.3,1497,38.4,28,0,No Failure,9.199999999999989,57484.799999999996,1.3241379310344827
0,302.1,311.4,1549,44.6,31,0,No Failure,9.299999999999955,69085.40000000001,1.39375
0,302.2,311.4,1754,26.9,33,0,No Failure,9.199999999999989,47182.6,0.7911764705882353
0,302.2,311.5,1489,38.3,35,0,No Failure,9.300000000000011,57028.7,1.0638888888888889
0,302.2,311.5,1543,38.5,37,0,No Failure,9.300000000000011,59405.5,1.013157894736842
0,302.3,311.5,1543,33.1,39,0,No Failure,9.199999999999989,51073.3,0.8275
0,302.3,311.5,1565,35.6,41,0,No Failure,9.199999999999989,55714.0,0.8476190476190476
1,302.3,311.4,1855,23.9,43,0,No Failure,9.099999999999966,44334.5,0.5431818181818181
1,302.4,311.4,1475,45.2,46,0,No Failure,9.0,66670.0,0.9617021276595745
0,302.3,311.4,1609,32.3,49,0,No Failure,9.099999999999966,51970.7,0.6459999999999999
2,302.3,311.4,1443,44.1,51,0,No Failure,9.099999999999966,63636.3,0.8480769230769231
0,302.4,311.4,1450,44.1,56,0,No Failure,9.0,63945.0,0.7736842105263159
0,302.4,311.5,1590,39.9,58,0,No Failure,9.100000000000023,63441.0,0.676271186440678
1,302.4,311.4,1508,41.2,60,0,No Failure,9.0,62129.600000000006,0.6754098360655738
1,302.2,311.2,1544,43.6,63,0,No Failure,9.0,67318.40000000001,0.68125
0,302.2,311.2,1451,41.8,66,0,No Failure,9.0,60651.799999999996,0.6238805970149254
0,302.3,311.2,1758,24.4,68,0,No Failure,8.899999999999977,42895.2,0.3536231884057971
1,302.3,311.2,1507,47.7,70,0,No Failure,8.899999999999977,71883.90000000001,0.671830985915493
2,302.3,311.1,1543,37.5,73,0,No Failure,8.800000000000011,57862.5,0.5067567567567568
1,302.3,311.2,1505,36.7,78,0,No Failure,8.899999999999977,55233.50000000001,0.4645569620253165
0,302.3,311.2,1786,24.3,81,0,No Failure,8.899999999999977,43399.8,0.29634146341463413
0,302.3,311.3,1457,44.5,83,0,No Failure,9.0,64836.5,0.5297619047619048
1,302.4,311.3,1312,61.5,85,0,No Failure,8.900000000000034,80688.0,0.7151162790697675
1,302.3,311.2,1405,47.7,88,0,No Failure,8.899999999999977,67018.5,0.5359550561797753
1,302.2,311.2,1377,43.0,91,0,No Failure,9.0,59211.0,0.4673913043478261
1,302.2,311.2,1347,49.8,94,0,No Failure,9.0,67080.59999999999,0.5242105263157895
0,302.2,311.1,1470,39.6,97,0,No Failure,8.900000000000034,58212.0,0.40408163265306124
1,302.2,311.2,1873,24.0,99,0,No Failure,9.0,44952.0,0.24
1,302.2,311.1,1434,58.6,102,0,No Failure,8.900000000000034,84032.40000000001,0.5689320388349515
2,302.2,311.1,1628,30.6,105,0,No Failure,8.900000000000034,49816.8,0.28867924528301886
0,302.2,311.1,1351,48.6,110,0,No Failure,8.900000000000034,65658.6,0.43783783783783786
1,302.3,311.2,1454,43.8,112,0,No Failure,8.899999999999977,63685.2,0.38761061946902653
1,302.2,311.2,1663,29.6,115,0,No Failure,9.0,49224.8,0.25517241379310346
0,302.3,311.2,1401,49.7,118,0,No Failure,8.899999999999977,69629.7,0.4176470588235294
0,302.4,311.3,1503,38.2,120,0,No Failure,8.900000000000034,57414.600000000006,0.315702479338843
0,302.4,311.4,1564,35.0,122,0,No Failure,9.0,54740.0,0.2845528455284553
0,302.5,311.4,1759,24.6,124,0,No Failure,8.899999999999977,43271.4,0.1968
0,302.5,311.4,1409,53.1,126,0,No Failure,8.899999999999977,74817.90000000001,0.41811023622047244
0,302.6,311.4,1738,25.8,128,0,No Failure,8.799999999999955,44840.4,0.2
2,302.5,311.3,1393,47.5,130,0,No Failure,8.800000000000011,66167.5,0.36259541984732824
0,302.5,311.1,1499,38.8,135,0,No Failure,8.600000000000023,58161.2,0.2852941176470588
0,302.5,311.1,1493,39.0,137,0,No Failure,8.600000000000023,58227.0,0.2826086956521739
0,302.4,311.1,1652,33.9,139,0,No Failure,8.700000000000045,56002.799999999996,0.24214285714285713
0,302.3,311.1,1589,29.9,141,0,No Failure,8.800000000000011,47511.1,0.21056338028169014
0,302.4,311.1,1520,42.2,143,0,No Failure,8.700000000000045,64144.00000000001,0.29305555555555557
2,302.3,311.1,1455,40.3,145,0,No Failure,8.800000000000011,58636.49999999999,0.276027397260274
0,302.2,311.0,1463,46.8,150,0,No Failure,8.800000000000011,68468.4,0.30993377483443707
0,302.3,311.0,1442,43.7,152,0,No Failure,8.699999999999989,63015.4,0.2856209150326798
0,302.3,311.0,1329,51.5,154,0,No Failure,8.699999999999989,68443.5,0.33225806451612905
0,302.3,311.1,1546,33.1,156,0,No Failure,8.800000000000011,51172.600000000006,0.21082802547770702
1,302.2,311.1,1516,33.7,158,0,No Failure,8.900000000000034,51089.200000000004,0.2119496855345912
1,302.2,311.0,1476,47.4,161,0,No Failure,8.800000000000011,69962.4,0.29259259259259257
0,302.3,311.0,1412,47.0,164,0,No Failure,8.699999999999989,66364.0,0.28484848484848485
0,302.3,310.9,1377,46.8,166,1,Heat Dissipation Failure,8.599999999999966,64443.6,0.2802395209580838
1,302.4,311.0,1490,37.1,168,0,No Failure,8.600000000000023,55279.0,0.21952662721893493
1,302.3,311.0,1526,37.7,171,0,No Failure,8.699999999999989,57530.200000000004,0.21918604651162793
0,302.3,311.0,1428,47.9,174,0,No Failure,8.699999999999989,68401.2,0.2737142857142857
0,302.4,311.0,1329,54.6,176,0,No Failure,8.600000000000023,72563.40000000001,0.30847457627118646
1,302.4,311.1,1443,51.8,178,0,No Failure,8.700000000000045,74747.4,0.28938547486033517
0,302.3,311.1,1373,53.0,181,0,No Failure,8.800000000000011,72769.0,0.29120879120879123
0,302.3,311.1,1630,35.6,183,0,No Failure,8.800000000000011,58028.0,0.19347826086956524
0,302.2,311.0,1555,34.2,185,0,No Failure,8.800000000000011,53181.00000000001,0.1838709677419355
1,302.2,311.0,1436,47.0,187,0,No Failure,8.800000000000011,67492.0,0.25
0,302.3,311.0,1609,31.0,190,0,No Failure,8.699999999999989,49879.0,0.16230366492146597
1,302.3,311.0,1384,49.7,192,0,No Failure,8.699999999999989,68784.8,0.25751295336787566
0,302.4,311.1,1448,44.8,195,0,No Failure,8.700000000000045,64870.399999999994,0.22857142857142856
1,302.4,311.1,1887,22.4,197,0,No Failure,8.700000000000045,42268.799999999996,0.11313131313131312
1,302.4,311.1,1480,45.7,200,0,No Failure,8.700000000000045,67636.0,0.22736318407960202
2,302.5,311.1,1850,23.3,203,0,No Failure,8.600000000000023,43105.0,0.1142156862745098
0,302.5,311.1,1538,36.8,208,0,No Failure,8.600000000000023,56598.399999999994,0.17607655502392344
1,302.4,311.1,1721,30.1,210,0,No Failure,8.700000000000045,51802.100000000006,0.14265402843601896
1,302.4,311.1,1366,54.4,0,0,No Failure,8.700000000000045,74310.4,54.4
0,302.3,311.0,1657,31.1,3,0,No Failure,8.699999999999989,51532.700000000004,7.775
0,302.4,311.1,1446,42.9,5,0,No Failure,8.700000000000045,62033.4,7.1499999999999995
0,302.3,310.8,1465,43.8,7,0,No Failure,8.5,64166.99999999999,5.475
0,302.2,310.8,1827,23.8,9,0,No Failure,8.600000000000023,43482.6,2.38
2,302.2,310.8,1397,47.6,11,0,No Failure,8.600000000000023,66497.2,3.966666666666667
0,302.2,310.8,1744,29.7,16,0,No Failure,8.600000000000023,51796.799999999996,1.7470588235294118
0,302.3,310.9,1545,36.7,18,0,No Failure,8.599999999999966,56701.50000000001,1.9315789473684213
0,302.3,310.9,1587,36.6,20,0,No Failure,8.599999999999966,58084.200000000004,1.7428571428571429
0,302.3,310.8,1377,47.3,22,1,Heat Dissipation Failure,8.5,65132.1,2.0565217391304347
0,302.3,310.8,1511,48.1,24,0,No Failure,8.5,72679.1,1.9240000000000002
0,302.3,310.8,1650,32.4,26,0,No Failure,8.5,53460.0,1.2
0,302.3,310.9,1412,48.9,28,0,No Failure,8.599999999999966,69046.8,1.686206896551724
0,302.3,311.0,1528,43.1,30,0,No Failure,8.699999999999989,65856.8,1.3903225806451613
0,302.3,310.9,1459,35.0,32,0,No Failure,8.599999999999966,51065.0,1.0606060606060606
0,302.3,310.9,1379,49.3,34,1,Heat Dissipation Failure,8.599999999999966,67984.7,1.4085714285714286
1,302.2,310.8,1356,48.3,36,0,No Failure,8.600000000000023,65494.799999999996,1.3054054054054054
1,302.1,310.8,1409,41.3,39,0,No Failure,8.699999999999989,58191.7,1.0325
1,302.1,310.8,1504,37.5,42,0,No Failure,8.699999999999989,56400.0,0.872093023255814
0,302.1,310.8,1622,36.8,45,0,No Failure,8.699999999999989,59689.6,0.7999999999999999
0,302.1,310.8,1786,25.7,47,0,No Failure,8.699999999999989,45900.2,0.5354166666666667
0,302.2,310.9,1506,34.0,49,0,No Failure,8.699999999999989,51204.0,0.68
1,302.1,310.9,1916,23.1,51,0,No Failure,8.799999999999955,44259.600000000006,0.44423076923076926
1,302.2,310.9,1771,27.6,54,0,No Failure,8.699999999999989,48879.600000000006,0.5018181818181818
1,302.2,310.9,1488,44.2,57,0,No Failure,8.699999999999989,65769.6,0.7620689655172415
0,302.2,310.9,1531,37.5,60,0,No Failure,8.699999999999989,57412.5,0.6147540983606558
0,302.3,310.9,1529,33.4,62,0,No Failure,8.599999999999966,51068.6,0.5301587301587302
1,302.4,311.0,1580,36.5,64,0,No Failure,8.600000000000023,57670.0,0.5615384615384615
1,302.3,310.9,1360,44.0,67,1,Heat Dissipation Failure,8.599999999999966,59840.0,0.6470588235294118
1,302.3,311.0,1546,35.5,70,0,No Failure,8.699999999999989,54883.0,0.5
1,302.3,310.9,1762,24.5,73,0,No Failure,8.599999999999966,43169.0,0.3310810810810811
0,302.2,310.8,1350,56.6,76,0,No Failure,8.600000000000023,76410.0,0.7350649350649351
1,302.2,310.8,1562,38.1,78,0,No Failure,8.600000000000023,59512.200000000004,0.48227848101265824
1,302.1,310.7,1608,30.3,81,0,No Failure,8.599999999999966,48722.4,0.3695121951219512
0,302.0,310.6,1392,50.0,84,0,No Failure,8.600000000000023,69600.0,0.5882352941176471
0,302.0,310.6,1467,44.9,86,0,No Failure,8.600000000000023,65868.3,0.5160919540229885
1,302.1,310.6,1326,59.1,88,1,Heat Dissipation Failure,8.5,78366.6,0.6640449438202247
0,302.2,310.7,1769,24.9,91,0,No Failure,8.5,44048.1,0.27065217391304347
0,302.1,310.6,1459,47.6,93,0,No Failure,8.5,69448.40000000001,0.5063829787234043
1,302.1,310.6,1421,52.0,95,0,No Failure,8.5,73892.0,0.5416666666666666
0,302.1,310.7,1491,42.8,98,0,No Failure,8.599999999999966,63814.799999999996,0.4323232323232323
0,302.2,310.7,1567,36.4,100,0,No Failure,8.5,57038.799999999996,0.3603960396039604
0,302.3,310.8,1421,41.4,102,0,No Failure,8.5,58829.4,0.40194174757281553
0,302.3,310.9,1596,33.5,104,0,No Failure,8.599999999999966,53466.0,0.319047619047619
1,302.4,311.0,1464,44.2,106,0,No Failure,8.600000000000023,64708.8,0.4130841121495327
1,302.3,310.9,1581,36.1,109,0,No Failure,8.599999999999966,57074.100000000006,0.3281818181818182
0,302.3,310.9,1620,30.3,112,0,No Failure,8.599999999999966,49086.0,0.268141592920354
2,302.2,310.7,1413,48.9,114,0,No Failure,8.5,69095.7,0.4252173913043478
2,302.3,310.8,1438,43.8,119,0,No Failure,8.5,62984.399999999994,0.365
1,302.4,310.9,1469,41.6,124,0,No Failure,8.5,61110.4,0.3328
1,302.3,310.8,1762,27.8,127,0,No Failure,8.5,48983.6,0.2171875
2,302.3,310.9,1366,48.4,130,1,Heat Dissipation Failure,8.599999999999966,66114.4,0.3694656488549618
0,302.3,310.9,1891,22.7,135,0,No Failure,8.599999999999966,42925.7,0.16691176470588234
1,302.3,310.9,1742,29.7,137,0,No Failure,8.599999999999966,51737.4,0.21521739130434783
1,302.2,310.9,1465,43.5,140,0,No Failure,8.699999999999989,63727.5,0.30851063829787234
1,302.3,311.0,1541,36.6,143,0,No Failure,8.699999999999989,56400.600000000006,0.25416666666666665
1,302.3,311.1,1295,57.1,146,0,No Failure,8.800000000000011,73944.5,0.3884353741496599
1,302.3,311.1,1435,43.1,149,0,No Failure,8.800000000000011,61848.5,0.28733333333333333
0,302.4,311.2,1466,43.9,152,0,No Failure,8.800000000000011,64357.4,0.2869281045751634
0,302.4,311.2,1450,47.9,154,0,No Failure,8.800000000000011,69455.0,0.3090322580645161
0,302.4,311.1,1880,24.5,156,0,No Failure,8.700000000000045,46060.0,0.15605095541401273
1,302.3,311.0,1578,33.5,158,0,No Failure,8.699999999999989,52863.0,0.21069182389937108
0,302.4,311.0,1610,33.1,161,0,No Failure,8.600000000000023,53291.0,0.204320987654321
0,302.4,311.1,1565,42.8,163,0,No Failure,8.700000000000045,66982.0,0.26097560975609757
0,302.5,311.2,1545,40.1,165,0,No Failure,8.699999999999989,61954.5,0.24156626506024098
0,302.5,311.2,1227,60.1,167,0,No Failure,8.699999999999989,73742.7,0.35773809523809524
0,302.4,311.1,1484,45.9,169,0,No Failure,8.700000000000045,68115.59999999999,0.27
0,302.3,311.0,1591,32.7,171,0,No Failure,8.699999999999989,52025.700000000004,0.19011627906976747
0,302.3,310.9,1403,47.2,173,0,No Failure,8.599999999999966,66221.6,0.271264367816092
1,302.3,311.0,1450,45.7,175,0,No Failure,8.699999999999989,66265.0,0.25965909090909095
0,302.3,310.9,1720,28.1,178,0,No Failure,8.599999999999966,48332.0,0.1569832402234637
0,302.3,311.0,1561,37.2,180,0,No Failure,8.699999999999989,58069.200000000004,0.20552486187845306
1,302.3,311.0,1421,41.3,182,0,No Failure,8.699999999999989,58687.299999999996,0.2256830601092896
2,302.2,310.9,1415,48.4,185,0,No Failure,8.699999999999989,68486.0,0.26021505376344084
0,302.3,310.9,2034,19.7,190,0,No Failure,8.599999999999966,40069.799999999996,0.1031413612565445
0,302.4,311.0,1486,40.4,192,0,No Failure,8.600000000000023,60034.4,0.20932642487046632
0,302.4,311.0,1338,67.6,194,1,Power Failure,8.600000000000023,90448.79999999999,0.3466666666666666
2,302.4,311.1,1578,32.3,196,0,No Failure,8.700000000000045,50969.399999999994,0.16395939086294414
1,302.4,311.2,1330,58.6,201,0,No Failure,8.800000000000011,77938.0,0.2900990099009901
2,302.4,311.2,1506,40.8,204,0,No Failure,8.800000000000011,61444.799999999996,0.19902439024390242
0,302.5,311.4,1559,37.6,209,0,No Failure,8.899999999999977,58618.4,0.17904761904761907
0,302.6,311.5,1599,37.0,211,0,No Failure,8.899999999999977,59163.0,0.17452830188679244
0,302.6,311.5,1427,38.9,213,0,No Failure,8.899999999999977,55510.299999999996,0.18177570093457943
1,302.5,311.5,1481,41.1,215,0,No Failure,9.0,60869.1,0.1902777777777778
2,302.5,311.5,1496,43.8,218,0,No Failure,9.0,65524.799999999996,0.19999999999999998
0,302.5,311.4,1674,27.0,223,0,No Failure,8.899999999999977,45198.0,0.12053571428571429
1,302.5,311.4,1629,31.7,225,0,No Failure,8.899999999999977,51639.299999999996,0.14026548672566372
2,302.6,311.5,1629,34.4,228,1,Tool Wear Failure,8.899999999999977,56037.6,0.1502183406113537
0,302.6,311.6,1311,53.2,0,0,No Failure,9.0,69745.2,53.2
1,302.7,311.6,2709,9.7,2,1,Power Failure,8.900000000000034,26277.3,3.233333333333333
1,302.7,311.7,1759,29.9,5,0,No Failure,9.0,52594.1,4.983333333333333
0,302.7,311.7,1480,45.2,8,0,No Failure,9.0,66896.0,5.022222222222222
0,302.7,311.8,1461,46.1,10,0,No Failure,9.100000000000023,67352.1,4.190909090909091
1,302.7,311.8,1728,30.0,12,0,No Failure,9.100000000000023,51840.0,2.3076923076923075
0,302.7,311.9,1389,46.5,15,0,No Failure,9.199999999999989,64588.5,2.90625
0,302.6,311.8,1638,35.1,17,0,No Failure,9.199999999999989,57493.8,1.9500000000000002
0,302.6,311.7,1254,54.1,19,0,No Failure,9.099999999999966,67841.40000000001,2.705
0,302.6,311.8,1427,50.1,21,0,No Failure,9.199999999999989,71492.7,2.2772727272727273
0,302.6,311.8,1627,31.8,23,0,No Failure,9.199999999999989,51738.6,1.325
2,302.6,311.7,1471,48.3,25,0,No Failure,9.099999999999966,71049.3,1.8576923076923075
0,302.6,311.7,1773,27.1,30,0,No Failure,9.099999999999966,48048.3,0.8741935483870968
1,302.6,311.7,1430,51.7,32,0,No Failure,9.099999999999966,73931.0,1.5666666666666667
0,302.5,311.6,1595,29.5,35,0,No Failure,9.100000000000023,47052.5,0.8194444444444444
0,302.5,311.5,1521,44.1,37,0,No Failure,9.0,67076.1,1.1605263157894736
0,302.5,311.6,1419,43.7,39,0,No Failure,9.100000000000023,62010.3,1.0925
1,302.4,311.4,1534,40.1,41,0,No Failure,9.0,61513.4,0.9547619047619048
2,302.5,311.5,1626,36.0,44,0,No Failure,9.0,58536.0,0.8
0,302.5,311.5,1677,29.2,49,0,No Failure,9.0,48968.4,0.584
0,302.4,311.3,1392,50.5,51,0,No Failure,8.900000000000034,70296.0,0.9711538461538461
0,302.4,311.2,1448,50.5,53,0,No Failure,8.800000000000011,73124.0,0.9351851851851852
0,302.3,311.2,1903,22.9,55,0,No Failure,8.899999999999977,43578.7,0.4089285714285714
0,302.4,311.2,1404,52.0,57,0,No Failure,8.800000000000011,73008.0,0.896551724137931
0,302.3,311.2,1386,53.5,59,0,No Failure,8.899999999999977,74151.0,0.8916666666666667
0,302.2,311.1,1418,47.0,61,0,No Failure,8.900000000000034,66646.0,0.7580645161290323
1,302.3,311.1,1338,53.3,63,0,No Failure,8.800000000000011,71315.4,0.8328125
0,302.3,311.2,1549,40.6,66,0,No Failure,8.899999999999977,62889.4,0.6059701492537314
1,302.3,311.2,1432,42.7,68,0,No Failure,8.899999999999977,61146.4,0.618840579710145
1,302.3,311.2,1546,40.0,71,0,No Failure,8.899999999999977,61840.0,0.5555555555555556
1,302.2,311.2,1627,33.2,74,0,No Failure,9.0,54016.4,0.4426666666666667
1,302.2,311.1,1640,32.8,77,0,No Failure,8.900000000000034,53791.99999999999,0.42051282051282046
1,302.1,311.1,1423,36.8,80,0,No Failure,9.0,52366.399999999994,0.45432098765432094
1,302.1,311.0,1711,28.7,83,0,No Failure,8.899999999999977,49105.7,0.3416666666666667
1,302.1,311.1,1450,51.6,86,0,No Failure,9.0,74820.0,0.593103448275862
2,302.2,311.1,1553,34.1,89,0,No Failure,8.900000000000034,52957.3,0.3788888888888889
0,302.2,311.1,1630,34.6,94,0,No Failure,8.900000000000034,56398.0,0.3642105263157895
2,302.2,311.1,1476,39.6,96,0,No Failure,8.900000000000034,58449.6,0.40824742268041236
2,302.2,311.1,1426,50.6,101,0,No Failure,8.900000000000034,72155.6,0.49607843137254903
1,302.2,311.2,1561,34.9,106,0,No Failure,9.0,54478.899999999994,0.3261682242990654
0,302.3,311.2,1297,62.5,109,0,No Failure,8.899999999999977,81062.5,0.5681818181818182
1,302.3,311.2,1842,23.9,111,0,No Failure,8.899999999999977,44023.799999999996,0.21339285714285713
0,302.3,311.2,1633,36.4,114,0,No Failure,8.899999999999977,59441.2,0.31652173913043474
2,302.3,311.3,1744,30.3,116,0,No Failure,9.0,52843.200000000004,0.258974358974359
0,302.4,311.4,1831,26.9,121,0,No Failure,9.0,49253.899999999994,0.2204918032786885
1,302.3,311.3,1339,50.8,123,0,No Failure,9.0,68021.2,0.4096774193548387
0,302.4,311.4,1475,40.4,126,0,No Failure,9.0,59590.0,0.3181102362204724
1,302.4,311.4,1675,29.6,128,0,No Failure,9.0,49580.0,0.2294573643410853
0,302.5,311.5,1493,35.1,131,0,No Failure,9.0,52404.3,0.26590909090909093
0,302.5,311.5,1700,29.5,133,0,No Failure,9.0,50150.0,0.22014925373134328
0,302.6,311.6,1453,37.0,135,0,No Failure,9.0,53761.0,0.27205882352941174
0,302.6,311.7,1542,34.1,137,0,No Failure,9.099999999999966,52582.200000000004,0.24710144927536232
1,302.5,311.5,1358,52.7,139,0,No Failure,9.0,71566.6,0.37642857142857145
2,302.5,311.5,1655,32.3,142,0,No Failure,9.0,53456.49999999999,0.22587412587412586
0,302.6,311.5,1885,27.5,147,0,No Failure,8.899999999999977,51837.5,0.1858108108108108
0,302.7,311.5,1494,41.4,149,0,No Failure,8.800000000000011,61851.6,0.27599999999999997
1,302.6,311.4,1757,29.5,151,0,No Failure,8.799999999999955,51831.5,0.19407894736842105
1,302.6,311.4,1718,31.2,154,0,No Failure,8.799999999999955,53601.6,0.20129032258064516
1,302.5,311.4,1636,35.0,157,0,No Failure,8.899999999999977,57260.0,0.22151898734177214
0,302.6,311.6,1638,29.6,160,0,No Failure,9.0,48484.8,0.18385093167701863
0,302.6,311.5,1609,36.0,162,0,No Failure,8.899999999999977,57924.0,0.22085889570552147
2,302.7,311.5,1556,35.0,164,0,No Failure,8.800000000000011,54460.0,0.21212121212121213
0,302.6,311.5,1442,59.8,169,1,Power Failure,8.899999999999977,86231.59999999999,0.3517647058823529
1,302.7,311.6,1501,38.8,171,0,No Failure,8.900000000000034,58238.799999999996,0.2255813953488372
1,302.6,311.6,2041,19.2,174,0,No Failure,9.0,39187.2,0.10971428571428571
1,302.7,311.7,1784,25.1,177,0,No Failure,9.0,44778.4,0.14101123595505619
0,302.6,311.6,1953,22.4,180,0,No Failure,9.0,43747.2,0.12375690607734806
0,302.6,311.6,1576,34.7,182,0,No Failure,9.0,54687.200000000004,0.18961748633879782
1,302.6,311.6,1518,39.0,184,0,No Failure,9.0,59202.0,0.21081081081081082
1,302.6,311.6,1227,68.2,187,1,Overstrain Failure,9.0,83681.40000000001,0.3627659574468085
0,302.5,311.5,1985,18.8,190,0,No Failure,9.0,37318.0,0.09842931937172775
0,302.5,311.5,1802,26.4,192,0,No Failure,9.0,47572.799999999996,0.13678756476683937
0,302.5,311.5,1603,32.4,194,0,No Failure,9.0,51937.2,0.16615384615384615
0,302.5,311.6,1400,54.0,196,0,No Failure,9.100000000000023,75600.0,0.27411167512690354
0,302.3,311.5,1395,54.2,198,0,No Failure,9.199999999999989,75609.0,0.27236180904522617
0,302.2,311.4,1987,19.9,200,0,No Failure,9.199999999999989,39541.299999999996,0.0990049751243781
1,302.2,311.4,1398,47.2,202,0,No Failure,9.199999999999989,65985.6,0.23251231527093597
0,302.3,311.4,1333,66.7,205,1,Power Failure,9.099999999999966,88911.1,0.3237864077669903
0,302.2,311.2,1381,49.4,207,0,No Failure,9.0,68221.4,0.2375
0,302.2,311.3,1570,36.1,0,0,No Failure,9.100000000000023,56677.0,36.1
1,302.2,311.3,1658,31.0,2,0,No Failure,9.100000000000023,51398.0,10.333333333333334
2,302.2,311.3,1749,29.2,5,0,No Failure,9.100000000000023,51070.799999999996,4.866666666666666
1,302.2,311.3,1510,37.1,10,0,No Failure,9.100000000000023,56021.0,3.372727272727273
0,302.3,311.5,1384,50.8,13,0,No Failure,9.199999999999989,70307.2,3.6285714285714286
0,302.3,311.4,1570,37.2,15,0,No Failure,9.099999999999966,58404.00000000001,2.325
1,302.3,311.4,1571,32.7,17,0,No Failure,9.099999999999966,51371.700000000004,1.8166666666666669
0,302.3,311.4,1476,37.3,20,0,No Failure,9.099999999999966,55054.799999999996,1.776190476190476
1,302.3,311.4,1484,39.5,22,0,No Failure,9.099999999999966,58618.0,1.7173913043478262
1,302.3,311.4,1909,23.2,25,0,No Failure,9.099999999999966,44288.799999999996,0.8923076923076922
0,302.3,311.5,1448,49.6,28,0,No Failure,9.199999999999989,71820.8,1.710344827586207
1,302.3,311.4,1500,40.2,30,0,No Failure,9.099999999999966,60300.00000000001,1.2967741935483872
0,302.2,311.4,1510,44.9,33,0,No Failure,9.199999999999989,67799.0,1.3205882352941176
0,302.2,311.3,1378,55.5,35,0,No Failure,9.100000000000023,76479.0,1.5416666666666667
1,302.2,311.4,1538,37.4,37,0,No Failure,9.199999999999989,57521.2,0.9842105263157894
0,302.2,311.4,1390,48.1,40,0,No Failure,9.199999999999989,66859.0,1.173170731707317
1,302.2,311.4,1642,32.1,42,0,No Failure,9.199999999999989,52708.200000000004,0.7465116279069768
0,302.4,311.5,1785,24.8,45,0,No Failure,9.100000000000023,44268.0,0.5391304347826087
2,302.3,311.5,1526,38.2,47,0,No Failure,9.199999999999989,58293.200000000004,0.7958333333333334
1,302.3,311.6,1668,33.2,52,0,No Failure,9.300000000000011,55377.600000000006,0.6264150943396227
0,302.3,311.5,1507,37.5,55,0,No Failure,9.199999999999989,56512.5,0.6696428571428571
0,302.3,311.5,1530,37.8,57,0,No Failure,9.199999999999989,57833.99999999999,0.6517241379310345
1,302.3,311.4,1479,45.6,59,0,No Failure,9.099999999999966,67442.40000000001,0.76
1,302.3,311.4,1418,41.3,62,0,No Failure,9.099999999999966,58563.399999999994,0.6555555555555556
0,302.3,311.4,1504,38.7,65,0,No Failure,9.099999999999966,58204.8,0.5863636363636364
1,302.3,311.4,1345,47.6,67,0,No Failure,9.099999999999966,64022.0,0.7000000000000001
2,302.2,311.4,1625,35.4,70,0,No Failure,9.199999999999989,57525.0,0.49859154929577465
0,302.3,311.4,1511,34.7,75,0,No Failure,9.099999999999966,52431.700000000004,0.4565789473684211
0,302.3,311.4,1535,41.8,77,0,No Failure,9.099999999999966,64162.99999999999,0.5358974358974359
0,302.4,311.5,1505,37.9,79,0,No Failure,9.100000000000023,57039.5,0.47375
2,302.4,311.5,1540,43.7,81,0,No Failure,9.100000000000023,67298.0,0.5329268292682927
2,302.3,311.4,1372,46.0,86,0,No Failure,9.099999999999966,63112.0,0.5287356321839081
1,302.2,311.3,1510,36.6,91,0,No Failure,9.100000000000023,55266.0,0.3978260869565218
0,302.2,311.3,1382,46.4,94,0,No Failure,9.100000000000023,64124.799999999996,0.4884210526315789
0,302.3,311.3,1439,41.8,96,0,No Failure,9.0,60150.2,0.43092783505154636
1,302.2,311.3,1375,47.0,98,0,No Failure,9.100000000000023,64625.0,0.47474747474747475
1,302.2,311.3,1931,21.9,101,0,No Failure,9.100000000000023,42288.899999999994,0.21470588235294116
0,302.2,311.3,1475,48.6,104,0,No Failure,9.100000000000023,71685.0,0.46285714285714286
0,302.2,311.3,1389,46.9,106,0,No Failure,9.100000000000023,65144.1,0.4383177570093458
0,302.3,311.3,1652,32.8,108,0,No Failure,9.0,54185.6,0.3009174311926605
0,302.3,311.2,1386,50.3,110,0,No Failure,8.899999999999977,69715.8,0.45315315315315313
1,302.2,311.3,1577,29.8,112,0,No Failure,9.100000000000023,46994.6,0.26371681415929205
1,302.3,311.3,1444,43.1,115,0,No Failure,9.0,62236.4,0.371551724137931
0,302.2,311.3,1554,40.2,118,0,No Failure,9.100000000000023,62470.8,0.3378151260504202
0,302.2,311.3,1602,32.8,120,0,No Failure,9.100000000000023,52545.6,0.27107438016528923
2,302.2,311.2,1692,28.2,122,0,No Failure,9.0,47714.4,0.2292682926829268
0,302.3,311.3,1682,34.4,127,0,No Failure,9.0,57860.799999999996,0.26875
0,302.3,311.3,1614,34.1,129,0,No Failure,9.0,55037.4,0.2623076923076923
0,302.3,311.3,1324,47.8,131,0,No Failure,9.0,63287.2,0.3621212121212121
0,302.3,311.4,1434,40.3,133,0,No Failure,9.099999999999966,57790.2,0.3007462686567164
0,302.3,311.3,1621,31.6,135,0,No Failure,9.0,51223.600000000006,0.2323529411764706
1,302.3,311.3,1625,33.1,137,0,No Failure,9.0,53787.5,0.23985507246376814
0,302.2,311.1,1394,53.7,140,0,No Failure,8.900000000000034,74857.8,0.38085106382978723
0,302.1,311.0,1586,35.1,142,0,No Failure,8.899999999999977,55668.600000000006,0.24545454545454545
0,302.0,311.0,1420,45.9,144,0,No Failure,9.0,65178.0,0.31655172413793103
0,302.1,311.2,1422,50.3,146,0,No Failure,9.099999999999966,71526.59999999999,0.3421768707482993
2,302.1,311.2,1598,37.9,148,0,No Failure,9.099999999999966,60564.2,0.2543624161073825
0,302.1,311.2,1454,59.2,153,1,Power Failure,9.099999999999966,86076.8,0.38441558441558443
0,302.1,311.2,1519,39.3,155,0,No Failure,9.099999999999966,59696.7,0.2519230769230769
0,302.0,311.1,1373,55.7,157,0,No Failure,9.100000000000023,76476.1,0.35253164556962024
1,302.0,311.1,1406,48.8,159,0,No Failure,9.100000000000023,68612.8,0.305
0,302.1,311.2,1492,45.0,162,0,No Failure,9.099999999999966,67140.0,0.27607361963190186
0,302.1,311.2,1369,50.8,164,0,No Failure,9.099999999999966,69545.2,0.30787878787878786
1,302.2,311.2,1471,41.9,166,0,No Failure,9.0,61634.9,0.25089820359281434
0,302.2,311.2,1630,36.0,169,0,No Failure,9.0,58680.0,0.21176470588235294
1,302.1,311.1,1605,37.6,171,0,No Failure,9.0,60348.0,0.2186046511627907
0,302.2,311.1,1447,52.1,174,0,No Failure,8.900000000000034,75388.7,0.2977142857142857
1,302.2,311.2,1360,52.8,176,0,No Failure,9.0,71808.0,0.29830508474576267
1,302.2,311.1,1728,34.0,179,0,No Failure,8.900000000000034,58752.0,0.18888888888888888
0,302.1,311.0,1740,30.8,182,0,No Failure,8.899999999999977,53592.0,0.16830601092896175
0,302.1,310.9,1477,41.4,184,0,No Failure,8.799999999999955,61147.799999999996,0.22378378378378377
0,302.1,310.9,1658,30.3,186,0,No Failure,8.799999999999955,50237.4,0.16203208556149734
0,302.0,310.8,1902,23.4,188,0,No Failure,8.800000000000011,44506.799999999996,0.1238095238095238
1,302.0,310.8,1783,23.1,190,0,No Failure,8.800000000000011,41187.3,0.12094240837696336
1,302.0,310.9,1558,45.3,193,0,No Failure,8.899999999999977,70577.4,0.23350515463917523
0,302.1,311.0,1351,49.5,196,0,No Failure,8.899999999999977,66874.5,0.2512690355329949
2,302.1,310.9,1452,42.5,198,0,No Failure,8.799999999999955,61710.0,0.2135678391959799
0,302.1,310.9,1666,30.7,203,0,No Failure,8.799999999999955,51146.2,0.15049019607843137
0,302.1,311.0,1364,50.0,205,0,No Failure,8.899999999999977,68200.0,0.24271844660194175
1,302.1,311.0,1351,60.3,207,1,Overstrain Failure,8.899999999999977,81465.3,0.2899038461538461
2,302.1,311.0,1729,26.1,210,0,No Failure,8.899999999999977,45126.9,0.12369668246445498
1,302.1,311.0,1574,34.1,215,0,No Failure,8.899999999999977,53673.4,0.15787037037037038
0,302.0,311.0,1566,37.8,218,0,No Failure,9.0,59194.799999999996,0.17260273972602738
0,302.0,310.9,1455,43.2,220,0,No Failure,8.899999999999977,62856.00000000001,0.19547511312217195
2,302.0,310.9,1679,29.0,222,0,No Failure,8.899999999999977,48691.0,0.13004484304932734
0,302.0,310.8,2143,17.3,227,0,No Failure,8.800000000000011,37073.9,0.07587719298245614
0,302.0,310.8,1447,42.7,229,0,No Failure,8.800000000000011,61786.9,0.18565217391304348
0,302.0,310.8,1383,50.3,231,1,Overstrain Failure,8.800000000000011,69564.9,0.21681034482758618
0,302.1,310.8,1772,27.1,233,0,No Failure,8.699999999999989,48021.200000000004,0.11581196581196582
0,302.0,310.8,1615,29.0,235,1,Tool Wear Failure,8.800000000000011,46835.0,0.1228813559322034
0,302.0,310.8,1454,36.6,0,0,No Failure,8.800000000000011,53216.4,36.6
0,302.0,310.8,1445,49.1,2,0,No Failure,8.800000000000011,70949.5,16.366666666666667
1,302.0,310.8,1609,35.2,4,0,No Failure,8.800000000000011,56636.8,7.040000000000001
0,302.0,310.9,1546,34.4,7,0,No Failure,8.899999999999977,53182.399999999994,4.3
0,301.9,310.8,1567,39.3,9,0,No Failure,8.900000000000034,61583.1,3.9299999999999997
0,302.0,310.8,1767,27.4,11,0,No Failure,8.800000000000011,48415.799999999996,2.283333333333333
0,302.0,310.9,1539,34.2,13,0,No Failure,8.899999999999977,52633.8,2.442857142857143
0,302.0,310.9,1564,39.0,15,0,No Failure,8.899999999999977,60996.0,2.4375
1,302.0,310.8,1445,46.3,17,0,No Failure,8.800000000000011,66903.5,2.572222222222222
1,301.9,310.9,1419,47.7,20,1,Unknown Failure,9.0,67686.3,2.2714285714285714
1,301.8,310.9,1881,20.9,23,0,No Failure,9.099999999999966,39312.899999999994,0.8708333333333332
1,301.9,310.9,1421,46.2,26,0,No Failure,9.0,65650.2,1.7111111111111112
0,301.9,311.0,1455,46.0,29,0,No Failure,9.100000000000023,66930.0,1.5333333333333334
0,301.9,311.0,2691,12.1,31,1,Power Failure,9.100000000000023,32561.1,0.378125
0,301.8,310.8,1505,41.2,33,0,No Failure,9.0,62006.00000000001,1.211764705882353
0,301.8,310.8,1456,46.6,35,0,No Failure,9.0,67849.6,1.2944444444444445
0,301.8,310.8,1383,46.4,37,0,No Failure,9.0,64171.2,1.2210526315789474
1,301.9,310.8,1563,39.2,39,0,No Failure,8.900000000000034,61269.600000000006,0.9800000000000001
1,301.9,310.9,2305,16.1,42,0,No Failure,9.0,37110.5,0.37441860465116283
1,301.9,310.9,1456,43.6,45,0,No Failure,9.0,63481.6,0.9478260869565218
0,302.0,311.0,1865,22.7,48,0,No Failure,9.0,42335.5,0.463265306122449
0,301.9,310.9,1597,36.9,50,0,No Failure,9.0,58929.299999999996,0.7235294117647059
0,302.0,310.9,1495,38.6,52,0,No Failure,8.899999999999977,57707.0,0.7283018867924529
1,302.0,310.9,1456,47.2,54,0,No Failure,8.899999999999977,68723.2,0.8581818181818183
0,301.9,310.8,1465,44.3,57,0,No Failure,8.900000000000034,64899.49999999999,0.7637931034482758
1,302.0,310.9,1352,55.5,59,0,No Failure,8.899999999999977,75036.0,0.925
0,301.9,310.8,1906,21.7,62,0,No Failure,8.900000000000034,41360.2,0.34444444444444444
0,302.0,310.9,1446,44.0,64,0,No Failure,8.899999999999977,63624.0,0.676923076923077
0,302.0,310.8,1948,19.7,66,0,No Failure,8.800000000000011,38375.6,0.29402985074626864
0,301.9,310.7,1480,47.1,68,0,No Failure,8.800000000000011,69708.0,0.682608695652174
1,301.9,310.7,1511,37.6,70,0,No Failure,8.800000000000011,56813.6,0.5295774647887325
1,301.9,310.7,1472,47.0,73,0,No Failure,8.800000000000011,69184.0,0.6351351351351351
0,301.9,310.7,1429,51.0,76,0,No Failure,8.800000000000011,72879.0,0.6623376623376623
0,301.9,310.7,1405,48.8,78,0,No Failure,8.800000000000011,68564.0,0.6177215189873417
1,301.9,310.7,1405,47.9,80,0,No Failure,8.800000000000011,67299.5,0.591358024691358
0,302.0,310.7,1348,58.1,83,0,No Failure,8.699999999999989,78318.8,0.6916666666666667
0,301.9,310.6,1331,68.6,85,1,Power Failure,8.700000000000045,91306.59999999999,0.797674418604651
0,301.9,310.6,1610,33.4,87,0,No Failure,8.700000000000045,53774.0,0.3795454545454545
1,301.9,310.6,1412,46.5,89,0,No Failure,8.700000000000045,65658.0,0.5166666666666667
0,302.0,310.7,1453,42.7,92,0,No Failure,8.699999999999989,62043.100000000006,0.4591397849462366
0,302.0,310.6,1583,38.9,94,0,No Failure,8.600000000000023,61578.7,0.4094736842105263
1,302.0,310.6,1539,37.4,96,0,No Failure,8.600000000000023,57558.6,0.3855670103092783
0,302.0,310.5,1635,39.8,99,0,No Failure,8.5,65072.99999999999,0.39799999999999996
2,302.1,310.7,1294,62.4,101,1,Heat Dissipation Failure,8.599999999999966,80745.59999999999,0.6117647058823529
0,302.0,310.5,1978,22.0,106,0,No Failure,8.5,43516.0,0.205607476635514
0,302.0,310.4,1357,58.0,108,1,Heat Dissipation Failure,8.399999999999977,78706.0,0.5321100917431193
0,302.0,310.4,1336,58.2,110,1,Heat Dissipation Failure,8.399999999999977,77755.2,0.5243243243243243
0,302.0,310.4,1568,39.2,112,0,No Failure,8.399999999999977,61465.600000000006,0.3469026548672567
1,302.0,310.4,1567,36.4,114,0,No Failure,8.399999999999977,57038.799999999996,0.31652173913043474
0,302.0,310.4,1611,35.6,117,0,No Failure,8.399999999999977,57351.600000000006,0.3016949152542373
2,302.0,310.5,1841,23.6,119,0,No Failure,8.5,43447.600000000006,0.19666666666666668
0,302.0,310.5,1567,36.1,124,0,No Failure,8.5,56568.700000000004,0.2888
0,301.9,310.4,1376,54.9,126,1,Heat Dissipation Failure,8.5,75542.4,0.4322834645669291
0,301.9,310.5,1477,42.4,128,0,No Failure,8.600000000000023,62624.799999999996,0.32868217054263565
1,301.9,310.5,1590,40.3,130,0,No Failure,8.600000000000023,64076.99999999999,0.30763358778625954
0,302.0,310.5,2197,15.8,133,0,No Failure,8.5,34712.6,0.11791044776119404
1,302.0,310.4,1595,32.9,135,0,No Failure,8.399999999999977,52475.5,0.24191176470588235
2,302.0,310.5,1812,24.4,138,0,No Failure,8.5,44212.799999999996,0.17553956834532372
1,302.0,310.5,1573,32.1,143,0,No Failure,8.5,50493.3,0.22291666666666668
0,302.0,310.5,1651,30.9,146,0,No Failure,8.5,51015.899999999994,0.21020408163265306
2,302.0,310.5,1459,43.2,148,0,No Failure,8.5,63028.8,0.28993288590604027
0,301.9,310.4,1370,51.7,153,1,Heat Dissipation Failure,8.5,70829.0,0.33571428571428574
0,301.9,310.4,1518,34.1,155,0,No Failure,8.5,51763.8,0.2185897435897436
0,302.0,310.3,1648,29.6,157,0,No Failure,8.300000000000011,48780.8,0.18734177215189873
0,302.0,310.4,1464,47.2,159,0,No Failure,8.399999999999977,69100.8,0.29500000000000004
0,302.0,310.4,1895,23.2,161,0,No Failure,8.399999999999977,43964.0,0.14320987654320988
0,301.9,310.4,1884,23.4,163,0,No Failure,8.5,44085.6,0.14268292682926828
0,302.0,310.4,1450,46.6,165,0,No Failure,8.399999999999977,67570.0,0.28072289156626506
0,302.0,310.4,1448,43.4,167,0,No Failure,8.399999999999977,62843.2,0.2583333333333333
0,302.1,310.5,1389,49.6,169,0,No Failure,8.399999999999977,68894.40000000001,0.2917647058823529
0,302.0,310.6,1583,35.2,171,0,No Failure,8.600000000000023,55721.600000000006,0.2046511627906977
0,301.9,310.5,1425,51.1,173,0,No Failure,8.600000000000023,72817.5,0.29367816091954024
0,302.0,310.5,1809,27.1,175,0,No Failure,8.5,49023.9,0.15397727272727274
0,301.9,310.5,1892,21.8,177,0,No Failure,8.600000000000023,41245.6,0.12247191011235956
1,301.9,310.6,1475,47.8,179,0,No Failure,8.700000000000045,70505.0,0.26555555555555554
0,302.0,310.6,1361,46.7,182,0,No Failure,8.600000000000023,63558.700000000004,0.2551912568306011
1,302.0,310.6,1563,41.0,184,0,No Failure,8.600000000000023,64083.0,0.22162162162162163
2,301.9,310.5,1472,39.7,187,0,No Failure,8.600000000000023,58438.4,0.21117021276595746
0,302.0,310.6,1325,55.3,192,0,No Failure,8.600000000000023,73272.5,0.2865284974093264
0,302.0,310.6,1358,53.1,194,0,No Failure,8.600000000000023,72109.8,0.2723076923076923
2,302.0,310.6,1346,54.7,196,0,No Failure,8.600000000000023,73626.2,0.27766497461928935
1,302.0,310.5,1381,58.4,201,0,No Failure,8.5,80650.4,0.2891089108910891
0,301.9,310.5,1340,55.7,204,1,Overstrain Failure,8.600000000000023,74638.0,0.27170731707317075
0,302.0,310.6,1366,47.7,206,0,No Failure,8.600000000000023,65158.200000000004,0.23043478260869565
0,302.1,310.7,1325,45.1,208,1,Heat Dissipation Failure,8.599999999999966,59757.5,0.21578947368421053
1,302.1,310.7,1376,46.3,210,1,Heat Dissipation Failure,8.599999999999966,63708.799999999996,0.21943127962085307
1,302.1,310.7,1364,47.8,213,1,Heat Dissipation Failure,8.599999999999966,65199.2,0.2233644859813084
0,302.2,310.6,1462,43.6,0,0,No Failure,8.400000000000034,63743.200000000004,43.6
1,302.1,310.6,1517,38.9,2,0,No Failure,8.5,59011.299999999996,12.966666666666667
0,302.1,310.6,1385,53.6,5,0,No Failure,8.5,74236.0,8.933333333333334
0,302.1,310.6,1439,40.0,7,0,No Failure,8.5,57560.0,5.0
1,302.0,310.6,1623,34.3,9,0,No Failure,8.600000000000023,55668.899999999994,3.4299999999999997
2,302.0,310.6,1438,43.2,12,0,No Failure,8.600000000000023,62121.600000000006,3.3230769230769233
0,301.9,310.4,1708,24.8,17,0,No Failure,8.5,42358.4,1.3777777777777778
1,301.8,310.3,1666,32.7,19,0,No Failure,8.5,54478.200000000004,1.6350000000000002
0,301.9,310.4,1286,62.8,22,1,Heat Dissipation Failure,8.5,80760.8,2.7304347826086954
0,301.9,310.3,1485,46.3,24,0,No Failure,8.400000000000034,68755.5,1.8519999999999999
1,301.8,310.3,1409,52.5,26,0,No Failure,8.5,73972.5,1.9444444444444444
0,301.8,310.3,1765,27.3,29,0,No Failure,8.5,48184.5,0.91
0,301.8,310.3,1688,28.8,31,0,No Failure,8.5,48614.4,0.9
1,301.7,310.3,1787,26.7,33,0,No Failure,8.600000000000023,47712.9,0.7852941176470588
0,301.7,310.1,1487,48.0,36,0,No Failure,8.400000000000034,71376.0,1.2972972972972974
0,301.7,310.1,1384,50.5,38,0,No Failure,8.400000000000034,69892.0,1.294871794871795
0,301.7,310.2,1311,57.4,40,1,Heat Dissipation Failure,8.5,75251.4,1.4
2,301.7,310.2,1620,30.8,42,0,No Failure,8.5,49896.0,0.7162790697674418
0,301.7,310.2,1331,61.2,47,1,Heat Dissipation Failure,8.5,81457.2,1.2750000000000001
2,301.7,310.1,1462,38.3,49,0,No Failure,8.400000000000034,55994.6,0.7659999999999999
0,301.7,310.1,1424,50.2,54,0,No Failure,8.400000000000034,71484.8,0.9127272727272728
0,301.7,310.1,1500,39.6,56,0,No Failure,8.400000000000034,59400.0,0.6947368421052632
0,301.8,310.1,1738,28.0,58,0,No Failure,8.300000000000011,48664.0,0.4745762711864407
1,301.8,310.3,1465,46.5,60,0,No Failure,8.5,68122.5,0.7622950819672131
0,301.8,310.3,1482,41.4,63,0,No Failure,8.5,61354.799999999996,0.646875
0,301.9,310.3,1398,44.0,65,0,No Failure,8.400000000000034,61512.0,0.6666666666666666
0,301.9,310.3,1972,21.3,67,0,No Failure,8.400000000000034,42003.6,0.31323529411764706
0,301.9,310.4,1603,37.6,69,0,No Failure,8.5,60272.8,0.5371428571428571
0,301.9,310.4,1610,34.8,71,0,No Failure,8.5,56027.99999999999,0.4833333333333333
1,301.9,310.4,1373,48.0,73,1,Heat Dissipation Failure,8.5,65904.0,0.6486486486486487
1,302.0,310.5,1425,44.7,76,0,No Failure,8.5,63697.50000000001,0.5805194805194805
1,302.0,310.4,1212,55.6,79,1,Heat Dissipation Failure,8.399999999999977,67387.2,0.6950000000000001
1,302.0,310.4,1828,26.3,82,0,No Failure,8.399999999999977,48076.4,0.3168674698795181
0,302.0,310.5,1370,44.4,85,1,Heat Dissipation Failure,8.5,60828.0,0.5162790697674419
1,302.0,310.5,1823,25.1,87,0,No Failure,8.5,45757.3,0.2852272727272727
0,302.0,310.5,1263,60.6,90,1,Heat Dissipation Failure,8.5,76537.8,0.6659340659340659
0,301.9,310.4,1889,21.5,92,0,No Failure,8.5,40613.5,0.23118279569892472
1,302.0,310.5,1639,32.9,94,0,No Failure,8.5,53923.1,0.3463157894736842
1,302.0,310.4,1608,33.1,97,0,No Failure,8.399999999999977,53224.8,0.3377551020408163
2,301.9,310.3,1653,32.4,100,0,No Failure,8.400000000000034,53557.2,0.3207920792079208
0,302.0,310.4,1591,29.8,105,0,No Failure,8.399999999999977,47411.8,0.2811320754716981
0,302.1,310.5,1696,30.9,107,0,No Failure,8.399999999999977,52406.399999999994,0.2861111111111111
0,302.2,310.6,1346,47.5,109,1,Heat Dissipation Failure,8.400000000000034,63935.0,0.4318181818181818
1,302.2,310.5,1507,40.4,111,0,No Failure,8.300000000000011,60882.799999999996,0.3607142857142857
2,302.3,310.6,1525,48.7,114,0,No Failure,8.300000000000011,74267.5,0.42347826086956525
1,302.3,310.7,1559,33.9,119,0,No Failure,8.399999999999977,52850.1,0.2825
0,302.2,310.6,1632,30.5,122,0,No Failure,8.400000000000034,49776.0,0.24796747967479674
0,302.1,310.5,1559,36.0,124,0,No Failure,8.399999999999977,56124.0,0.288
1,302.2,310.6,1355,51.5,126,1,Heat Dissipation Failure,8.400000000000034,69782.5,0.40551181102362205
1,302.2,310.5,1832,23.7,129,0,No Failure,8.300000000000011,43418.4,0.1823076923076923
0,302.2,310.6,1386,50.0,132,0,No Failure,8.400000000000034,69300.0,0.37593984962406013
1,302.2,310.6,1346,49.2,134,1,Heat Dissipation Failure,8.400000000000034,66223.2,0.36444444444444446
0,302.3,310.7,1499,37.8,137,0,No Failure,8.399999999999977,56662.2,0.27391304347826084
0,302.3,310.7,1612,33.4,139,0,No Failure,8.399999999999977,53840.799999999996,0.23857142857142857
1,302.3,310.7,1544,39.7,141,0,No Failure,8.399999999999977,61296.8,0.2795774647887324
0,302.5,310.9,1477,39.2,144,0,No Failure,8.399999999999977,57898.4,0.2703448275862069
0,302.5,310.9,1624,34.4,146,0,No Failure,8.399999999999977,55865.6,0.23401360544217686
0,302.4,310.9,1349,46.1,148,1,Heat Dissipation Failure,8.5,62188.9,0.3093959731543624
0,302.4,310.8,1686,28.8,150,0,No Failure,8.400000000000034,48556.8,0.19072847682119207
1,302.4,310.7,1521,40.4,152,0,No Failure,8.300000000000011,61448.4,0.26405228758169935
0,302.4,310.7,1362,54.8,155,1,Heat Dissipation Failure,8.300000000000011,74637.59999999999,0.35128205128205126
0,302.3,310.7,1402,50.9,157,0,No Failure,8.399999999999977,71361.8,0.3221518987341772
0,302.2,310.6,1334,53.2,159,1,Heat Dissipation Failure,8.400000000000034,70968.8,0.3325
0,302.2,310.6,1348,48.4,161,1,Heat Dissipation Failure,8.400000000000034,65243.2,0.29876543209876544
1,302.2,310.6,1570,34.6,163,0,No Failure,8.400000000000034,54322.0,0.21097560975609758
1,302.2,310.7,1601,33.0,166,0,No Failure,8.5,52833.0,0.19760479041916168
1,302.3,310.8,1611,31.8,169,0,No Failure,8.5,51229.8,0.18705882352941178
0,302.4,310.9,1560,31.8,172,0,No Failure,8.5,49608.0,0.1838150289017341
2,302.4,310.9,1444,40.7,174,0,No Failure,8.5,58770.8,0.2325714285714286
0,302.4,311.0,1317,59.4,179,0,No Failure,8.600000000000023,78229.8,0.33
1,302.5,311.0,1463,43.1,181,0,No Failure,8.5,63055.3,0.23681318681318683
0,302.4,311.1,1634,34.2,184,0,No Failure,8.700000000000045,55882.8,0.1848648648648649
0,302.4,311.0,1423,46.2,186,0,No Failure,8.600000000000023,65742.6,0.24705882352941178
0,302.5,311.0,1548,38.4,188,0,No Failure,8.5,59443.2,0.20317460317460317
1,302.5,311.0,1563,35.6,190,0,No Failure,8.5,55642.8,0.18638743455497384
0,302.4,311.0,1573,36.5,193,0,No Failure,8.600000000000023,57414.5,0.18814432989690721
1,302.4,311.1,1432,44.5,195,0,No Failure,8.700000000000045,63724.0,0.22704081632653061
1,302.5,311.1,1638,32.0,198,0,No Failure,8.600000000000023,52416.0,0.16080402010050251
0,302.5,311.1,1571,34.2,201,0,No Failure,8.600000000000023,53728.200000000004,0.16930693069306932
0,302.4,311.0,2211,15.4,203,0,No Failure,8.600000000000023,34049.4,0.07549019607843137
0,302.4,311.0,1555,40.6,205,0,No Failure,8.600000000000023,63133.0,0.19708737864077672
1,302.3,310.9,1558,31.9,207,0,No Failure,8.599999999999966,49700.2,0.1533653846153846
1,302.3,310.9,1523,43.2,210,0,No Failure,8.599999999999966,65793.6,0.204739336492891
0,302.3,310.8,1723,26.3,213,0,No Failure,8.5,45314.9,0.12289719626168225
1,302.3,310.8,1721,28.4,215,0,No Failure,8.5,48876.399999999994,0.13148148148148148
1,302.3,310.9,1710,30.4,218,1,Tool Wear Failure,8.599999999999966,51984.0,0.13881278538812786
1,302.3,310.9,1627,32.3,0,0,No Failure,8.599999999999966,52552.1,32.3
1,302.2,310.8,1422,47.0,3,0,No Failure,8.600000000000023,66834.0,11.75
0,302.1,310.8,1565,35.3,6,0,No Failure,8.699999999999989,55244.49999999999,5.042857142857143
0,302.1,310.7,1314,52.8,8,1,Heat Dissipation Failure,8.599999999999966,69379.2,5.866666666666666
1,302.0,310.6,1392,60.5,10,0,No Failure,8.600000000000023,84216.0,5.5
0,302.1,310.7,1465,40.7,13,0,No Failure,8.599999999999966,59625.50000000001,2.9071428571428575
0,301.9,310.6,1573,36.6,15,0,No Failure,8.700000000000045,57571.8,2.2875
1,302.0,310.7,2157,17.8,17,0,No Failure,8.699999999999989,38394.6,0.9888888888888889
0,301.9,310.7,1370,50.3,20,0,No Failure,8.800000000000011,68911.0,2.395238095238095
0,301.9,310.6,1462,38.8,22,0,No Failure,8.700000000000045,56725.6,1.6869565217391302
1,302.0,310.6,1479,40.5,24,0,No Failure,8.600000000000023,59899.5,1.62
0,301.9,310.7,1717,26.8,27,0,No Failure,8.800000000000011,46015.6,0.9571428571428572
1,301.9,310.6,1260,65.9,29,0,No Failure,8.700000000000045,83034.0,2.1966666666666668
0,301.9,310.6,1467,39.3,32,0,No Failure,8.700000000000045,57653.1,1.190909090909091
1,302.0,310.6,1535,38.6,34,0,No Failure,8.600000000000023,59251.0,1.102857142857143
0,302.0,310.7,1657,31.9,37,0,No Failure,8.699999999999989,52858.299999999996,0.8394736842105263
0,302.0,310.7,1698,28.1,39,0,No Failure,8.699999999999989,47713.8,0.7025
0,302.1,310.7,1359,49.3,41,1,Heat Dissipation Failure,8.599999999999966,66998.7,1.1738095238095236
0,302.1,310.8,1596,37.1,43,0,No Failure,8.699999999999989,59211.600000000006,0.8431818181818183
0,302.2,310.8,1383,46.9,45,0,No Failure,8.600000000000023,64862.7,1.0195652173913043
0,302.2,310.8,2203,16.6,47,0,No Failure,8.600000000000023,36569.8,0.3458333333333334
1,302.2,310.8,1408,46.8,49,0,No Failure,8.600000000000023,65894.4,0.9359999999999999
0,302.2,310.8,1673,32.9,52,0,No Failure,8.600000000000023,55041.7,0.620754716981132
0,302.2,310.8,1340,47.8,54,0,No Failure,8.600000000000023,64051.99999999999,0.869090909090909
0,302.2,310.9,1452,42.3,56,0,No Failure,8.699999999999989,61419.6,0.7421052631578947
1,302.2,310.9,1302,53.4,58,0,No Failure,8.699999999999989,69526.8,0.9050847457627118
2,302.2,310.9,1522,35.9,61,0,No Failure,8.699999999999989,54639.799999999996,0.5790322580645161
0,302.2,310.8,1438,41.4,66,0,No Failure,8.600000000000023,59533.2,0.617910447761194
0,302.2,310.9,1604,40.5,68,0,No Failure,8.699999999999989,64962.0,0.5869565217391305
0,302.2,311.0,1832,23.2,70,0,No Failure,8.800000000000011,42502.4,0.3267605633802817
1,302.3,311.0,1521,34.8,72,0,No Failure,8.699999999999989,52930.799999999996,0.4767123287671233
0,302.3,311.0,1446,37.6,75,0,No Failure,8.699999999999989,54369.6,0.4947368421052632
0,302.4,311.1,1905,20.9,77,0,No Failure,8.700000000000045,39814.5,0.26794871794871794
0,302.4,311.0,1475,47.9,79,0,No Failure,8.600000000000023,70652.5,0.59875
0,302.4,311.0,1462,48.5,81,0,No Failure,8.600000000000023,70907.0,0.5914634146341463
1,302.4,310.9,1435,42.3,83,0,No Failure,8.5,60700.49999999999,0.5035714285714286
0,302.4,310.9,1469,39.6,86,0,No Failure,8.5,58172.4,0.45517241379310347
1,302.6,311.1,1520,43.0,88,0,No Failure,8.5,65360.0,0.48314606741573035
0,302.6,311.0,1537,35.5,91,0,No Failure,8.399999999999977,54563.5,0.3858695652173913
0,302.6,311.0,1369,60.0,93,1,Heat Dissipation Failure,8.399999999999977,82140.0,0.6382978723404256
0,302.6,311.0,1506,37.2,95,0,No Failure,8.399999999999977,56023.200000000004,0.3875
0,302.5,310.9,1330,56.9,97,1,Heat Dissipation Failure,8.399999999999977,75677.0,0.5806122448979592
0,302.6,311.0,1660,38.0,99,0,No Failure,8.399999999999977,63080.0,0.38
2,302.5,310.9,1356,55.5,101,1,Heat Dissipation Failure,8.399999999999977,75258.0,0.5441176470588235
2,302.6,311.0,1438,51.0,106,0,No Failure,8.399999999999977,73338.0,0.4766355140186916
1,302.6,311.0,1329,48.6,111,1,Heat Dissipation Failure,8.399999999999977,64589.4,0.43392857142857144
0,302.6,311.0,1284,68.0,114,1,Heat Dissipation Failure,8.399999999999977,87312.0,0.591304347826087
1,302.5,311.0,1387,52.1,116,0,No Failure,8.5,72262.7,0.4452991452991453
1,302.6,311.0,1591,33.9,119,0,No Failure,8.399999999999977,53934.899999999994,0.2825
1,302.6,311.0,1589,39.0,122,0,No Failure,8.399999999999977,61971.0,0.3170731707317073
1,302.7,311.1,1297,60.7,125,1,Heat Dissipation Failure,8.400000000000034,78727.90000000001,0.48174603174603176
0,302.7,311.2,1545,35.1,128,0,No Failure,8.5,54229.5,0.27209302325581397
2,302.7,311.1,1418,43.4,130,0,No Failure,8.400000000000034,61541.2,0.3312977099236641
0,302.7,311.1,1730,28.1,135,0,No Failure,8.400000000000034,48613.0,0.20661764705882354
0,302.6,311.0,2001,20.7,137,0,No Failure,8.399999999999977,41420.7,0.15
0,302.6,311.0,1620,36.2,139,0,No Failure,8.399999999999977,58644.00000000001,0.2585714285714286
1,302.6,311.0,1542,39.7,141,0,No Failure,8.399999999999977,61217.4,0.2795774647887324
0,302.6,311.0,1424,38.0,144,0,No Failure,8.399999999999977,54112.0,0.2620689655172414
0,302.7,311.1,1440,39.5,146,0,No Failure,8.400000000000034,56880.0,0.2687074829931973
0,302.6,311.0,1520,42.8,148,0,No Failure,8.399999999999977,65055.99999999999,0.287248322147651
0,302.7,311.0,1694,29.8,150,0,No Failure,8.300000000000011,50481.200000000004,0.19735099337748344
0,302.6,311.0,1610,39.2,152,0,No Failure,8.399999999999977,63112.00000000001,0.2562091503267974
0,302.6,310.9,1331,52.0,154,1,Heat Dissipation Failure,8.299999999999955,69212.0,0.33548387096774196
0,302.6,310.8,1470,41.2,156,0,No Failure,8.199999999999989,60564.00000000001,0.2624203821656051
0,302.5,310.8,1577,36.9,158,0,No Failure,8.300000000000011,58191.299999999996,0.2320754716981132
0,302.6,310.8,1486,36.4,160,0,No Failure,8.199999999999989,54090.4,0.22608695652173913
0,302.4,310.6,1445,40.3,162,0,No Failure,8.200000000000045,58233.49999999999,0.24723926380368097
1,302.4,310.5,1500,36.7,164,0,No Failure,8.100000000000023,55050.00000000001,0.22242424242424244
1,302.2,310.4,1456,47.5,167,0,No Failure,8.199999999999989,69160.0,0.28273809523809523
0,302.2,310.4,1743,28.1,170,0,No Failure,8.199999999999989,48978.3,0.16432748538011696
0,302.0,310.1,1409,50.4,172,0,No Failure,8.100000000000023,71013.59999999999,0.2913294797687861
0,302.0,310.1,1361,45.4,174,1,Heat Dissipation Failure,8.100000000000023,61789.4,0.2594285714285714
0,302.1,310.1,1753,28.9,176,0,No Failure,8.0,50661.7,0.16327683615819208
0,302.0,310.0,1832,22.9,178,0,No Failure,8.0,41952.799999999996,0.12793296089385475
0,301.9,309.9,1374,48.5,180,1,Heat Dissipation Failure,8.0,66639.0,0.26795580110497236
1,301.8,309.9,1334,61.0,182,1,Heat Dissipation Failure,8.099999999999966,81374.0,0.3333333333333333
0,301.8,310.0,1493,40.3,185,0,No Failure,8.199999999999989,60167.899999999994,0.21666666666666665
0,301.7,309.9,1317,49.0,187,1,Heat Dissipation Failure,8.199999999999989,64533.0,0.26063829787234044
1,301.7,309.9,1434,47.9,189,0,No Failure,8.199999999999989,68688.59999999999,0.2521052631578947
1,301.7,309.9,1457,39.2,192,0,No Failure,8.199999999999989,57114.4,0.20310880829015546
1,301.7,310.0,1391,50.6,195,0,No Failure,8.300000000000011,70384.6,0.25816326530612244
1,301.8,310.0,1781,23.9,198,0,No Failure,8.199999999999989,42565.899999999994,0.12010050251256281
0,301.8,310.0,1642,32.6,201,0,No Failure,8.199999999999989,53529.200000000004,0.1613861386138614
0,301.8,310.0,2032,19.0,203,0,No Failure,8.199999999999989,38608.0,0.09313725490196079
1,301.8,310.1,2372,13.9,205,1,Power Failure,8.300000000000011,32970.8,0.06747572815533981
0,301.8,310.0,1393,44.9,208,0,No Failure,8.199999999999989,62545.7,0.21483253588516746
1,301.7,310.1,1743,27.3,210,0,No Failure,8.400000000000034,47583.9,0.12938388625592417
0,301.8,310.2,1457,40.4,213,0,No Failure,8.399999999999977,58862.799999999996,0.18878504672897195
0,301.8,310.2,2825,5.8,215,1,Power Failure,8.399999999999977,16385.0,0.026851851851851852
1,301.8,310.2,1609,34.2,217,0,No Failure,8.399999999999977,55027.8,0.15688073394495414
1,301.8,310.2,1437,42.3,0,0,No Failure,8.399999999999977,60785.1,42.3
0,301.7,310.1,1402,50.1,3,0,No Failure,8.400000000000034,70240.2,12.525
1,301.7,310.1,1644,34.6,5,0,No Failure,8.400000000000034,56882.4,5.766666666666667
0,301.7,310.2,1471,51.1,8,0,No Failure,8.5,75168.1,5.677777777777778
0,301.7,310.1,2695,12.6,10,0,No Failure,8.400000000000034,33957.0,1.1454545454545455
0,301.7,310.2,1435,48.1,12,0,No Failure,8.5,69023.5,3.7
0,301.6,310.1,1694,26.3,14,0,No Failure,8.5,44552.200000000004,1.7533333333333334
0,301.6,310.1,1687,26.6,16,0,No Failure,8.5,44874.200000000004,1.5647058823529412
0,301.6,310.0,1869,22.9,18,0,No Failure,8.399999999999977,42800.1,1.2052631578947368
0,301.4,309.9,1259,63.9,20,1,Heat Dissipation Failure,8.5,80450.09999999999,3.0428571428571427
2,301.4,309.9,1460,47.2,22,0,No Failure,8.5,68912.0,2.0521739130434784
1,301.3,309.9,1501,39.5,27,0,No Failure,8.599999999999966,59289.5,1.4107142857142858
0,301.4,310.0,1776,25.6,30,0,No Failure,8.600000000000023,45465.600000000006,0.8258064516129032
1,301.5,310.1,1468,40.8,32,0,No Failure,8.600000000000023,59894.399999999994,1.2363636363636363
0,301.5,310.1,1430,46.5,35,0,No Failure,8.600000000000023,66495.0,1.2916666666666667
0,301.4,310.1,1502,46.6,37,0,No Failure,8.700000000000045,69993.2,1.2263157894736842
2,301.4,310.1,1623,32.3,39,0,No Failure,8.700000000000045,52422.899999999994,0.8074999999999999
1,301.4,310.0,1651,29.8,44,0,No Failure,8.600000000000023,49199.8,0.6622222222222223
0,301.5,310.1,1639,33.4,47,0,No Failure,8.600000000000023,54742.6,0.6958333333333333
1,301.5,310.0,1417,44.6,49,0,No Failure,8.5,63198.200000000004,0.892
0,301.5,310.1,1541,42.2,52,0,No Failure,8.600000000000023,65030.200000000004,0.7962264150943397
1,301.6,310.2,1411,45.1,54,0,No Failure,8.599999999999966,63636.1,0.8200000000000001
0,301.7,310.3,1397,44.6,57,0,No Failure,8.600000000000023,62306.200000000004,0.7689655172413793
0,301.7,310.2,1686,28.9,59,0,No Failure,8.5,48725.399999999994,0.48166666666666663
1,301.7,310.1,1431,44.0,61,0,No Failure,8.400000000000034,62964.0,0.7096774193548387
0,301.8,310.3,1341,50.5,64,1,Heat Dissipation Failure,8.5,67720.5,0.7769230769230769
0,301.7,310.2,1486,43.0,66,0,No Failure,8.5,63898.0,0.6417910447761194
0,301.6,310.2,1384,57.1,68,0,No Failure,8.599999999999966,79026.40000000001,0.827536231884058
0,301.6,310.1,1362,55.8,70,1,Heat Dissipation Failure,8.5,75999.59999999999,0.7859154929577464
2,301.7,310.1,1660,29.3,72,0,No Failure,8.400000000000034,48638.0,0.40136986301369865
0,301.6,310.1,1326,48.2,77,1,Heat Dissipation Failure,8.5,63913.200000000004,0.617948717948718
0,301.6,310.0,1566,30.3,79,0,No Failure,8.399999999999977,47449.8,0.37875000000000003
0,301.5,309.8,1549,38.5,81,0,No Failure,8.300000000000011,59636.5,0.4695121951219512
1,301.6,309.9,1746,31.1,83,0,No Failure,8.299999999999955,54300.600000000006,0.37023809523809526
1,301.7,309.9,1452,41.5,86,0,No Failure,8.199999999999989,60258.0,0.47701149425287354
0,301.6,309.8,1588,33.9,89,0,No Failure,8.199999999999989,53833.2,0.37666666666666665
0,301.6,309.8,1472,42.5,91,0,No Failure,8.199999999999989,62560.0,0.46195652173913043
0,301.7,309.9,1607,37.7,93,0,No Failure,8.199999999999989,60583.9,0.4010638297872341
2,301.6,309.9,1423,53.6,95,0,No Failure,8.299999999999955,76272.8,0.5583333333333333
0,301.6,309.9,1440,43.4,100,0,No Failure,8.299999999999955,62496.0,0.4297029702970297
0,301.6,309.9,1397,43.7,102,0,No Failure,8.299999999999955,61048.9,0.4242718446601942
0,301.7,309.9,1524,46.6,104,0,No Failure,8.199999999999989,71018.40000000001,0.4438095238095238
1,301.7,309.9,1533,40.9,106,0,No Failure,8.199999999999989,62699.7,0.3822429906542056
0,301.7,309.8,1398,46.0,109,0,No Failure,8.100000000000023,64308.0,0.41818181818181815
1,301.7,309.8,1284,68.2,111,1,Heat Dissipation Failure,8.100000000000023,87568.8,0.6089285714285715
0,301.7,309.8,1491,39.3,114,0,No Failure,8.100000000000023,58596.299999999996,0.3417391304347826
2,301.8,309.9,1418,51.3,116,0,No Failure,8.099999999999966,72743.4,0.43846153846153846
1,301.8,309.8,1546,39.8,121,0,No Failure,8.0,61530.799999999996,0.3262295081967213
0,301.8,309.7,1598,30.4,124,0,No Failure,7.899999999999977,48579.2,0.2432
2,301.9,309.8,1724,27.5,126,0,No Failure,7.900000000000034,47410.0,0.21653543307086615
0,301.9,309.8,1507,44.7,131,0,No Failure,7.900000000000034,67362.90000000001,0.3386363636363637
0,301.9,309.7,1595,31.4,133,0,No Failure,7.800000000000011,50083.0,0.2343283582089552
1,301.9,309.7,1568,37.5,135,0,No Failure,7.800000000000011,58800.0,0.2757352941176471
0,301.8,309.6,1432,43.7,138,0,No Failure,7.800000000000011,62578.4,0.3143884892086331
0,301.9,309.7,1424,42.8,140,0,No Failure,7.800000000000011,60947.2,0.30354609929078014
1,302.0,309.7,1386,62.7,142,1,Power Failure,7.699999999999989,86902.2,0.43846153846153846
0,302.0,309.8,1456,58.1,145,0,No Failure,7.800000000000011,84593.6,0.39794520547945206
2,302.0,309.8,1280,57.3,147,1,Heat Dissipation Failure,7.800000000000011,73344.0,0.38716216216216215
0,302.0,309.8,1649,31.0,152,0,No Failure,7.800000000000011,51119.0,0.20261437908496732
0,302.0,309.9,1407,52.8,154,0,No Failure,7.899999999999977,74289.59999999999,0.3406451612903226
2,302.0,309.9,1606,34.5,156,0,No Failure,7.899999999999977,55407.0,0.2197452229299363
1,302.1,310.0,1531,38.0,161,0,No Failure,7.899999999999977,58178.0,0.2345679012345679
0,302.1,310.1,1543,35.8,164,0,No Failure,8.0,55239.399999999994,0.21696969696969695
1,302.1,310.1,1379,48.2,166,1,Heat Dissipation Failure,8.0,66467.8,0.288622754491018
0,302.1,310.1,1447,46.6,169,0,No Failure,8.0,67430.2,0.2741176470588235
2,302.1,310.1,1844,24.6,171,0,No Failure,8.0,45362.4,0.1430232558139535
2,302.1,310.1,1615,29.9,176,0,No Failure,8.0,48288.5,0.16892655367231638
0,302.0,310.0,1449,48.8,181,0,No Failure,8.0,70711.2,0.2681318681318681
0,302.0,309.9,1388,51.4,183,0,No Failure,7.899999999999977,71343.2,0.2793478260869565
2,302.0,309.9,1447,42.8,185,0,No Failure,7.899999999999977,61931.6,0.23010752688172043
0,302.0,310.0,1664,28.6,190,0,No Failure,8.0,47590.4,0.14973821989528796
2,302.0,309.9,1735,27.2,192,0,No Failure,7.899999999999977,47192.0,0.14093264248704662
0,302.0,309.9,1308,57.6,197,1,Heat Dissipation Failure,7.899999999999977,75340.8,0.2909090909090909
0,302.0,309.8,1480,40.0,199,0,No Failure,7.800000000000011,59200.0,0.2
1,301.9,309.6,1439,41.7,201,0,No Failure,7.7000000000000455,60006.3,0.20643564356435645
1,301.9,309.7,1533,35.9,204,0,No Failure,7.800000000000011,55034.7,0.17512195121951218
0,302.0,309.7,1551,34.8,207,0,No Failure,7.699999999999989,53974.799999999996,0.1673076923076923
0,302.0,309.7,1414,36.3,209,0,No Failure,7.699999999999989,51328.2,0.17285714285714285
1,301.9,309.6,1551,34.6,211,0,No Failure,7.7000000000000455,53664.600000000006,0.16320754716981134
1,301.8,309.6,1436,49.0,214,0,No Failure,7.800000000000011,70364.0,0.22790697674418606
1,301.9,309.6,1385,45.8,217,0,No Failure,7.7000000000000455,63432.99999999999,0.21009174311926604
1,301.8,309.5,1732,30.1,220,0,No Failure,7.699999999999989,52133.200000000004,0.13619909502262445
0,301.9,309.6,1410,49.0,223,0,No Failure,7.7000000000000455,69090.0,0.21875
0,301.9,309.6,1446,43.2,225,0,No Failure,7.7000000000000455,62467.200000000004,0.19115044247787613
0,301.8,309.5,1525,39.6,227,0,No Failure,7.699999999999989,60390.0,0.1736842105263158
0,301.7,309.5,1298,65.5,229,1,Heat Dissipation Failure,7.800000000000011,85019.0,0.2847826086956522
0,301.8,309.6,1443,42.7,231,0,No Failure,7.800000000000011,61616.100000000006,0.18405172413793106
0,301.8,309.7,1442,45.3,233,1,Tool Wear Failure,7.899999999999977,65322.6,0.19358974358974357
0,301.9,309.7,1719,31.9,0,0,No Failure,7.800000000000011,54836.1,31.9
0,302.0,309.8,1532,39.4,2,0,No Failure,7.800000000000011,60360.799999999996,13.133333333333333
0,302.0,309.8,1701,27.2,4,0,No Failure,7.800000000000011,46267.2,5.4399999999999995
1,302.1,310.0,1355,45.1,6,1,Heat Dissipation Failure,7.899999999999977,61110.5,6.442857142857143
1,302.2,310.1,1421,45.4,9,0,No Failure,7.900000000000034,64513.4,4.54
1,302.2,310.1,1368,51.6,12,1,Heat Dissipation Failure,7.900000000000034,70588.8,3.9692307692307693
0,302.2,310.1,1458,45.1,15,0,No Failure,7.900000000000034,65755.8,2.81875
1,302.2,310.1,1572,34.6,17,0,No Failure,7.900000000000034,54391.200000000004,1.9222222222222223
0,302.2,310.0,1483,48.7,20,0,No Failure,7.800000000000011,72222.1,2.3190476190476192
0,302.3,310.1,1513,40.4,22,0,No Failure,7.800000000000011,61125.2,1.7565217391304346
2,302.3,310.1,1383,42.9,24,0,No Failure,7.800000000000011,59330.7,1.716
0,302.4,310.2,1539,37.7,29,0,No Failure,7.800000000000011,58020.3,1.2566666666666668
1,302.3,310.1,1563,37.8,31,0,No Failure,7.800000000000011,59081.399999999994,1.18125
0,302.3,310.1,1653,29.7,34,0,No Failure,7.800000000000011,49094.1,0.8485714285714285
0,302.3,310.1,1353,50.9,36,1,Heat Dissipation Failure,7.800000000000011,68867.7,1.3756756756756756
2,302.2,310.0,1468,43.6,38,0,No Failure,7.800000000000011,64004.8,1.117948717948718
2,302.3,310.2,1506,33.8,43,0,No Failure,7.899999999999977,50902.799999999996,0.7681818181818181
0,302.3,310.1,1388,49.9,48,0,No Failure,7.800000000000011,69261.2,1.0183673469387755
1,302.4,310.2,1485,45.9,50,0,No Failure,7.800000000000011,68161.5,0.9
0,302.4,310.2,1331,45.5,53,1,Heat Dissipation Failure,7.800000000000011,60560.5,0.8425925925925926
0,302.5,310.3,1326,58.5,55,1,Heat Dissipation Failure,7.800000000000011,77571.0,1.0446428571428572
0,302.3,310.2,1394,55.4,57,0,No Failure,7.899999999999977,77227.59999999999,0.9551724137931035
0,302.4,310.1,2009,18.9,59,0,No Failure,7.7000000000000455,37970.1,0.315
1,302.4,310.1,1358,54.6,61,1,Heat Dissipation Failure,7.7000000000000455,74146.8,0.8806451612903226
0,302.5,310.2,1586,32.2,64,0,No Failure,7.699999999999989,51069.200000000004,0.4953846153846154
0,302.5,310.3,1688,31.6,66,0,No Failure,7.800000000000011,53340.8,0.47164179104477616
0,302.6,310.5,1450,43.2,68,0,No Failure,7.899999999999977,62640.00000000001,0.6260869565217392
1,302.7,310.5,1398,47.3,70,0,No Failure,7.800000000000011,66125.4,0.6661971830985915
0,302.7,310.5,1520,39.3,73,0,No Failure,7.800000000000011,59735.99999999999,0.5310810810810811
0,302.6,310.4,1514,42.7,75,0,No Failure,7.7999999999999545,64647.8,0.5618421052631579
1,302.6,310.4,1532,36.1,77,0,No Failure,7.7999999999999545,55305.200000000004,0.46282051282051284
0,302.6,310.4,1365,66.8,80,1,Heat Dissipation Failure,7.7999999999999545,91182.0,0.8246913580246913
0,302.6,310.3,1642,33.2,82,0,No Failure,7.699999999999989,54514.4,0.4
1,302.6,310.2,2676,10.8,84,1,Power Failure,7.599999999999966,28900.800000000003,0.12705882352941178
2,302.6,310.2,1873,21.3,87,0,No Failure,7.599999999999966,39894.9,0.24204545454545456
0,302.6,310.2,1325,62.4,92,1,Heat Dissipation Failure,7.599999999999966,82680.0,0.6709677419354838
1,302.6,310.2,2157,17.2,94,0,No Failure,7.599999999999966,37100.4,0.18105263157894735
1,302.6,310.2,1563,39.0,97,0,No Failure,7.599999999999966,60957.0,0.3979591836734694
1,302.6,310.2,1631,31.0,100,0,No Failure,7.599999999999966,50561.0,0.3069306930693069
0,302.5,310.2,1547,36.9,103,0,No Failure,7.699999999999989,57084.299999999996,0.35480769230769227
0,302.6,310.3,1479,40.4,105,0,No Failure,7.699999999999989,59751.6,0.3811320754716981
1,302.4,310.1,1379,48.9,107,1,Heat Dissipation Failure,7.7000000000000455,67433.09999999999,0.4527777777777778
0,302.4,310.1,1906,21.2,110,0,No Failure,7.7000000000000455,40407.2,0.19099099099099098
1,302.3,310.1,1731,33.4,112,0,No Failure,7.800000000000011,57815.399999999994,0.29557522123893804
2,302.3,310.1,1688,30.4,115,0,No Failure,7.800000000000011,51315.2,0.26206896551724135
2,302.3,310.2,1443,54.6,120,0,No Failure,7.899999999999977,78787.8,0.45123966942148763
0,302.4,310.2,1445,46.4,125,0,No Failure,7.800000000000011,67048.0,0.3682539682539682
2,302.4,310.2,1435,44.9,127,0,No Failure,7.800000000000011,64431.5,0.35078125
0,302.4,310.1,1556,32.9,132,0,No Failure,7.7000000000000455,51192.399999999994,0.24736842105263157
0,302.3,310.1,1321,52.7,134,1,Heat Dissipation Failure,7.800000000000011,69616.7,0.39037037037037037
1,302.4,310.1,1577,35.8,136,0,No Failure,7.7000000000000455,56456.6,0.26131386861313866
0,302.4,310.2,1578,31.2,139,0,No Failure,7.800000000000011,49233.6,0.22285714285714286
0,302.4,310.1,1418,52.3,141,0,No Failure,7.7000000000000455,74161.4,0.36830985915492953
1,302.4,310.2,1392,55.8,143,0,No Failure,7.800000000000011,77673.59999999999,0.38749999999999996
0,302.5,310.3,1446,44.0,146,0,No Failure,7.800000000000011,63624.0,0.29931972789115646
0,302.5,310.2,1329,50.6,148,1,Heat Dissipation Failure,7.699999999999989,67247.40000000001,0.3395973154362416
0,302.5,310.2,1563,34.8,150,0,No Failure,7.699999999999989,54392.399999999994,0.2304635761589404
0,302.5,310.3,1405,57.4,152,0,No Failure,7.800000000000011,80647.0,0.37516339869281046
0,302.4,310.2,2224,16.0,154,0,No Failure,7.800000000000011,35584.0,0.1032258064516129
0,302.5,310.2,1716,29.9,156,0,No Failure,7.699999999999989,51308.399999999994,0.19044585987261145
0,302.5,310.3,1584,35.5,158,0,No Failure,7.800000000000011,56232.0,0.22327044025157233
1,302.5,310.3,1488,41.8,160,0,No Failure,7.800000000000011,62198.399999999994,0.25962732919254655
0,302.4,310.3,1374,51.2,163,1,Heat Dissipation Failure,7.900000000000034,70348.8,0.3121951219512195
1,302.4,310.3,1378,54.3,165,1,Heat Dissipation Failure,7.900000000000034,74825.4,0.32710843373493975
0,302.5,310.3,1551,37.3,168,0,No Failure,7.800000000000011,57852.299999999996,0.2207100591715976
0,302.5,310.3,1549,40.9,170,0,No Failure,7.800000000000011,63354.1,0.2391812865497076
1,302.5,310.3,1447,39.2,172,0,No Failure,7.800000000000011,56722.4,0.22658959537572257
0,302.4,310.2,1400,53.7,175,0,No Failure,7.800000000000011,75180.0,0.30511363636363636
0,302.4,310.1,1401,48.8,177,0,No Failure,7.7000000000000455,68368.8,0.2741573033707865
2,302.4,310.1,1597,28.9,179,0,No Failure,7.7000000000000455,46153.299999999996,0.16055555555555553
0,302.3,310.1,1487,46.0,184,0,No Failure,7.800000000000011,68402.0,0.24864864864864866
1,302.5,310.3,1710,27.3,186,0,No Failure,7.800000000000011,46683.0,0.14598930481283423
0,302.6,310.4,1478,47.7,189,0,No Failure,7.7999999999999545,70500.6,0.25105263157894736
0,302.6,310.4,1743,26.3,191,0,No Failure,7.7999999999999545,45840.9,0.13697916666666668
0,302.6,310.5,1596,32.8,193,0,No Failure,7.899999999999977,52348.799999999996,0.1690721649484536
0,302.7,310.5,1642,30.8,195,0,No Failure,7.800000000000011,50573.6,0.15714285714285714
0,302.7,310.5,1263,67.8,197,1,Heat Dissipation Failure,7.800000000000011,85631.4,0.3424242424242424
0,302.8,310.6,2016,19.9,199,0,No Failure,7.800000000000011,40118.399999999994,0.09949999999999999
0,302.8,310.6,1671,30.5,201,0,No Failure,7.800000000000011,50965.5,0.15099009900990099
0,302.8,310.6,1404,43.2,203,0,No Failure,7.800000000000011,60652.8,0.21176470588235297
0,302.8,310.6,1470,41.1,205,0,No Failure,7.800000000000011,60417.0,0.19951456310679613
0,302.8,310.6,1617,37.9,207,0,No Failure,7.800000000000011,61284.299999999996,0.18221153846153845
0,302.7,310.5,1725,29.0,209,0,No Failure,7.800000000000011,50025.0,0.1380952380952381
0,302.7,310.5,1446,40.9,211,1,Tool Wear Failure,7.800000000000011,59141.4,0.19292452830188678
0,302.7,310.6,1564,34.3,0,0,No Failure,7.900000000000034,53645.2,34.3
0,302.8,310.6,1670,29.1,2,0,No Failure,7.800000000000011,48597.0,9.700000000000001
0,302.7,310.6,1501,48.7,4,0,No Failure,7.900000000000034,73098.7,9.74
0,302.7,310.5,1551,35.9,6,0,No Failure,7.800000000000011,55680.899999999994,5.128571428571428
0,302.7,310.5,1563,35.0,8,0,No Failure,7.800000000000011,54705.0,3.888888888888889
0,302.7,310.5,1351,41.8,10,1,Heat Dissipation Failure,7.800000000000011,56471.799999999996,3.8
0,302.6,310.4,1415,52.1,12,0,No Failure,7.7999999999999545,73721.5,4.007692307692308
0,302.6,310.3,1647,34.2,14,0,No Failure,7.699999999999989,56327.4,2.2800000000000002
0,302.5,310.2,1477,41.6,16,0,No Failure,7.699999999999989,61443.200000000004,2.447058823529412
0,302.6,310.2,1923,21.5,18,0,No Failure,7.599999999999966,41344.5,1.131578947368421
2,302.7,310.4,1305,55.2,20,1,Heat Dissipation Failure,7.699999999999989,72036.0,2.6285714285714286
1,302.6,310.4,1544,35.1,25,0,No Failure,7.7999999999999545,54194.4,1.35
2,302.7,310.5,1568,36.9,28,0,No Failure,7.800000000000011,57859.2,1.2724137931034483
0,302.7,310.4,1489,42.7,33,0,No Failure,7.699999999999989,63580.3,1.2558823529411764
1,302.6,310.4,1451,43.1,35,0,No Failure,7.7999999999999545,62538.1,1.1972222222222222
0,302.7,310.4,1542,35.7,38,0,No Failure,7.699999999999989,55049.4,0.9153846153846155
1,302.6,310.5,1965,20.2,40,0,No Failure,7.899999999999977,39693.0,0.4926829268292683
0,302.5,310.5,1436,36.5,43,0,No Failure,8.0,52414.0,0.8295454545454546
1,302.5,310.4,1509,37.6,45,0,No Failure,7.899999999999977,56738.4,0.8173913043478261
0,302.5,310.4,1487,40.2,48,0,No Failure,7.899999999999977,59777.4,0.8204081632653062
0,302.5,310.4,1967,20.3,50,0,No Failure,7.899999999999977,39930.1,0.39803921568627454
2,302.6,310.4,1409,53.3,52,0,No Failure,7.7999999999999545,75099.7,1.0056603773584905
1,302.6,310.5,1420,56.4,57,0,No Failure,7.899999999999977,80088.0,0.9724137931034482
0,302.7,310.5,1511,37.7,60,0,No Failure,7.800000000000011,56964.700000000004,0.618032786885246
2,302.6,310.4,1649,30.1,62,0,No Failure,7.7999999999999545,49634.9,0.4777777777777778
0,302.6,310.4,1359,57.2,67,1,Heat Dissipation Failure,7.7999999999999545,77734.8,0.8411764705882353
1,302.5,310.4,1605,36.0,69,0,No Failure,7.899999999999977,57780.0,0.5142857142857142
0,302.5,310.3,1523,36.0,72,0,No Failure,7.800000000000011,54828.0,0.4931506849315068
2,302.6,310.4,1614,36.0,74,0,No Failure,7.7999999999999545,58104.0,0.48
2,302.6,310.3,1721,27.4,79,0,No Failure,7.699999999999989,47155.399999999994,0.34249999999999997
0,302.6,310.4,1638,36.2,84,0,No Failure,7.7999999999999545,59295.600000000006,0.4258823529411765
0,302.5,310.2,1307,54.0,86,1,Heat Dissipation Failure,7.699999999999989,70578.0,0.6206896551724138
0,302.4,310.2,1642,28.3,88,0,No Failure,7.800000000000011,46468.6,0.31797752808988766
1,302.5,310.2,1751,30.5,90,0,No Failure,7.699999999999989,53405.5,0.33516483516483514
0,302.4,310.1,1645,31.6,93,0,No Failure,7.7000000000000455,51982.0,0.3361702127659575
0,302.4,310.1,1426,46.8,95,0,No Failure,7.7000000000000455,66736.8,0.4875
1,302.4,310.1,1520,36.6,97,0,No Failure,7.7000000000000455,55632.0,0.3734693877551021
0,302.4,310.1,1709,31.8,100,0,No Failure,7.7000000000000455,54346.200000000004,0.31485148514851485
0,302.4,310.0,1426,46.6,102,0,No Failure,7.600000000000023,66451.6,0.4524271844660194
0,302.4,310.1,1429,43.7,104,0,No Failure,7.7000000000000455,62447.3,0.4161904761904762
0,302.4,310.2,1346,62.4,106,1,Heat Dissipation Failure,7.800000000000011,83990.4,0.5831775700934579
0,302.5,310.2,1454,43.0,108,0,No Failure,7.699999999999989,62522.0,0.3944954128440367
1,302.5,310.3,1411,49.5,110,0,No Failure,7.800000000000011,69844.5,0.44594594594594594
0,302.4,310.3,1900,24.4,113,0,No Failure,7.900000000000034,46360.0,0.21403508771929824
0,302.4,310.3,1479,36.2,115,0,No Failure,7.900000000000034,53539.8,0.3120689655172414
0,302.5,310.4,1415,48.2,117,0,No Failure,7.899999999999977,68203.0,0.40847457627118644
0,302.5,310.3,1539,39.0,119,0,No Failure,7.800000000000011,60021.0,0.325
0,302.4,310.3,1520,31.6,121,0,No Failure,7.900000000000034,48032.0,0.25901639344262295
0,302.4,310.3,1480,45.8,123,0,No Failure,7.900000000000034,67784.0,0.3693548387096774
0,302.4,310.4,1666,29.7,125,0,No Failure,8.0,49480.2,0.2357142857142857
0,302.4,310.4,1456,47.6,127,0,No Failure,8.0,69305.6,0.371875
0,302.4,310.4,1865,23.9,129,0,No Failure,8.0,44573.5,0.18384615384615383
1,302.5,310.5,1918,21.6,131,0,No Failure,8.0,41428.8,0.16363636363636364
0,302.5,310.4,1488,48.4,134,0,No Failure,7.899999999999977,72019.2,0.3585185185185185
1,302.5,310.5,1527,38.8,136,0,No Failure,8.0,59247.6,0.2832116788321168
1,302.4,310.4,1463,42.2,139,0,No Failure,8.0,61738.600000000006,0.30142857142857143
0,302.4,310.4,1521,38.5,142,0,No Failure,8.0,58558.5,0.2692307692307692
1,302.4,310.5,1372,45.7,144,1,Heat Dissipation Failure,8.100000000000023,62700.4,0.31517241379310346
0,302.5,310.5,1507,39.5,147,0,No Failure,8.0,59526.5,0.2668918918918919
1,302.4,310.4,1586,34.3,149,0,No Failure,8.0,54399.799999999996,0.22866666666666666
0,302.5,310.4,1487,42.0,152,0,No Failure,7.899999999999977,62454.0,0.27450980392156865
0,302.5,310.5,1520,41.2,154,0,No Failure,8.0,62624.00000000001,0.2658064516129032
2,302.5,310.4,1422,41.9,156,0,No Failure,7.899999999999977,59581.799999999996,0.26687898089171974
1,302.4,310.3,1375,52.5,161,1,Heat Dissipation Failure,7.900000000000034,72187.5,0.32407407407407407
0,302.4,310.2,1633,28.0,164,0,No Failure,7.800000000000011,45724.0,0.1696969696969697
0,302.4,310.2,1503,36.2,166,0,No Failure,7.800000000000011,54408.600000000006,0.21676646706586827
0,302.4,310.2,1351,45.1,168,1,Heat Dissipation Failure,7.800000000000011,60930.1,0.2668639053254438
0,302.3,310.2,1548,35.3,170,0,No Failure,7.899999999999977,54644.399999999994,0.2064327485380117
0,302.4,310.3,1923,23.3,172,0,No Failure,7.900000000000034,44805.9,0.1346820809248555
0,302.5,310.3,1592,32.6,174,0,No Failure,7.800000000000011,51899.200000000004,0.1862857142857143
1,302.5,310.4,1580,35.6,176,0,No Failure,7.899999999999977,56248.0,0.20112994350282487
0,302.5,310.4,1427,46.8,179,0,No Failure,7.899999999999977,66783.59999999999,0.26
1,302.5,310.4,1581,32.7,181,0,No Failure,7.899999999999977,51698.700000000004,0.1796703296703297
1,302.6,310.5,1542,39.9,184,0,No Failure,7.899999999999977,61525.799999999996,0.21567567567567567
0,302.5,310.4,1349,55.1,187,1,Heat Dissipation Failure,7.899999999999977,74329.90000000001,0.29308510638297874
0,302.5,310.5,1463,43.0,189,0,No Failure,8.0,62909.0,0.22631578947368422
1,302.5,310.4,1429,43.2,191,0,No Failure,7.899999999999977,61732.8,0.225
1,302.5,310.4,1451,53.6,194,0,No Failure,7.899999999999977,77773.6,0.27487179487179486
0,302.6,310.5,1511,37.2,197,0,No Failure,7.899999999999977,56209.200000000004,0.1878787878787879
0,302.6,310.6,1549,37.5,199,0,No Failure,8.0,58087.5,0.1875
1,302.5,310.5,1507,40.2,201,0,No Failure,8.0,60581.4,0.19900990099009902
1,302.6,310.5,1524,33.7,204,0,No Failure,7.899999999999977,51358.8,0.16439024390243903
1,302.7,310.5,1880,22.7,207,0,No Failure,7.800000000000011,42676.0,0.10913461538461539
0,302.6,310.5,1461,45.4,0,0,No Failure,7.899999999999977,66329.4,45.4
0,302.6,310.5,1748,28.2,2,0,No Failure,7.899999999999977,49293.6,9.4
0,302.7,310.6,1690,26.7,4,0,No Failure,7.900000000000034,45123.0,5.34
1,302.7,310.6,1349,51.2,6,1,Heat Dissipation Failure,7.900000000000034,69068.8,7.314285714285715
0,302.7,310.6,1686,26.3,9,0,No Failure,7.900000000000034,44341.8,2.63
0,302.7,310.7,1369,47.5,11,1,Heat Dissipation Failure,8.0,65027.5,3.9583333333333335
0,302.7,310.7,1433,43.7,13,0,No Failure,8.0,62622.100000000006,3.1214285714285714
0,302.7,310.7,1597,41.9,15,0,No Failure,8.0,66914.3,2.61875
0,302.9,310.8,1610,32.2,17,0,No Failure,7.900000000000034,51842.00000000001,1.788888888888889
0,302.7,310.7,1398,57.7,19,0,No Failure,8.0,80664.6,2.8850000000000002
0,302.7,310.7,1977,20.0,21,0,No Failure,8.0,39540.0,0.9090909090909091
0,302.8,310.8,1516,39.5,23,0,No Failure,8.0,59882.0,1.6458333333333333
2,302.7,310.8,1275,55.0,25,1,Heat Dissipation Failure,8.100000000000023,70125.0,2.1153846153846154
0,302.8,310.8,1402,50.5,30,0,No Failure,8.0,70801.0,1.6290322580645162
1,302.8,310.8,1451,44.7,32,0,No Failure,8.0,64859.700000000004,1.3545454545454547
1,302.7,310.8,1555,36.1,35,0,No Failure,8.100000000000023,56135.5,1.0027777777777778
0,302.8,310.9,1636,35.0,38,0,No Failure,8.099999999999966,57260.0,0.8974358974358975
0,302.8,310.9,1312,52.2,40,1,Heat Dissipation Failure,8.099999999999966,68486.40000000001,1.273170731707317
0,302.8,310.9,1708,29.8,42,0,No Failure,8.099999999999966,50898.4,0.6930232558139535
1,302.9,311.0,1556,36.5,44,0,No Failure,8.100000000000023,56794.0,0.8111111111111111
2,302.8,311.0,1436,43.5,47,0,No Failure,8.199999999999989,62466.0,0.90625
1,302.9,311.0,1402,40.7,52,0,No Failure,8.100000000000023,57061.4,0.7679245283018868
1,302.9,311.0,1437,49.9,55,0,No Failure,8.100000000000023,71706.3,0.8910714285714285
1,302.9,311.1,1926,21.8,58,0,No Failure,8.200000000000045,41986.8,0.3694915254237288
0,303.0,311.2,1800,23.7,61,0,No Failure,8.199999999999989,42660.0,0.38225806451612904
0,303.0,311.2,1641,32.6,63,0,No Failure,8.199999999999989,53496.600000000006,0.509375
0,303.0,311.2,1374,48.2,65,1,Heat Dissipation Failure,8.199999999999989,66226.8,0.7303030303030303
0,303.0,311.2,1494,37.0,67,0,No Failure,8.199999999999989,55278.0,0.5441176470588235
0,303.0,311.2,1601,32.9,69,0,No Failure,8.199999999999989,52672.899999999994,0.47
0,302.9,311.2,1634,36.9,71,0,No Failure,8.300000000000011,60294.6,0.5125
1,302.9,311.2,1467,37.7,73,0,No Failure,8.300000000000011,55305.9,0.5094594594594595
0,302.8,311.1,1550,32.3,76,0,No Failure,8.300000000000011,50064.99999999999,0.41948051948051945
0,302.8,311.1,1563,32.2,78,0,No Failure,8.300000000000011,50328.600000000006,0.4075949367088608
0,302.7,310.9,1395,48.3,80,0,No Failure,8.199999999999989,67378.5,0.5962962962962962
1,302.8,311.0,1507,33.4,82,0,No Failure,8.199999999999989,50333.799999999996,0.40240963855421685
0,302.8,311.0,1564,38.5,85,0,No Failure,8.199999999999989,60214.0,0.4476744186046512
0,302.8,311.1,1721,30.0,87,0,No Failure,8.300000000000011,51630.0,0.3409090909090909
0,302.8,311.1,1456,36.1,89,0,No Failure,8.300000000000011,52561.6,0.40111111111111114
2,302.9,311.2,2102,17.8,91,0,No Failure,8.300000000000011,37415.6,0.19347826086956524
0,302.9,311.1,1555,33.9,96,0,No Failure,8.200000000000045,52714.5,0.3494845360824742
0,303.0,311.2,1409,41.9,98,0,No Failure,8.199999999999989,59037.1,0.42323232323232324
1,303.0,311.2,1387,41.4,100,0,No Failure,8.199999999999989,57421.799999999996,0.4099009900990099
1,303.0,311.2,1460,43.9,103,0,No Failure,8.199999999999989,64094.0,0.4221153846153846
0,303.0,311.2,1361,47.6,106,1,Heat Dissipation Failure,8.199999999999989,64783.6,0.44485981308411215
1,303.0,311.1,1490,43.0,108,0,No Failure,8.100000000000023,64070.0,0.3944954128440367
0,303.1,311.2,1399,49.2,111,0,No Failure,8.099999999999966,68830.8,0.43928571428571433
0,303.1,311.1,1420,55.8,113,0,No Failure,8.0,79236.0,0.4894736842105263
0,303.0,311.0,1359,44.2,115,1,Heat Dissipation Failure,8.0,60067.8,0.38103448275862073
1,303.0,311.1,1372,54.3,117,1,Heat Dissipation Failure,8.100000000000023,74499.59999999999,0.4601694915254237
1,303.0,311.0,1409,41.7,120,0,No Failure,8.0,58755.3,0.34462809917355375
2,302.9,311.0,1452,58.3,123,0,No Failure,8.100000000000023,84651.59999999999,0.47016129032258064
0,302.9,311.0,1820,24.6,128,0,No Failure,8.100000000000023,44772.0,0.19069767441860466
2,302.9,311.0,1469,48.7,130,0,No Failure,8.100000000000023,71540.3,0.3717557251908397
0,302.9,311.1,1556,45.3,135,0,No Failure,8.200000000000045,70486.79999999999,0.33308823529411763
0,303.0,311.1,1980,20.2,137,0,No Failure,8.100000000000023,39996.0,0.1463768115942029
1,303.0,311.2,1519,38.0,139,0,No Failure,8.199999999999989,57722.0,0.2714285714285714
0,303.0,311.2,1456,44.0,142,0,No Failure,8.199999999999989,64064.0,0.3076923076923077
0,303.1,311.2,1394,45.3,144,0,No Failure,8.099999999999966,63148.2,0.31241379310344825
0,303.0,311.3,1365,56.2,146,1,Heat Dissipation Failure,8.300000000000011,76713.0,0.38231292517006804
0,303.0,311.3,2194,16.5,148,0,No Failure,8.300000000000011,36201.0,0.11073825503355705
0,303.1,311.3,1403,55.6,150,0,No Failure,8.199999999999989,78006.8,0.36821192052980134
2,303.0,311.2,1503,37.0,152,0,No Failure,8.199999999999989,55611.0,0.24183006535947713
0,303.0,311.3,1793,29.3,157,0,No Failure,8.300000000000011,52534.9,0.18544303797468356
0,303.1,311.4,1829,24.5,159,0,No Failure,8.299999999999955,44810.5,0.153125
1,303.1,311.4,1831,23.3,161,0,No Failure,8.299999999999955,42662.3,0.14382716049382716
1,303.0,311.3,1335,53.6,164,1,Heat Dissipation Failure,8.300000000000011,71556.0,0.32484848484848483
2,303.1,311.3,2056,19.7,167,0,No Failure,8.199999999999989,40503.2,0.11726190476190476
0,303.1,311.3,1336,52.6,172,1,Heat Dissipation Failure,8.199999999999989,70273.6,0.3040462427745665
0,303.0,311.2,1341,51.0,174,1,Heat Dissipation Failure,8.199999999999989,68391.0,0.2914285714285714
1,303.0,311.1,1526,37.3,176,0,No Failure,8.100000000000023,56919.799999999996,0.21073446327683615
0,303.0,311.1,1525,40.7,179,0,No Failure,8.100000000000023,62067.50000000001,0.22611111111111112
1,303.0,311.1,1428,39.8,181,0,No Failure,8.100000000000023,56834.399999999994,0.21868131868131865
0,303.0,311.2,1511,45.7,184,0,No Failure,8.199999999999989,69052.7,0.24702702702702703
0,303.0,311.2,1664,29.8,186,0,No Failure,8.199999999999989,49587.200000000004,0.15935828877005348
1,303.0,311.2,1592,38.9,188,0,No Failure,8.199999999999989,61928.799999999996,0.20582010582010582
1,303.0,311.1,1597,36.7,191,0,No Failure,8.100000000000023,58609.9,0.19114583333333335
0,303.0,311.2,1735,26.1,194,0,No Failure,8.199999999999989,45283.5,0.13384615384615386
0,302.9,311.2,1751,23.8,196,0,No Failure,8.300000000000011,41673.8,0.12081218274111676
0,303.0,311.2,1383,44.6,198,0,No Failure,8.199999999999989,61681.8,0.2241206030150754
1,302.9,311.2,1330,53.7,200,1,Heat Dissipation Failure,8.300000000000011,71421.0,0.26716417910447765
0,303.0,311.2,1382,50.5,203,0,No Failure,8.199999999999989,69791.0,0.24754901960784315
0,303.0,311.2,1755,30.4,205,0,No Failure,8.199999999999989,53352.0,0.14757281553398058
1,303.0,311.2,1614,35.7,207,0,No Failure,8.199999999999989,57619.8,0.17163461538461539
0,303.0,311.3,1466,43.0,210,0,No Failure,8.300000000000011,63038.0,0.2037914691943128
1,303.1,311.3,1847,24.7,212,0,No Failure,8.199999999999989,45620.9,0.115962441314554
0,303.1,311.3,1474,34.8,215,0,No Failure,8.199999999999989,51295.2,0.1611111111111111
0,303.1,311.3,1657,31.8,217,0,No Failure,8.199999999999989,52692.6,0.14587155963302753
0,303.1,311.2,1435,40.1,219,0,No Failure,8.099999999999966,57543.5,0.18227272727272728
2,303.1,311.3,1494,42.7,221,0,No Failure,8.199999999999989,63793.8,0.19234234234234235
0,303.2,311.4,1238,54.6,226,1,Heat Dissipation Failure,8.199999999999989,67594.8,0.24052863436123348
0,303.2,311.4,1324,54.2,228,1,Heat Dissipation Failure,8.199999999999989,71760.8,0.2366812227074236
0,303.2,311.4,1514,41.2,230,0,No Failure,8.199999999999989,62376.8,0.17835497835497838
0,303.3,311.4,1732,25.6,232,0,No Failure,8.099999999999966,44339.200000000004,0.10987124463519314
0,303.3,311.4,1497,46.0,234,1,Tool Wear Failure,8.099999999999966,68862.0,0.19574468085106383
0,303.3,311.4,1958,21.5,0,0,No Failure,8.099999999999966,42097.0,21.5
0,303.3,311.4,1630,32.5,2,0,No Failure,8.099999999999966,52975.0,10.833333333333334
1,303.3,311.4,1395,59.1,4,0,No Failure,8.099999999999966,82444.5,11.82
0,303.3,311.4,1658,30.5,7,0,No Failure,8.099999999999966,50569.0,3.8125
0,303.2,311.4,1349,51.1,9,1,Heat Dissipation Failure,8.199999999999989,68933.90000000001,5.11
0,303.1,311.2,1452,52.9,11,0,No Failure,8.099999999999966,76810.8,4.408333333333333
1,303.1,311.1,1594,35.5,13,0,No Failure,8.0,56587.0,2.5357142857142856
1,303.1,311.0,1510,47.6,16,0,No Failure,7.899999999999977,71876.0,2.8000000000000003
0,303.1,311.1,1854,22.6,19,0,No Failure,8.0,41900.4,1.1300000000000001
0,303.1,311.2,1626,32.3,21,0,No Failure,8.099999999999966,52519.799999999996,1.468181818181818
0,303.1,311.2,1628,35.2,23,0,No Failure,8.099999999999966,57305.600000000006,1.4666666666666668
0,303.1,311.2,1679,34.8,25,0,No Failure,8.099999999999966,58429.2,1.3384615384615384
1,303.1,311.2,1489,44.5,27,0,No Failure,8.099999999999966,66260.5,1.5892857142857142
0,303.2,311.2,1439,43.9,30,0,No Failure,8.0,63172.1,1.4161290322580644
0,303.3,311.3,1350,48.1,32,1,Heat Dissipation Failure,8.0,64935.0,1.4575757575757575
2,303.3,311.2,1607,31.7,34,0,No Failure,7.899999999999977,50941.9,0.9057142857142857
0,303.3,311.3,1389,53.9,39,0,No Failure,8.0,74867.09999999999,1.3475
1,303.3,311.3,1566,46.1,41,0,No Failure,8.0,72192.6,1.0976190476190477
1,303.4,311.4,1307,54.0,44,1,Heat Dissipation Failure,8.0,70578.0,1.2
1,303.3,311.5,1569,36.6,47,0,No Failure,8.199999999999989,57425.4,0.7625000000000001
2,303.3,311.4,1651,30.6,50,0,No Failure,8.099999999999966,50520.600000000006,0.6
2,303.3,311.4,1692,27.9,55,0,No Failure,8.099999999999966,47206.799999999996,0.49821428571428567
1,303.3,311.5,1373,47.3,60,1,Heat Dissipation Failure,8.199999999999989,64942.899999999994,0.7754098360655737
0,303.2,311.4,1610,35.5,63,0,No Failure,8.199999999999989,57155.0,0.5546875
0,303.3,311.4,1511,43.4,65,0,No Failure,8.099999999999966,65577.4,0.6575757575757576
0,303.3,311.5,1412,55.6,67,0,No Failure,8.199999999999989,78507.2,0.8176470588235294
0,303.4,311.5,1501,36.2,69,0,No Failure,8.100000000000023,54336.200000000004,0.5171428571428572
0,303.4,311.5,1414,44.8,71,0,No Failure,8.100000000000023,63347.2,0.6222222222222222
2,303.5,311.5,1629,33.5,73,0,No Failure,8.0,54571.5,0.4527027027027027
0,303.4,311.5,1879,21.3,78,0,No Failure,8.100000000000023,40022.700000000004,0.26962025316455696
2,303.5,311.6,1466,47.0,80,0,No Failure,8.100000000000023,68902.0,0.5802469135802469
2,303.6,311.7,1476,40.1,85,0,No Failure,8.099999999999966,59187.6,0.4662790697674419
0,303.6,311.8,1695,30.7,90,0,No Failure,8.199999999999989,52036.5,0.33736263736263733
0,303.6,311.7,1491,39.8,92,0,No Failure,8.099999999999966,59341.799999999996,0.4279569892473118
1,303.6,311.8,1659,34.7,94,0,No Failure,8.199999999999989,57567.3,0.36526315789473685
0,303.6,311.8,1567,31.7,97,0,No Failure,8.199999999999989,49673.9,0.32346938775510203
0,303.6,311.8,1736,32.9,99,0,No Failure,8.199999999999989,57114.399999999994,0.32899999999999996
1,303.6,311.8,1421,44.8,101,1,Unknown Failure,8.199999999999989,63660.799999999996,0.4392156862745098
1,303.6,311.8,1627,30.8,104,0,No Failure,8.199999999999989,50111.6,0.29333333333333333
1,303.5,311.6,1562,34.2,107,0,No Failure,8.100000000000023,53420.4,0.3166666666666667
0,303.5,311.6,2183,17.0,110,0,No Failure,8.100000000000023,37111.0,0.15315315315315314
0,303.5,311.6,1577,38.1,112,0,No Failure,8.100000000000023,60083.700000000004,0.33716814159292036
1,303.4,311.5,1560,36.4,114,0,No Failure,8.100000000000023,56784.0,0.31652173913043474
1,303.4,311.5,1483,43.0,117,0,No Failure,8.100000000000023,63769.0,0.3644067796610169
0,303.5,311.5,1535,33.3,120,0,No Failure,8.0,51115.49999999999,0.2752066115702479
1,303.4,311.4,1606,29.6,122,0,No Failure,8.0,47537.600000000006,0.24065040650406505
1,303.4,311.5,1817,24.7,125,0,No Failure,8.100000000000023,44879.9,0.19603174603174603
0,303.4,311.5,1424,50.8,128,0,No Failure,8.100000000000023,72339.2,0.39379844961240307
0,303.3,311.6,1514,34.7,130,0,No Failure,8.300000000000011,52535.8,0.2648854961832061
0,303.4,311.6,1449,41.7,132,0,No Failure,8.200000000000045,60423.3,0.31353383458646616
1,303.5,311.6,1573,34.0,134,0,No Failure,8.100000000000023,53482.0,0.2518518518518518
0,303.4,311.6,1564,41.9,137,0,No Failure,8.200000000000045,65531.6,0.3036231884057971
0,303.5,311.6,1428,46.2,139,0,No Failure,8.100000000000023,65973.6,0.33
0,303.5,311.7,1620,31.0,141,0,No Failure,8.199999999999989,50220.0,0.21830985915492956
2,303.5,311.7,1584,32.7,143,0,No Failure,8.199999999999989,51796.8,0.22708333333333336
0,303.6,311.8,1222,66.8,148,1,Heat Dissipation Failure,8.199999999999989,81629.59999999999,0.4483221476510067
1,303.6,311.8,1432,42.5,150,0,No Failure,8.199999999999989,60860.0,0.2814569536423841
0,303.7,311.9,1561,33.3,153,0,No Failure,8.199999999999989,51981.299999999996,0.21623376623376622
0,303.6,311.8,1614,33.2,155,0,No Failure,8.199999999999989,53584.8,0.21282051282051284
0,303.5,311.7,1959,22.3,157,0,No Failure,8.199999999999989,43685.700000000004,0.14113924050632912
0,303.5,311.8,1944,23.5,159,0,No Failure,8.300000000000011,45684.0,0.146875
0,303.4,311.7,1793,25.8,161,0,No Failure,8.300000000000011,46259.4,0.15925925925925927
1,303.4,311.6,1446,50.0,163,0,No Failure,8.200000000000045,72300.0,0.3048780487804878
0,303.4,311.7,1673,32.2,166,0,No Failure,8.300000000000011,53870.600000000006,0.19281437125748505
1,303.4,311.7,1515,44.2,168,0,No Failure,8.300000000000011,66963.0,0.26153846153846155
0,303.4,311.8,1564,35.9,171,0,No Failure,8.400000000000034,56147.6,0.20872093023255814
0,303.5,311.8,1451,45.2,173,0,No Failure,8.300000000000011,65585.2,0.2597701149425288
2,303.4,311.8,1693,28.3,175,0,No Failure,8.400000000000034,47911.9,0.16079545454545455
0,303.4,311.7,1476,42.3,180,0,No Failure,8.300000000000011,62434.799999999996,0.23370165745856353
0,303.4,311.6,1712,30.1,182,0,No Failure,8.200000000000045,51531.200000000004,0.1644808743169399
1,303.4,311.6,1425,45.4,184,0,No Failure,8.200000000000045,64695.0,0.2454054054054054
0,303.3,311.6,1337,56.8,187,1,Heat Dissipation Failure,8.300000000000011,75941.59999999999,0.3021276595744681
1,303.4,311.7,1690,34.9,189,0,No Failure,8.300000000000011,58981.0,0.18368421052631578
1,303.4,311.7,1353,44.1,192,1,Heat Dissipation Failure,8.300000000000011,59667.3,0.22849740932642487
0,303.5,311.8,1927,21.9,195,0,No Failure,8.300000000000011,42201.299999999996,0.11173469387755101
1,303.4,311.8,1391,42.7,197,0,No Failure,8.400000000000034,59395.700000000004,0.21565656565656566
0,303.4,311.8,1366,50.9,200,1,Heat Dissipation Failure,8.400000000000034,69529.4,0.2532338308457711
0,303.4,311.9,1771,31.6,202,0,No Failure,8.5,55963.600000000006,0.15566502463054188
1,303.4,311.8,1515,42.6,204,0,No Failure,8.400000000000034,64539.0,0.2078048780487805
1,303.4,311.8,2133,18.3,207,0,No Failure,8.400000000000034,39033.9,0.08798076923076924
1,303.4,311.8,1341,47.0,210,1,Heat Dissipation Failure,8.400000000000034,63027.0,0.22274881516587677
0,303.4,311.7,1406,47.1,213,0,No Failure,8.300000000000011,66222.6,0.22009345794392524
0,303.4,311.8,1306,61.0,215,1,Heat Dissipation Failure,8.400000000000034,79666.0,0.2824074074074074
0,303.3,311.7,1508,35.5,217,0,No Failure,8.399999999999977,53534.0,0.1628440366972477
0,303.3,311.6,1301,45.1,219,1,Heat Dissipation Failure,8.300000000000011,58675.1,0.20500000000000002
0,303.3,311.7,1539,38.5,221,0,No Failure,8.399999999999977,59251.5,0.17342342342342343
0,303.3,311.6,1484,44.6,223,0,No Failure,8.300000000000011,66186.40000000001,0.19910714285714287
0,303.2,311.5,1507,39.2,225,0,No Failure,8.300000000000011,59074.4,0.17345132743362834
0,303.2,311.5,1544,42.5,227,0,No Failure,8.300000000000011,65620.0,0.18640350877192982
0,303.2,311.5,1513,37.9,0,0,No Failure,8.300000000000011,57342.7,37.9
1,303.2,311.5,1336,58.2,2,1,Heat Dissipation Failure,8.300000000000011,77755.2,19.400000000000002
1,303.2,311.4,2102,19.0,5,0,No Failure,8.199999999999989,39938.0,3.1666666666666665
0,303.2,311.4,1351,53.8,8,1,Heat Dissipation Failure,8.199999999999989,72683.8,5.977777777777778
0,303.3,311.5,1601,35.2,10,0,No Failure,8.199999999999989,56355.200000000004,3.2
0,303.2,311.3,1393,52.9,12,0,No Failure,8.100000000000023,73689.7,4.069230769230769
0,303.3,311.3,1592,33.7,14,0,No Failure,8.0,53650.4,2.246666666666667
0,303.3,311.3,1409,51.8,16,0,No Failure,8.0,72986.2,3.0470588235294116
0,303.3,311.3,1393,47.4,18,0,No Failure,8.0,66028.2,2.494736842105263
2,303.2,311.2,1475,43.1,20,0,No Failure,8.0,63572.5,2.0523809523809526
0,303.2,311.2,1427,45.6,25,0,No Failure,8.0,65071.200000000004,1.7538461538461538
0,303.3,311.2,1763,27.3,27,0,No Failure,7.899999999999977,48129.9,0.975
0,303.2,311.2,1363,46.7,29,1,Heat Dissipation Failure,8.0,63652.100000000006,1.5566666666666669
0,303.2,311.2,1404,50.9,31,0,No Failure,8.0,71463.59999999999,1.590625
1,303.2,311.2,1688,31.9,33,0,No Failure,8.0,53847.2,0.9382352941176471
0,303.3,311.4,1510,37.3,36,0,No Failure,8.099999999999966,56322.99999999999,1.008108108108108
2,303.3,311.3,1502,39.5,38,0,No Failure,8.0,59329.0,1.0128205128205128
2,303.2,311.4,1607,36.6,43,0,No Failure,8.199999999999989,58816.200000000004,0.8318181818181819
1,303.3,311.5,1384,54.8,48,0,No Failure,8.199999999999989,75843.2,1.1183673469387754
0,303.4,311.7,1295,51.3,51,1,Heat Dissipation Failure,8.300000000000011,66433.5,0.9865384615384615
2,303.4,311.7,1991,19.0,53,0,No Failure,8.300000000000011,37829.0,0.35185185185185186
0,303.4,311.6,1497,42.8,58,0,No Failure,8.200000000000045,64071.6,0.7254237288135593
0,303.5,311.6,1465,48.7,60,0,No Failure,8.100000000000023,71345.5,0.798360655737705
0,303.5,311.6,1361,46.5,62,1,Heat Dissipation Failure,8.100000000000023,63286.5,0.7380952380952381
0,303.6,311.7,1546,38.5,64,0,No Failure,8.099999999999966,59521.0,0.5923076923076923
2,303.7,311.9,1332,52.7,66,1,Heat Dissipation Failure,8.199999999999989,70196.40000000001,0.7865671641791045
1,303.7,312.0,2663,11.4,71,1,Power Failure,8.300000000000011,30358.2,0.15833333333333333
0,303.7,312.1,1443,45.9,74,0,No Failure,8.400000000000034,66233.7,0.612
1,303.7,312.0,1402,48.6,76,0,No Failure,8.300000000000011,68137.2,0.6311688311688312
0,303.7,312.0,1892,22.5,79,0,No Failure,8.300000000000011,42570.0,0.28125
1,303.6,312.0,1645,35.7,81,0,No Failure,8.399999999999977,58726.50000000001,0.43536585365853664
0,303.6,311.9,1473,50.1,84,0,No Failure,8.299999999999955,73797.3,0.5894117647058824
0,303.6,312.0,1309,52.9,86,1,Heat Dissipation Failure,8.399999999999977,69246.09999999999,0.6080459770114942
2,303.6,311.9,1544,37.1,88,0,No Failure,8.299999999999955,57282.4,0.41685393258426967
0,303.5,311.9,1344,49.3,93,1,Heat Dissipation Failure,8.399999999999977,66259.2,0.524468085106383
1,303.6,311.9,1617,36.0,95,0,No Failure,8.299999999999955,58212.0,0.375
1,303.6,312.0,1435,37.9,98,0,No Failure,8.399999999999977,54386.5,0.3828282828282828
0,303.6,312.0,1391,50.3,101,0,No Failure,8.399999999999977,69967.3,0.49313725490196075
0,303.6,312.0,1827,23.3,103,0,No Failure,8.399999999999977,42569.1,0.22403846153846155
0,303.5,312.0,1761,25.8,105,0,No Failure,8.5,45433.8,0.24339622641509434
0,303.5,312.1,1522,36.4,107,0,No Failure,8.600000000000023,55400.799999999996,0.337037037037037
1,303.5,312.2,1818,23.6,109,0,No Failure,8.699999999999989,42904.8,0.21454545454545457
2,303.6,312.2,1371,54.6,112,1,Heat Dissipation Failure,8.599999999999966,74856.6,0.4831858407079646
0,303.7,312.3,1511,38.9,117,0,No Failure,8.600000000000023,58777.9,0.3296610169491525
0,303.7,312.4,1404,46.6,119,0,No Failure,8.699999999999989,65426.4,0.38833333333333336
0,303.7,312.3,1384,45.9,121,0,No Failure,8.600000000000023,63525.6,0.3762295081967213
0,303.8,312.5,1368,52.6,123,0,No Failure,8.699999999999989,71956.8,0.4241935483870968
0,303.7,312.5,1641,36.0,125,0,No Failure,8.800000000000011,59076.0,0.2857142857142857
0,303.9,312.6,1642,32.3,127,0,No Failure,8.700000000000045,53036.6,0.25234375
2,303.9,312.7,1401,50.0,129,0,No Failure,8.800000000000011,70050.0,0.38461538461538464
0,303.8,312.6,1577,41.3,134,0,No Failure,8.800000000000011,65130.1,0.3059259259259259
0,303.7,312.6,1396,44.1,136,0,No Failure,8.900000000000034,61563.6,0.3218978102189781
2,303.7,312.6,1514,35.5,138,0,No Failure,8.900000000000034,53747.0,0.25539568345323743
0,303.8,312.8,1646,35.8,143,0,No Failure,9.0,58926.799999999996,0.2486111111111111
0,303.8,312.8,1443,40.7,145,0,No Failure,9.0,58730.100000000006,0.2787671232876712
1,303.7,312.7,1469,48.5,147,0,No Failure,9.0,71246.5,0.3277027027027027
2,303.7,312.7,1564,40.2,150,0,No Failure,9.0,62872.8,0.2662251655629139
2,303.6,312.6,1498,40.2,155,0,No Failure,9.0,60219.600000000006,0.2576923076923077
0,303.6,312.6,1699,27.9,160,0,No Failure,9.0,47402.1,0.1732919254658385
0,303.6,312.5,1431,49.0,162,0,No Failure,8.899999999999977,70119.0,0.3006134969325153
0,303.5,312.4,1390,47.3,164,0,No Failure,8.899999999999977,65747.0,0.2866666666666666
0,303.5,312.5,1380,46.1,166,0,No Failure,9.0,63618.0,0.2760479041916168
0,303.5,312.5,1457,46.4,168,0,No Failure,9.0,67604.8,0.27455621301775146
0,303.5,312.5,1418,42.2,170,0,No Failure,9.0,59839.600000000006,0.24678362573099416
1,303.5,312.5,1353,51.0,172,0,No Failure,9.0,69003.0,0.2947976878612717
0,303.5,312.4,1574,32.7,175,0,No Failure,8.899999999999977,51469.8,0.18579545454545457
1,303.5,312.4,1318,54.2,177,0,No Failure,8.899999999999977,71435.6,0.3044943820224719
0,303.6,312.5,1710,31.4,180,0,No Failure,8.899999999999977,53694.0,0.1734806629834254
0,303.7,312.6,1621,38.8,182,0,No Failure,8.900000000000034,62894.799999999996,0.21202185792349726
0,303.6,312.6,1606,33.6,184,0,No Failure,9.0,53961.600000000006,0.18162162162162163
2,303.6,312.5,1375,54.0,186,0,No Failure,8.899999999999977,74250.0,0.2887700534759358
0,303.5,312.4,1503,36.5,191,0,No Failure,8.899999999999977,54859.5,0.19010416666666666
0,303.5,312.3,1404,48.6,193,0,No Failure,8.800000000000011,68234.40000000001,0.25051546391752577
0,303.4,312.2,1656,32.7,195,0,No Failure,8.800000000000011,54151.200000000004,0.16683673469387755
1,303.4,312.1,1499,39.4,197,0,No Failure,8.700000000000045,59060.6,0.198989898989899
1,303.4,312.0,1748,28.4,200,0,No Failure,8.600000000000023,49643.2,0.14129353233830846
0,303.4,311.9,1531,37.9,203,0,No Failure,8.5,58024.9,0.1857843137254902
1,303.3,311.8,1536,40.6,205,0,No Failure,8.5,62361.600000000006,0.19708737864077672
0,303.4,311.8,1401,53.0,208,1,Overstrain Failure,8.400000000000034,74253.0,0.2535885167464115
2,303.4,311.9,1534,33.2,210,0,No Failure,8.5,50928.8,0.15734597156398106
0,303.4,312.0,1521,35.9,215,1,Tool Wear Failure,8.600000000000023,54603.9,0.1662037037037037
0,303.5,312.1,1674,30.8,0,0,No Failure,8.600000000000023,51559.200000000004,30.8
1,303.6,312.1,1967,20.9,2,0,No Failure,8.5,41110.299999999996,6.966666666666666
0,303.6,312.2,1696,30.7,5,0,No Failure,8.599999999999966,52067.2,5.116666666666666
1,303.6,312.1,1627,32.5,7,0,No Failure,8.5,52877.5,4.0625
0,303.5,311.9,1405,45.6,10,0,No Failure,8.399999999999977,64068.0,4.1454545454545455
0,303.5,311.9,1565,38.9,12,0,No Failure,8.399999999999977,60878.5,2.9923076923076923
0,303.5,311.9,1493,38.7,14,0,No Failure,8.399999999999977,57779.100000000006,2.58
0,303.4,311.8,1499,45.0,16,0,No Failure,8.400000000000034,67455.0,2.6470588235294117
0,303.3,311.8,1692,30.6,18,0,No Failure,8.5,51775.200000000004,1.6105263157894738
0,303.4,311.8,2268,15.8,20,0,No Failure,8.400000000000034,35834.4,0.7523809523809524
0,303.4,311.8,1438,58.9,22,0,No Failure,8.400000000000034,84698.2,2.5608695652173914
0,303.5,311.9,1515,39.2,24,0,No Failure,8.399999999999977,59388.00000000001,1.568
0,303.4,311.9,1491,38.2,26,0,No Failure,8.5,56956.200000000004,1.414814814814815
0,303.5,312.0,1756,29.7,28,0,No Failure,8.5,52153.2,1.0241379310344827
0,303.5,312.0,1366,54.5,30,1,Heat Dissipation Failure,8.5,74447.0,1.7580645161290323
0,303.5,312.0,1436,45.1,32,0,No Failure,8.5,64763.6,1.3666666666666667
0,303.4,311.9,1377,41.6,34,1,Heat Dissipation Failure,8.5,57283.200000000004,1.1885714285714286
1,303.4,311.9,1510,42.2,36,0,No Failure,8.5,63722.00000000001,1.1405405405405407
1,303.4,311.9,1419,50.9,39,0,No Failure,8.5,72227.09999999999,1.2725
0,303.3,311.8,1315,62.0,42,1,Heat Dissipation Failure,8.5,81530.0,1.441860465116279
2,303.3,311.8,1806,27.7,44,0,No Failure,8.5,50026.2,0.6155555555555555
2,303.3,311.8,1649,29.4,49,0,No Failure,8.5,48480.6,0.588
2,303.4,311.9,1402,50.0,54,0,No Failure,8.5,70100.0,0.9090909090909091
0,303.4,311.9,1298,63.9,59,1,Heat Dissipation Failure,8.5,82942.2,1.065
1,303.3,311.8,1441,44.9,61,0,No Failure,8.5,64700.9,0.7241935483870967
1,303.3,311.8,1489,49.4,64,0,No Failure,8.5,73556.59999999999,0.76
0,303.3,311.8,1842,24.5,67,0,No Failure,8.5,45129.0,0.3602941176470588
1,303.4,311.8,1316,50.9,69,1,Heat Dissipation Failure,8.400000000000034,66984.4,0.7271428571428571
1,303.3,311.8,1583,33.3,72,0,No Failure,8.5,52713.899999999994,0.4561643835616438
1,303.3,311.8,1548,33.5,75,0,No Failure,8.5,51858.0,0.4407894736842105
0,303.4,311.9,1434,44.6,78,0,No Failure,8.5,63956.4,0.5645569620253165
2,303.5,312.0,1397,52.9,80,0,No Failure,8.5,73901.3,0.6530864197530865
1,303.5,312.0,1475,42.9,85,0,No Failure,8.5,63277.5,0.49883720930232556
0,303.5,312.0,1441,56.8,88,0,No Failure,8.5,81848.8,0.6382022471910112
0,303.7,312.1,1363,51.8,90,1,Heat Dissipation Failure,8.400000000000034,70603.4,0.5692307692307692
0,303.7,312.2,1619,34.9,92,0,No Failure,8.5,56503.1,0.37526881720430105
0,303.7,312.2,1487,34.0,94,0,No Failure,8.5,50558.0,0.35789473684210527
0,303.7,312.2,1568,33.8,96,0,No Failure,8.5,52998.399999999994,0.34845360824742266
0,303.7,312.3,1375,46.2,98,0,No Failure,8.600000000000023,63525.00000000001,0.4666666666666667
1,303.6,312.3,1698,31.3,100,0,No Failure,8.699999999999989,53147.4,0.3099009900990099
0,303.7,312.3,1606,37.4,103,0,No Failure,8.600000000000023,60064.399999999994,0.3596153846153846
0,303.7,312.3,1349,51.0,105,0,No Failure,8.600000000000023,68799.0,0.4811320754716981
0,303.7,312.4,1535,38.6,107,0,No Failure,8.699999999999989,59251.0,0.3574074074074074
1,303.6,312.4,1504,49.5,109,0,No Failure,8.799999999999955,74448.0,0.45
0,303.5,312.3,1946,21.1,112,0,No Failure,8.800000000000011,41060.600000000006,0.18672566371681418
0,303.5,312.1,1326,55.7,114,0,No Failure,8.600000000000023,73858.2,0.48434782608695653
1,303.6,312.3,1915,22.3,116,0,No Failure,8.699999999999989,42704.5,0.19059829059829062
0,303.6,312.3,1451,43.4,119,0,No Failure,8.699999999999989,62973.4,0.36166666666666664
1,303.5,312.3,1624,34.8,121,0,No Failure,8.800000000000011,56515.2,0.2852459016393442
0,303.6,312.4,1781,28.7,124,0,No Failure,8.799999999999955,51114.7,0.2296
0,303.6,312.5,1345,54.1,126,0,No Failure,8.899999999999977,72764.5,0.4259842519685039
0,303.6,312.4,1418,46.0,128,0,No Failure,8.799999999999955,65228.0,0.35658914728682173
0,303.7,312.4,1718,26.5,130,0,No Failure,8.699999999999989,45527.0,0.20229007633587787
1,303.7,312.4,1631,28.5,132,0,No Failure,8.699999999999989,46483.5,0.21428571428571427
0,303.7,312.4,1513,40.1,135,0,No Failure,8.699999999999989,60671.3,0.2948529411764706
0,303.7,312.4,1316,59.3,137,0,No Failure,8.699999999999989,78038.8,0.42971014492753623
1,303.7,312.4,1474,38.8,139,0,No Failure,8.699999999999989,57191.2,0.27714285714285714
0,303.8,312.5,1619,30.9,142,0,No Failure,8.699999999999989,50027.1,0.21608391608391608
0,303.7,312.4,1702,31.2,144,0,No Failure,8.699999999999989,53102.4,0.21517241379310345
1,303.7,312.4,1540,37.4,146,0,No Failure,8.699999999999989,57596.0,0.254421768707483
1,303.7,312.4,1546,33.7,149,0,No Failure,8.699999999999989,52100.200000000004,0.22466666666666668
0,303.7,312.4,1348,51.0,152,0,No Failure,8.699999999999989,68748.0,0.3333333333333333
2,303.7,312.5,1520,35.6,154,0,No Failure,8.800000000000011,54112.0,0.2296774193548387
1,303.8,312.6,1527,41.9,159,0,No Failure,8.800000000000011,63981.299999999996,0.26187499999999997
1,303.8,312.6,1406,47.1,162,0,No Failure,8.800000000000011,66222.6,0.2889570552147239
0,303.7,312.5,1462,46.2,165,0,No Failure,8.800000000000011,67544.40000000001,0.27831325301204823
1,303.8,312.6,1684,29.3,167,0,No Failure,8.800000000000011,49341.200000000004,0.1744047619047619
2,303.8,312.5,1655,28.0,170,0,No Failure,8.699999999999989,46340.0,0.16374269005847952
2,303.8,312.5,1748,25.1,175,0,No Failure,8.699999999999989,43874.8,0.14261363636363636
0,303.8,312.5,1372,45.7,180,0,No Failure,8.699999999999989,62700.4,0.25248618784530386
0,303.7,312.5,1481,33.3,182,0,No Failure,8.800000000000011,49317.299999999996,0.18196721311475408
0,303.7,312.4,1512,39.2,184,0,No Failure,8.699999999999989,59270.4,0.21189189189189192
0,303.7,312.5,1632,36.6,186,0,No Failure,8.800000000000011,59731.200000000004,0.19572192513368986
0,303.7,312.4,1525,43.9,188,0,No Failure,8.699999999999989,66947.5,0.23227513227513227
1,303.7,312.3,1756,26.4,190,0,No Failure,8.600000000000023,46358.399999999994,0.1382198952879581
0,303.7,312.3,1922,23.1,193,0,No Failure,8.600000000000023,44398.200000000004,0.11907216494845362
1,303.8,312.5,1448,44.3,195,0,No Failure,8.699999999999989,64146.399999999994,0.2260204081632653
2,303.8,312.5,1447,46.6,198,0,No Failure,8.699999999999989,67430.2,0.23417085427135678
1,303.8,312.4,1597,33.4,203,0,No Failure,8.599999999999966,53339.799999999996,0.16372549019607843
1,303.7,312.4,1642,32.3,206,0,No Failure,8.699999999999989,53036.6,0.15603864734299516
2,303.8,312.5,1525,38.0,209,0,No Failure,8.699999999999989,57950.0,0.18095238095238095
2,303.6,312.4,1460,53.7,214,0,No Failure,8.799999999999955,78402.0,0.24976744186046512
0,303.6,312.3,2168,17.7,219,0,No Failure,8.699999999999989,38373.6,0.08045454545454545
0,303.6,312.4,1388,41.9,221,0,No Failure,8.799999999999955,58157.2,0.18873873873873873
1,303.6,312.3,1630,32.4,223,0,No Failure,8.699999999999989,52812.0,0.14464285714285713
0,303.6,312.3,1616,29.3,226,0,No Failure,8.699999999999989,47348.8,0.1290748898678414
0,303.6,312.4,2232,16.8,0,0,No Failure,8.799999999999955,37497.6,16.8
2,303.6,312.4,1480,50.7,2,0,No Failure,8.799999999999955,75036.0,16.900000000000002
0,303.6,312.4,1363,53.1,7,0,No Failure,8.799999999999955,72375.3,6.6375
2,303.6,312.4,1436,45.6,9,0,No Failure,8.799999999999955,65481.6,4.5600000000000005
1,303.6,312.5,1607,33.7,14,0,No Failure,8.899999999999977,54155.9,2.246666666666667
1,303.6,312.5,1459,48.2,17,0,No Failure,8.899999999999977,70323.8,2.677777777777778
0,303.5,312.4,1481,43.7,20,0,No Failure,8.899999999999977,64719.700000000004,2.080952380952381
1,303.5,312.4,1606,31.7,22,0,No Failure,8.899999999999977,50910.2,1.3782608695652174
0,303.5,312.3,1681,29.8,25,0,No Failure,8.800000000000011,50093.8,1.146153846153846
0,303.5,312.2,1511,37.1,27,0,No Failure,8.699999999999989,56058.1,1.325
1,303.5,312.3,1593,35.2,29,0,No Failure,8.800000000000011,56073.600000000006,1.1733333333333333
1,303.5,312.3,1532,41.7,32,0,No Failure,8.800000000000011,63884.4,1.2636363636363637
2,303.5,312.3,1386,49.0,35,0,No Failure,8.800000000000011,67914.0,1.3611111111111112
2,303.4,312.3,1769,27.9,40,0,No Failure,8.900000000000034,49355.1,0.6804878048780487
1,303.4,312.2,1561,38.2,45,0,No Failure,8.800000000000011,59630.200000000004,0.8304347826086957
0,303.3,312.2,1457,40.7,48,0,No Failure,8.899999999999977,59299.9,0.8306122448979593
0,303.3,312.2,1506,40.0,50,0,No Failure,8.899999999999977,60240.0,0.7843137254901961
0,303.4,312.2,1337,69.4,52,1,Power Failure,8.800000000000011,92787.8,1.309433962264151
0,303.4,312.3,1287,54.8,54,0,No Failure,8.900000000000034,70527.59999999999,0.9963636363636363
1,303.4,312.2,1615,35.7,56,0,No Failure,8.800000000000011,57655.50000000001,0.6263157894736843
1,303.4,312.2,1972,23.5,59,0,No Failure,8.800000000000011,46342.0,0.39166666666666666
2,303.4,312.3,1522,42.1,62,0,No Failure,8.900000000000034,64076.200000000004,0.6682539682539683
0,303.4,312.3,1680,30.6,67,0,No Failure,8.900000000000034,51408.0,0.45
0,303.4,312.3,1502,36.0,69,0,No Failure,8.900000000000034,54072.0,0.5142857142857142
1,303.5,312.3,1543,33.3,71,0,No Failure,8.800000000000011,51381.899999999994,0.46249999999999997
0,303.5,312.3,1584,35.2,74,0,No Failure,8.800000000000011,55756.8,0.4693333333333334
0,303.5,312.4,1340,44.5,76,0,No Failure,8.899999999999977,59630.0,0.577922077922078
0,303.4,312.3,1663,33.9,78,0,No Failure,8.900000000000034,56375.7,0.42911392405063287
1,303.3,312.1,1693,30.0,80,0,No Failure,8.800000000000011,50790.0,0.37037037037037035
0,303.3,312.1,1418,44.7,83,0,No Failure,8.800000000000011,63384.600000000006,0.5321428571428571
2,303.4,312.2,1554,36.8,85,0,No Failure,8.800000000000011,57187.2,0.42790697674418604
0,303.4,312.2,1580,35.8,90,0,No Failure,8.800000000000011,56563.99999999999,0.3934065934065934
0,303.4,312.3,1479,42.8,92,0,No Failure,8.900000000000034,63301.2,0.46021505376344085
0,303.5,312.4,1284,70.6,94,1,Power Failure,8.899999999999977,90650.4,0.743157894736842
0,303.4,312.3,1540,38.7,96,0,No Failure,8.900000000000034,59598.00000000001,0.3989690721649485
1,303.5,312.4,1606,30.1,98,0,No Failure,8.899999999999977,48340.600000000006,0.30404040404040406
0,303.6,312.5,1286,62.4,101,0,No Failure,8.899999999999977,80246.4,0.6117647058823529
0,303.6,312.6,1502,39.5,103,0,No Failure,9.0,59329.0,0.3798076923076923
1,303.6,312.7,1699,31.5,105,0,No Failure,9.099999999999966,53518.5,0.2971698113207547
0,303.5,312.6,1602,34.2,108,0,No Failure,9.100000000000023,54788.4,0.3137614678899083
2,303.6,312.6,1436,42.0,110,0,No Failure,9.0,60312.0,0.3783783783783784
1,303.6,312.7,1765,27.5,115,0,No Failure,9.099999999999966,48537.5,0.23706896551724138
0,303.6,312.7,1418,44.1,118,0,No Failure,9.099999999999966,62533.8,0.37058823529411766
1,303.7,312.7,1669,31.7,120,0,No Failure,9.0,52907.299999999996,0.26198347107438014
0,303.7,312.7,1395,53.9,123,0,No Failure,9.0,75190.5,0.4346774193548387
1,303.8,312.7,1500,41.7,125,0,No Failure,8.899999999999977,62550.00000000001,0.330952380952381
1,303.8,312.7,1555,33.4,128,0,No Failure,8.899999999999977,51937.0,0.2589147286821705
1,303.8,312.7,1919,20.2,131,0,No Failure,8.899999999999977,38763.799999999996,0.15303030303030302
0,303.8,312.7,1596,36.6,134,0,No Failure,8.899999999999977,58413.600000000006,0.27111111111111114
1,303.8,312.7,1374,53.6,136,0,No Failure,8.899999999999977,73646.40000000001,0.39124087591240875
0,303.7,312.5,1670,26.1,139,0,No Failure,8.800000000000011,43587.0,0.18642857142857144
0,303.7,312.6,1702,29.1,141,0,No Failure,8.900000000000034,49528.200000000004,0.20492957746478874
1,303.8,312.5,1366,45.1,143,0,No Failure,8.699999999999989,61606.6,0.31319444444444444
1,303.8,312.5,2344,15.2,146,0,No Failure,8.699999999999989,35628.799999999996,0.10340136054421768
1,303.8,312.6,1768,23.9,149,0,No Failure,8.800000000000011,42255.2,0.15933333333333333
0,303.8,312.5,1523,47.0,152,0,No Failure,8.699999999999989,71581.0,0.30718954248366015
0,303.8,312.6,1735,25.9,154,0,No Failure,8.800000000000011,44936.5,0.16709677419354838
0,303.9,312.7,1339,62.3,156,0,No Failure,8.800000000000011,83419.7,0.3968152866242038
0,303.9,312.7,1800,24.3,158,0,No Failure,8.800000000000011,43740.0,0.15283018867924528
1,304.0,312.7,1456,51.2,160,0,No Failure,8.699999999999989,74547.2,0.31801242236024846
0,303.9,312.7,1789,24.4,163,0,No Failure,8.800000000000011,43651.6,0.14878048780487804
0,303.9,312.7,1602,33.9,165,0,No Failure,8.800000000000011,54307.799999999996,0.20421686746987952
1,303.8,312.7,1364,49.3,167,0,No Failure,8.899999999999977,67245.2,0.2934523809523809
0,303.8,312.6,1793,28.1,170,0,No Failure,8.800000000000011,50383.3,0.16432748538011696
0,303.9,312.6,1426,53.4,172,0,No Failure,8.700000000000045,76148.4,0.3086705202312139
1,303.9,312.7,1485,43.3,174,0,No Failure,8.800000000000011,64300.49999999999,0.24742857142857141
0,303.9,312.7,1528,38.4,177,0,No Failure,8.800000000000011,58675.2,0.2157303370786517
0,303.8,312.6,1565,36.0,179,0,No Failure,8.800000000000011,56340.0,0.2
0,303.8,312.7,1838,27.8,181,0,No Failure,8.899999999999977,51096.4,0.15274725274725276
2,303.8,312.6,1811,24.9,183,0,No Failure,8.800000000000011,45093.899999999994,0.13532608695652174
0,303.8,312.7,1461,38.2,188,0,No Failure,8.899999999999977,55810.200000000004,0.20211640211640214
0,303.8,312.7,1414,41.7,190,0,No Failure,8.899999999999977,58963.8,0.21832460732984293
0,303.7,312.7,1426,45.5,192,0,No Failure,9.0,64883.0,0.23575129533678757
0,303.7,312.7,1359,56.8,194,1,Overstrain Failure,9.0,77191.2,0.29128205128205126
0,303.7,312.7,1540,44.8,196,0,No Failure,9.0,68992.0,0.22741116751269033
0,303.6,312.7,1429,47.7,198,0,No Failure,9.099999999999966,68163.3,0.23969849246231156
1,303.7,312.7,1612,36.3,200,0,No Failure,9.0,58515.6,0.1805970149253731
1,303.7,312.8,1685,31.8,203,0,No Failure,9.100000000000023,53583.0,0.15588235294117647
1,303.7,312.8,1558,37.7,206,0,No Failure,9.100000000000023,58736.600000000006,0.1821256038647343
0,303.7,313.0,1811,24.3,209,0,No Failure,9.300000000000011,44007.3,0.11571428571428571
0,303.8,313.1,1869,25.8,211,0,No Failure,9.300000000000011,48220.200000000004,0.12169811320754717
0,303.8,313.1,1256,58.7,213,1,Overstrain Failure,9.300000000000011,73727.2,0.27429906542056076
1,303.8,313.0,1789,23.5,215,0,No Failure,9.199999999999989,42041.5,0.1087962962962963
0,303.7,312.9,1502,40.5,0,0,No Failure,9.199999999999989,60831.0,40.5
1,303.7,313.0,1303,54.4,2,0,No Failure,9.300000000000011,70883.2,18.133333333333333
0,303.8,313.1,2497,13.0,5,1,Power Failure,9.300000000000011,32461.0,2.1666666666666665
0,303.9,313.2,1499,37.4,7,0,No Failure,9.300000000000011,56062.6,4.675
0,303.9,313.2,1393,46.5,9,0,No Failure,9.300000000000011,64774.5,4.65
1,303.9,313.0,1475,41.0,11,0,No Failure,9.100000000000023,60475.0,3.4166666666666665
0,303.8,312.9,1573,34.6,14,0,No Failure,9.099999999999966,54425.8,2.3066666666666666
0,303.8,312.9,1819,23.7,16,0,No Failure,9.099999999999966,43110.299999999996,1.3941176470588235
1,303.5,312.6,1642,29.4,18,0,No Failure,9.100000000000023,48274.799999999996,1.5473684210526315
0,303.6,312.6,1540,39.8,21,0,No Failure,9.0,61291.99999999999,1.8090909090909089
1,303.6,312.8,1400,43.2,23,0,No Failure,9.199999999999989,60480.00000000001,1.8
1,303.6,312.8,2659,11.4,26,1,Power Failure,9.199999999999989,30312.600000000002,0.4222222222222222
1,303.6,312.8,1825,25.2,29,0,No Failure,9.199999999999989,45990.0,0.84
1,303.7,312.9,1532,41.3,32,0,No Failure,9.199999999999989,63271.6,1.2515151515151515
0,303.7,312.8,1832,23.6,35,0,No Failure,9.100000000000023,43235.200000000004,0.6555555555555556
1,303.6,312.7,2174,17.6,37,0,No Failure,9.099999999999966,38262.4,0.46315789473684216
0,303.7,312.8,1627,31.7,40,0,No Failure,9.100000000000023,51575.9,0.7731707317073171
0,303.7,312.8,1437,51.3,42,0,No Failure,9.100000000000023,73718.09999999999,1.1930232558139535
0,303.7,312.8,1364,46.3,44,0,No Failure,9.100000000000023,63153.2,1.0288888888888887
1,303.7,312.9,1444,52.7,46,0,No Failure,9.199999999999989,76098.8,1.1212765957446809
1,303.7,312.8,1366,47.3,49,0,No Failure,9.100000000000023,64611.799999999996,0.946
0,303.8,312.9,1442,48.3,52,0,No Failure,9.099999999999966,69648.59999999999,0.911320754716981
2,303.7,312.8,1488,42.8,54,0,No Failure,9.100000000000023,63686.399999999994,0.7781818181818181
0,303.7,312.8,1523,40.7,59,0,No Failure,9.100000000000023,61986.100000000006,0.6783333333333333
0,303.7,312.8,1543,38.3,61,0,No Failure,9.100000000000023,59096.899999999994,0.6177419354838709
1,303.7,312.8,1634,33.8,63,0,No Failure,9.100000000000023,55229.2,0.528125
1,303.8,312.9,1815,27.8,66,0,No Failure,9.099999999999966,50457.0,0.41492537313432837
1,303.8,312.9,1594,35.2,69,0,No Failure,9.099999999999966,56108.8,0.5028571428571429
0,303.8,313.0,1452,38.6,72,0,No Failure,9.199999999999989,56047.200000000004,0.5287671232876713
0,303.9,313.0,1759,28.4,74,0,No Failure,9.100000000000023,49955.6,0.37866666666666665
0,303.9,313.0,1408,47.5,76,0,No Failure,9.100000000000023,66880.0,0.6168831168831169
0,303.9,313.0,1483,45.0,78,0,No Failure,9.100000000000023,66735.0,0.569620253164557
1,303.9,313.0,1620,36.6,80,0,No Failure,9.100000000000023,59292.0,0.4518518518518519
1,304.0,313.1,1466,39.5,83,0,No Failure,9.100000000000023,57907.0,0.47023809523809523
0,304.1,313.1,1556,36.3,86,0,No Failure,9.0,56482.799999999996,0.4172413793103448
0,304.0,313.0,1350,61.1,88,0,No Failure,9.0,82485.0,0.6865168539325843
0,304.0,313.1,1404,47.1,90,0,No Failure,9.100000000000023,66128.40000000001,0.5175824175824176
1,304.0,313.0,1575,34.5,92,0,No Failure,9.0,54337.5,0.3709677419354839
0,303.9,313.1,1639,29.0,95,0,No Failure,9.200000000000045,47531.0,0.3020833333333333
1,303.9,313.1,1473,42.8,97,0,No Failure,9.200000000000045,63044.399999999994,0.436734693877551
0,303.9,313.2,1481,40.0,100,0,No Failure,9.300000000000011,59240.0,0.39603960396039606
0,304.0,313.3,1294,54.6,102,0,No Failure,9.300000000000011,70652.40000000001,0.5300970873786408
1,303.9,313.2,1630,29.3,104,0,No Failure,9.300000000000011,47759.0,0.27904761904761904
1,303.9,313.2,1624,39.8,107,0,No Failure,9.300000000000011,64635.2,0.36851851851851847
1,303.9,313.1,1437,48.3,110,0,No Failure,9.200000000000045,69407.09999999999,0.43513513513513513
1,303.8,313.0,1514,45.0,113,0,No Failure,9.199999999999989,68130.0,0.39473684210526316
1,304.0,313.1,1694,31.4,116,0,No Failure,9.100000000000023,53191.6,0.26837606837606837
0,304.0,313.1,1564,50.9,119,0,No Failure,9.100000000000023,79607.59999999999,0.42416666666666664
1,303.9,313.1,1514,41.1,121,0,No Failure,9.200000000000045,62225.4,0.3368852459016394
1,304.0,313.2,1500,40.6,124,0,No Failure,9.199999999999989,60900.0,0.32480000000000003
0,304.0,313.2,1615,37.8,127,0,No Failure,9.199999999999989,61046.99999999999,0.2953125
1,304.1,313.2,1586,41.1,129,0,No Failure,9.099999999999966,65184.600000000006,0.3161538461538462
0,304.1,313.3,1732,28.5,132,0,No Failure,9.199999999999989,49362.0,0.21428571428571427
2,304.1,313.3,1689,32.5,134,0,No Failure,9.199999999999989,54892.5,0.24074074074074073
2,304.1,313.2,1586,34.6,139,0,No Failure,9.099999999999966,54875.600000000006,0.24714285714285716
0,304.0,313.2,1314,47.1,144,0,No Failure,9.199999999999989,61889.4,0.32482758620689656
0,304.1,313.2,1569,35.8,146,0,No Failure,9.099999999999966,56170.2,0.24353741496598638
0,304.1,313.2,1468,39.4,148,0,No Failure,9.099999999999966,57839.2,0.2644295302013423
0,304.1,313.2,1412,47.5,150,0,No Failure,9.099999999999966,67070.0,0.31456953642384106
1,304.1,313.2,1510,46.9,152,0,No Failure,9.099999999999966,70819.0,0.30653594771241827
1,304.1,313.2,1410,42.4,155,0,No Failure,9.099999999999966,59784.0,0.2717948717948718
1,304.1,313.3,1680,29.3,158,0,No Failure,9.199999999999989,49224.0,0.18427672955974844
2,304.0,313.2,1271,68.6,161,1,Power Failure,9.199999999999989,87190.59999999999,0.42345679012345677
2,304.0,313.1,1472,45.5,166,0,No Failure,9.100000000000023,66976.0,0.27245508982035926
2,304.0,313.0,1701,30.4,171,0,No Failure,9.0,51710.399999999994,0.17674418604651163
0,303.9,313.0,1480,39.9,176,0,No Failure,9.100000000000023,59052.0,0.22542372881355932
0,303.9,313.0,1433,48.4,178,0,No Failure,9.100000000000023,69357.2,0.27039106145251396
0,303.8,312.9,1514,34.3,180,0,No Failure,9.099999999999966,51930.2,0.18950276243093922
0,303.8,312.9,1619,35.7,182,0,No Failure,9.099999999999966,57798.3,0.19508196721311477
2,303.8,312.9,1378,45.6,184,0,No Failure,9.099999999999966,62836.8,0.2464864864864865
1,303.9,312.9,1430,53.5,189,0,No Failure,9.0,76505.0,0.28157894736842104
0,303.8,312.9,1367,49.9,192,0,No Failure,9.099999999999966,68213.3,0.25854922279792747
0,303.9,312.9,1526,42.5,194,0,No Failure,9.0,64855.0,0.21794871794871795
0,303.9,312.8,1419,47.9,196,0,No Failure,8.900000000000034,67970.09999999999,0.2431472081218274
0,304.0,312.8,1542,42.7,198,0,No Failure,8.800000000000011,65843.40000000001,0.21457286432160805
0,304.0,312.9,1363,62.5,200,1,Overstrain Failure,8.899999999999977,85187.5,0.31094527363184077
0,304.0,312.9,1313,53.9,202,0,No Failure,8.899999999999977,70770.7,0.2655172413793103
2,304.0,312.9,1495,46.6,0,0,No Failure,8.899999999999977,69667.0,46.6
0,304.0,313.0,1407,42.1,5,0,No Failure,9.0,59234.700000000004,7.016666666666667
0,304.1,313.0,1566,37.2,7,0,No Failure,8.899999999999977,58255.200000000004,4.65
0,304.1,313.1,1550,30.9,9,0,No Failure,9.0,47895.0,3.09
1,304.2,313.2,1396,50.5,11,0,No Failure,9.0,70498.0,4.208333333333333
1,304.3,313.3,1540,39.0,14,0,No Failure,9.0,60060.0,2.6
1,304.2,313.2,1380,48.7,17,0,No Failure,9.0,67206.0,2.7055555555555557
1,304.2,313.1,1608,31.1,20,0,No Failure,8.900000000000034,50008.8,1.480952380952381
2,304.2,313.0,1442,40.9,23,0,No Failure,8.800000000000011,58977.799999999996,1.7041666666666666
0,304.1,313.0,1408,45.3,28,0,No Failure,8.899999999999977,63782.399999999994,1.5620689655172413
1,304.0,313.0,1454,46.8,30,0,No Failure,9.0,68047.2,1.5096774193548386
0,304.1,313.1,1666,34.6,33,0,No Failure,9.0,57643.600000000006,1.0176470588235293
0,304.1,313.2,1366,46.6,35,0,No Failure,9.099999999999966,63655.6,1.2944444444444445
0,304.2,313.2,1464,44.9,37,0,No Failure,9.0,65733.59999999999,1.181578947368421
0,304.3,313.3,1775,24.9,39,0,No Failure,9.0,44197.5,0.6224999999999999
1,304.3,313.4,1482,43.8,41,0,No Failure,9.099999999999966,64911.6,1.0428571428571427
1,304.2,313.4,1411,54.8,44,0,No Failure,9.199999999999989,77322.8,1.2177777777777776
0,304.2,313.3,1410,51.6,47,0,No Failure,9.100000000000023,72756.0,1.075
1,304.1,313.3,1494,39.0,49,0,No Failure,9.199999999999989,58266.0,0.78
2,304.1,313.2,1590,43.4,52,0,No Failure,9.099999999999966,69006.0,0.8188679245283018
0,304.1,313.1,1327,54.1,57,0,No Failure,9.0,71790.7,0.9327586206896552
0,304.1,313.1,1969,20.8,59,0,No Failure,9.0,40955.200000000004,0.3466666666666667
1,304.0,313.0,1377,56.0,61,0,No Failure,9.0,77112.0,0.9032258064516129
0,304.0,313.0,1541,45.9,64,0,No Failure,9.0,70731.9,0.7061538461538461
1,304.0,313.0,1685,28.2,66,0,No Failure,9.0,47517.0,0.4208955223880597
0,304.0,313.1,1465,41.0,69,0,No Failure,9.100000000000023,60065.0,0.5857142857142857
1,303.9,313.1,1483,47.2,71,0,No Failure,9.200000000000045,69997.6,0.6555555555555556
1,303.9,313.2,1570,40.7,74,0,No Failure,9.300000000000011,63899.00000000001,0.5426666666666667
0,303.9,313.2,1345,48.2,77,0,No Failure,9.300000000000011,64829.00000000001,0.617948717948718
1,303.9,313.2,1608,40.6,79,0,No Failure,9.300000000000011,65284.8,0.5075000000000001
1,304.0,313.3,1415,52.8,82,0,No Failure,9.300000000000011,74712.0,0.636144578313253
1,304.1,313.5,1470,45.8,85,0,No Failure,9.399999999999977,67326.0,0.5325581395348837
1,304.1,313.5,1428,39.9,88,0,No Failure,9.399999999999977,56977.2,0.44831460674157303
2,304.2,313.5,1627,32.2,91,0,No Failure,9.300000000000011,52389.4,0.35000000000000003
0,304.2,313.4,1457,49.4,96,0,No Failure,9.199999999999989,71975.8,0.5092783505154639
0,304.2,313.4,1475,40.2,98,0,No Failure,9.199999999999989,59295.00000000001,0.40606060606060607
0,304.2,313.5,1438,50.1,100,0,No Failure,9.300000000000011,72043.8,0.49603960396039604
1,304.2,313.5,1437,47.2,102,0,No Failure,9.300000000000011,67826.40000000001,0.45825242718446607
1,304.1,313.4,1518,42.4,105,0,No Failure,9.299999999999955,64363.2,0.39999999999999997
1,304.1,313.5,1587,33.6,108,0,No Failure,9.399999999999977,53323.200000000004,0.30825688073394497
0,304.1,313.4,1399,43.7,111,0,No Failure,9.299999999999955,61136.3,0.39017857142857143
0,304.1,313.5,1469,44.6,113,0,No Failure,9.399999999999977,65517.4,0.3912280701754386
0,304.1,313.4,1374,56.6,115,0,No Failure,9.299999999999955,77768.40000000001,0.48793103448275865
0,304.0,313.3,1519,36.7,117,0,No Failure,9.300000000000011,55747.3,0.3110169491525424
0,303.9,313.2,1540,44.4,119,0,No Failure,9.300000000000011,68376.0,0.37
0,303.9,313.3,1394,51.6,121,0,No Failure,9.400000000000034,71930.40000000001,0.42295081967213116
1,304.0,313.4,1389,45.8,123,0,No Failure,9.399999999999977,63616.2,0.3693548387096774
1,304.0,313.5,1732,26.2,126,0,No Failure,9.5,45378.4,0.20629921259842518
0,304.1,313.6,1556,37.4,129,0,No Failure,9.5,58194.399999999994,0.2876923076923077
1,304.1,313.6,1441,43.7,131,0,No Failure,9.5,62971.700000000004,0.33106060606060606
0,304.1,313.6,1382,46.7,134,0,No Failure,9.5,64539.4,0.34592592592592597
1,304.2,313.8,1481,44.9,136,0,No Failure,9.600000000000023,66496.9,0.32773722627737223
1,304.2,313.7,2113,18.4,139,0,No Failure,9.5,38879.2,0.13142857142857142
0,304.2,313.8,1401,53.9,142,0,No Failure,9.600000000000023,75513.9,0.3769230769230769
0,304.1,313.6,1611,31.4,144,0,No Failure,9.5,50585.399999999994,0.21655172413793103
1,304.2,313.6,1512,33.4,146,0,No Failure,9.400000000000034,50500.799999999996,0.22721088435374148
0,304.2,313.6,1411,46.0,149,0,No Failure,9.400000000000034,64906.0,0.30666666666666664
1,304.2,313.6,1424,43.7,151,0,No Failure,9.400000000000034,62228.8,0.28750000000000003
0,304.2,313.6,1469,40.0,154,0,No Failure,9.400000000000034,58760.0,0.25806451612903225
2,304.2,313.5,1684,29.8,156,0,No Failure,9.300000000000011,50183.200000000004,0.18980891719745224
1,304.2,313.5,1532,41.3,161,0,No Failure,9.300000000000011,63271.6,0.25493827160493826
1,304.2,313.5,1557,37.3,164,0,No Failure,9.300000000000011,58076.1,0.22606060606060605
1,304.3,313.5,1416,48.1,167,0,No Failure,9.199999999999989,68109.6,0.2863095238095238
0,304.3,313.5,1802,25.4,170,0,No Failure,9.199999999999989,45770.799999999996,0.1485380116959064
1,304.3,313.5,2245,15.1,172,0,No Failure,9.199999999999989,33899.5,0.08728323699421965
0,304.2,313.4,1434,42.5,175,0,No Failure,9.199999999999989,60945.0,0.24147727272727273
1,304.1,313.3,1725,28.3,177,0,No Failure,9.199999999999989,48817.5,0.15898876404494383
0,304.2,313.3,1668,35.7,180,0,No Failure,9.100000000000023,59547.600000000006,0.1972375690607735
0,304.1,313.3,1452,43.9,182,0,No Failure,9.199999999999989,63742.799999999996,0.23989071038251367
0,304.1,313.3,1415,50.0,184,0,No Failure,9.199999999999989,70750.0,0.2702702702702703
0,304.1,313.2,1824,25.8,186,0,No Failure,9.099999999999966,47059.200000000004,0.13796791443850268
0,304.1,313.3,1438,45.5,188,0,No Failure,9.199999999999989,65429.0,0.24074074074074073
0,304.1,313.3,1883,24.5,190,0,No Failure,9.199999999999989,46133.5,0.12827225130890052
0,304.2,313.4,1735,28.9,192,0,No Failure,9.199999999999989,50141.5,0.14974093264248703
0,304.3,313.5,1464,36.7,194,0,No Failure,9.199999999999989,53728.8,0.18820512820512822
1,304.3,313.6,1489,40.3,196,0,No Failure,9.300000000000011,60006.7,0.20456852791878172
1,304.4,313.6,1510,38.9,199,0,No Failure,9.200000000000045,58739.0,0.1945
1,304.3,313.6,1585,32.1,202,0,No Failure,9.300000000000011,50878.5,0.158128078817734
0,304.4,313.7,1509,35.0,205,1,Tool Wear Failure,9.300000000000011,52815.0,0.16990291262135923
0,304.4,313.6,1568,39.1,0,0,No Failure,9.200000000000045,61308.8,39.1
1,304.3,313.5,1525,42.0,2,0,No Failure,9.199999999999989,64050.0,14.0
0,304.4,313.7,1607,33.5,5,0,No Failure,9.300000000000011,53834.5,5.583333333333333
0,304.5,313.7,1670,32.9,7,0,No Failure,9.199999999999989,54943.0,4.1125
0,304.4,313.6,1585,38.9,9,0,No Failure,9.200000000000045,61656.5,3.8899999999999997
0,304.4,313.6,1569,38.4,11,0,No Failure,9.200000000000045,60249.6,3.1999999999999997
0,304.4,313.6,1507,43.1,13,0,No Failure,9.200000000000045,64951.700000000004,3.0785714285714287
0,304.3,313.5,1452,41.5,15,0,No Failure,9.199999999999989,60258.0,2.59375
0,304.3,313.5,1590,29.8,17,0,No Failure,9.199999999999989,47382.0,1.6555555555555557
0,304.3,313.6,1409,56.0,19,0,No Failure,9.300000000000011,78904.0,2.8
0,304.3,313.5,2643,12.7,21,0,No Failure,9.199999999999989,33566.1,0.5772727272727273
0,304.2,313.4,1644,31.7,23,0,No Failure,9.199999999999989,52114.799999999996,1.3208333333333333
0,304.2,313.4,1568,37.6,25,0,No Failure,9.199999999999989,58956.8,1.4461538461538461
2,304.2,313.3,1625,37.3,27,0,No Failure,9.100000000000023,60612.49999999999,1.332142857142857
0,304.2,313.4,1482,41.4,32,0,No Failure,9.199999999999989,61354.799999999996,1.2545454545454544
2,304.1,313.3,1397,49.6,34,0,No Failure,9.199999999999989,69291.2,1.4171428571428573
0,304.1,313.3,1459,50.3,39,0,No Failure,9.199999999999989,73387.7,1.2574999999999998
0,304.2,313.4,1490,44.0,41,0,No Failure,9.199999999999989,65560.0,1.0476190476190477
0,304.1,313.2,1434,50.1,43,0,No Failure,9.099999999999966,71843.40000000001,1.1386363636363637
1,304.1,313.2,2028,18.9,45,0,No Failure,9.099999999999966,38329.2,0.41086956521739126
0,304.2,313.3,1464,45.9,48,0,No Failure,9.100000000000023,67197.59999999999,0.936734693877551
1,304.2,313.4,1713,23.5,50,0,No Failure,9.199999999999989,40255.5,0.46078431372549017
1,304.3,313.4,1624,32.1,53,0,No Failure,9.099999999999966,52130.4,0.5944444444444444
0,304.2,313.4,1421,43.4,56,0,No Failure,9.199999999999989,61671.4,0.7614035087719297
2,304.2,313.5,1546,41.4,58,0,No Failure,9.300000000000011,64004.399999999994,0.7016949152542372
0,304.2,313.4,1639,32.7,63,0,No Failure,9.199999999999989,53595.3,0.5109375
2,304.1,313.4,1696,29.6,65,0,No Failure,9.299999999999955,50201.600000000006,0.4484848484848485
0,304.1,313.3,1470,39.9,70,0,No Failure,9.199999999999989,58653.0,0.5619718309859155
1,304.1,313.3,1480,38.4,72,0,No Failure,9.199999999999989,56832.0,0.5260273972602739
1,304.2,313.4,1329,54.5,75,0,No Failure,9.199999999999989,72430.5,0.7171052631578947
0,304.2,313.4,1740,28.2,78,0,No Failure,9.199999999999989,49068.0,0.3569620253164557
1,304.2,313.5,1739,28.1,80,0,No Failure,9.300000000000011,48865.9,0.3469135802469136
1,304.2,313.5,1390,47.8,83,0,No Failure,9.300000000000011,66442.0,0.569047619047619
0,304.2,313.4,1740,23.7,86,0,No Failure,9.199999999999989,41238.0,0.27241379310344827
1,304.0,313.3,1844,27.1,88,0,No Failure,9.300000000000011,49972.4,0.3044943820224719
2,304.0,313.1,1388,53.2,91,0,No Failure,9.100000000000023,73841.6,0.5782608695652174
2,304.0,313.2,1517,43.1,96,0,No Failure,9.199999999999989,65382.700000000004,0.4443298969072165
1,304.0,313.1,1450,42.8,101,0,No Failure,9.100000000000023,62059.99999999999,0.41960784313725485
0,304.0,313.2,1584,38.7,104,0,No Failure,9.199999999999989,61300.8,0.3685714285714286
0,304.0,313.1,1720,28.7,106,0,No Failure,9.100000000000023,49364.0,0.26822429906542056
0,303.9,313.1,1586,31.9,108,0,No Failure,9.200000000000045,50593.399999999994,0.2926605504587156
1,303.9,313.0,1901,22.5,110,0,No Failure,9.100000000000023,42772.5,0.20270270270270271
0,304.0,313.0,1397,42.4,113,0,No Failure,9.0,59232.799999999996,0.3719298245614035
0,304.0,313.0,2012,21.1,115,0,No Failure,9.0,42453.200000000004,0.18189655172413793
0,304.0,313.0,2354,15.0,117,0,No Failure,9.0,35310.0,0.1271186440677966
0,304.0,313.1,1648,35.7,119,0,No Failure,9.100000000000023,58833.600000000006,0.29750000000000004
0,304.0,313.2,1632,30.6,121,0,No Failure,9.199999999999989,49939.200000000004,0.25081967213114753
1,304.1,313.2,1427,46.9,123,0,No Failure,9.099999999999966,66926.3,0.3782258064516129
0,304.1,313.2,1452,48.0,126,0,No Failure,9.099999999999966,69696.0,0.3779527559055118
0,304.0,313.2,1416,46.0,128,0,No Failure,9.199999999999989,65136.0,0.35658914728682173
0,303.9,313.1,1310,62.9,130,0,No Failure,9.200000000000045,82399.0,0.4801526717557252
2,304.0,313.1,1408,39.8,132,0,No Failure,9.100000000000023,56038.399999999994,0.2992481203007519
1,303.9,313.1,1668,34.4,137,0,No Failure,9.200000000000045,57379.2,0.24927536231884057
0,303.9,313.0,1551,36.8,140,0,No Failure,9.100000000000023,57076.799999999996,0.26099290780141843
2,303.9,313.0,1517,36.0,142,0,No Failure,9.100000000000023,54612.0,0.2517482517482518
2,303.8,312.9,1570,35.8,147,0,No Failure,9.099999999999966,56205.99999999999,0.24189189189189186
0,303.8,312.8,1428,53.3,152,0,No Failure,9.0,76112.4,0.3483660130718954
0,303.8,312.8,1503,40.0,154,0,No Failure,9.0,60120.0,0.25806451612903225
0,303.8,312.8,1416,58.7,156,0,No Failure,9.0,83119.2,0.37388535031847137
1,303.7,312.7,1396,47.3,158,0,No Failure,9.0,66030.8,0.29748427672955974
0,303.7,312.7,1335,51.1,161,0,No Failure,9.0,68218.5,0.3154320987654321
1,303.7,312.6,1671,30.5,163,0,No Failure,8.900000000000034,50965.5,0.18597560975609756
0,303.7,312.7,1989,22.4,166,0,No Failure,9.0,44553.6,0.1341317365269461
0,303.7,312.7,1468,43.3,168,0,No Failure,9.0,63564.399999999994,0.25621301775147926
2,303.7,312.6,1711,27.6,170,0,No Failure,8.900000000000034,47223.600000000006,0.16140350877192983
1,303.8,312.7,1488,41.3,175,0,No Failure,8.899999999999977,61454.399999999994,0.2346590909090909
0,303.8,312.7,1664,29.3,178,0,No Failure,8.899999999999977,48755.200000000004,0.16368715083798882
1,303.8,312.7,1507,38.5,180,0,No Failure,8.899999999999977,58019.5,0.212707182320442
0,303.7,312.6,1466,42.5,183,0,No Failure,8.900000000000034,62305.0,0.23097826086956522
0,303.7,312.5,1433,53.6,185,0,No Failure,8.800000000000011,76808.8,0.2881720430107527
0,303.7,312.5,1397,45.7,187,0,No Failure,8.800000000000011,63842.9,0.24308510638297873
1,303.7,312.6,1429,43.3,189,0,No Failure,8.900000000000034,61875.7,0.22789473684210526
0,303.7,312.7,1572,37.2,192,0,No Failure,9.0,58478.4,0.1927461139896373
1,303.7,312.7,1532,42.7,194,0,No Failure,9.0,65416.4,0.218974358974359
1,303.7,312.7,1316,51.8,197,0,No Failure,9.0,68168.8,0.2616161616161616
1,303.8,312.8,1420,47.9,200,0,No Failure,9.0,68018.0,0.23830845771144277
0,303.8,312.9,1589,37.2,203,0,No Failure,9.099999999999966,59110.8,0.1823529411764706
0,303.8,313.0,1365,59.9,205,1,Overstrain Failure,9.199999999999989,81763.5,0.29077669902912623
0,303.8,313.0,1633,32.9,207,0,No Failure,9.199999999999989,53725.7,0.15817307692307692
0,303.9,313.0,1626,31.4,209,0,No Failure,9.100000000000023,51056.399999999994,0.1495238095238095
0,303.9,313.1,1665,29.6,0,0,No Failure,9.200000000000045,49284.0,29.6
1,303.9,313.2,1350,47.2,2,0,No Failure,9.300000000000011,63720.00000000001,15.733333333333334
0,303.9,313.2,1590,31.9,5,0,No Failure,9.300000000000011,50721.0,5.316666666666666
1,304.0,313.2,1437,53.9,7,0,No Failure,9.199999999999989,77454.3,6.7375
0,303.9,313.0,1403,48.3,10,0,No Failure,9.100000000000023,67764.9,4.390909090909091
0,303.9,313.1,1440,41.1,12,0,No Failure,9.200000000000045,59184.0,3.161538461538462
1,303.9,313.1,1343,61.4,14,0,No Failure,9.200000000000045,82460.2,4.093333333333333
2,303.9,313.1,1790,26.7,17,0,No Failure,9.200000000000045,47793.0,1.4833333333333334
1,303.8,313.1,2117,18.6,22,0,No Failure,9.300000000000011,39376.200000000004,0.8086956521739131
0,303.8,313.1,1458,42.2,25,0,No Failure,9.300000000000011,61527.600000000006,1.623076923076923
0,303.6,312.9,1381,57.8,27,0,No Failure,9.299999999999955,79821.8,2.064285714285714
0,303.6,312.9,1450,45.3,29,0,No Failure,9.299999999999955,65685.0,1.51
0,303.7,312.9,1461,50.1,31,0,No Failure,9.199999999999989,73196.1,1.565625
1,303.7,312.9,1511,41.0,33,0,No Failure,9.199999999999989,61951.0,1.2058823529411764
0,303.8,313.1,1394,45.4,36,0,No Failure,9.300000000000011,63287.6,1.227027027027027
0,303.8,313.0,1499,42.3,38,0,No Failure,9.199999999999989,63407.7,1.0846153846153845
0,303.7,313.0,1457,44.1,40,0,No Failure,9.300000000000011,64253.700000000004,1.075609756097561
0,303.7,313.0,1753,29.0,42,0,No Failure,9.300000000000011,50837.0,0.6744186046511628
0,303.7,313.0,1694,28.0,44,0,No Failure,9.300000000000011,47432.0,0.6222222222222222
0,303.7,313.1,1683,28.4,46,0,No Failure,9.400000000000034,47797.2,0.6042553191489362
0,303.7,313.1,1496,47.4,48,0,No Failure,9.400000000000034,70910.4,0.9673469387755101
0,303.7,313.1,1721,34.8,50,0,No Failure,9.400000000000034,59890.799999999996,0.6823529411764705
0,303.6,313.0,1593,31.6,52,0,No Failure,9.399999999999977,50338.8,0.5962264150943396
0,303.6,313.0,1575,38.3,54,0,No Failure,9.399999999999977,60322.49999999999,0.6963636363636363
0,303.5,313.0,1465,41.0,56,0,No Failure,9.5,60065.0,0.7192982456140351
0,303.6,313.1,1405,38.3,58,0,No Failure,9.5,53811.49999999999,0.6491525423728813
1,303.5,313.0,1902,21.6,60,0,No Failure,9.5,41083.200000000004,0.35409836065573774
1,303.4,312.9,1422,39.9,63,0,No Failure,9.5,56737.799999999996,0.6234375
0,303.5,312.9,1332,52.9,66,0,No Failure,9.399999999999977,70462.8,0.7895522388059701
1,303.4,312.9,1307,54.3,68,0,No Failure,9.5,70970.09999999999,0.7869565217391304
0,303.5,313.0,1322,59.5,71,0,No Failure,9.5,78659.0,0.8263888888888888
0,303.5,313.0,1547,40.3,73,0,No Failure,9.5,62344.1,0.5445945945945946
0,303.5,313.1,1897,23.6,75,0,No Failure,9.600000000000023,44769.200000000004,0.3105263157894737
1,303.5,313.0,1403,51.9,77,0,No Failure,9.5,72815.7,0.6653846153846154
0,303.5,313.0,1393,51.6,80,0,No Failure,9.5,71878.8,0.6370370370370371
0,303.5,313.0,1482,38.5,82,0,No Failure,9.5,57057.0,0.463855421686747
1,303.5,312.9,1572,44.7,84,0,No Failure,9.399999999999977,70268.40000000001,0.5258823529411765
0,303.5,312.9,1544,36.9,87,0,No Failure,9.399999999999977,56973.6,0.4193181818181818
1,303.5,313.0,1492,46.1,89,0,No Failure,9.5,68781.2,0.5122222222222222
0,303.4,312.8,1513,35.8,92,0,No Failure,9.400000000000034,54165.399999999994,0.38494623655913973
0,303.4,312.8,1449,43.9,94,0,No Failure,9.400000000000034,63611.1,0.46210526315789474
0,303.5,312.8,1877,22.3,96,0,No Failure,9.300000000000011,41857.1,0.22989690721649486
0,303.4,312.8,1376,53.4,98,0,No Failure,9.400000000000034,73478.4,0.5393939393939394
1,303.5,312.9,1883,23.3,100,0,No Failure,9.399999999999977,43873.9,0.2306930693069307
1,303.4,312.8,1518,38.7,103,0,No Failure,9.400000000000034,58746.600000000006,0.3721153846153846
1,303.5,312.9,1438,42.8,106,0,No Failure,9.399999999999977,61546.399999999994,0.39999999999999997
0,303.4,312.9,1389,54.1,109,0,No Failure,9.5,75144.90000000001,0.4918181818181818
0,303.5,312.9,1504,44.8,111,0,No Failure,9.399999999999977,67379.2,0.39999999999999997
0,303.5,312.9,1275,64.4,113,0,No Failure,9.399999999999977,82110.0,0.5649122807017545
0,303.6,313.0,1534,39.7,115,0,No Failure,9.399999999999977,60899.8,0.3422413793103449
1,303.6,313.0,1396,38.2,117,0,No Failure,9.399999999999977,53327.200000000004,0.32372881355932204
0,303.6,313.1,1395,44.1,120,0,No Failure,9.5,61519.5,0.36446280991735536
0,303.6,313.0,1617,30.9,122,0,No Failure,9.399999999999977,49965.299999999996,0.25121951219512195
0,303.7,313.1,1423,41.2,124,0,No Failure,9.400000000000034,58627.600000000006,0.3296
0,303.5,313.0,1606,34.0,126,0,No Failure,9.5,54604.0,0.2677165354330709
0,303.5,312.9,1501,44.0,128,0,No Failure,9.399999999999977,66044.0,0.34108527131782945
1,303.5,312.9,1618,30.4,130,0,No Failure,9.399999999999977,49187.2,0.23206106870229007
0,303.6,313.0,1522,35.8,133,0,No Failure,9.399999999999977,54487.6,0.2671641791044776
0,303.6,312.9,1480,41.4,135,0,No Failure,9.299999999999955,61272.0,0.3044117647058823
1,303.7,313.0,1469,39.9,137,0,No Failure,9.300000000000011,58613.1,0.2891304347826087
2,303.8,313.2,1381,52.4,140,0,No Failure,9.399999999999977,72364.4,0.37163120567375885
0,303.8,313.2,1525,41.9,145,0,No Failure,9.399999999999977,63897.5,0.28698630136986303
1,303.8,313.2,1732,29.6,147,0,No Failure,9.399999999999977,51267.200000000004,0.2
0,303.8,313.1,1523,39.8,150,0,No Failure,9.300000000000011,60615.399999999994,0.2635761589403973
0,303.8,313.1,1422,42.4,152,0,No Failure,9.300000000000011,60292.799999999996,0.27712418300653596
2,303.8,313.2,1506,46.9,154,0,No Failure,9.399999999999977,70631.4,0.3025806451612903
0,303.8,313.2,1531,39.4,159,0,No Failure,9.399999999999977,60321.4,0.24625
1,303.9,313.3,1507,34.3,161,0,No Failure,9.400000000000034,51690.1,0.21172839506172839
0,303.9,313.3,1526,40.7,164,0,No Failure,9.400000000000034,62108.200000000004,0.24666666666666667
0,303.8,313.3,1406,52.1,166,0,No Failure,9.5,73252.6,0.31197604790419164
1,303.9,313.3,1567,35.0,168,0,No Failure,9.400000000000034,54845.0,0.20710059171597633
1,303.9,313.4,1464,49.1,171,0,No Failure,9.5,71882.40000000001,0.2854651162790698
0,303.9,313.4,1442,48.5,174,0,No Failure,9.5,69937.0,0.27714285714285714
0,303.8,313.2,1336,47.8,176,0,No Failure,9.399999999999977,63860.799999999996,0.27005649717514124
2,303.8,313.2,1379,50.2,178,0,No Failure,9.399999999999977,69225.8,0.2804469273743017
0,303.7,313.1,1406,48.6,183,0,No Failure,9.400000000000034,68331.6,0.2641304347826087
1,303.7,313.1,2130,18.1,185,0,No Failure,9.400000000000034,38553.0,0.09731182795698926
0,303.7,313.1,1355,49.1,188,0,No Failure,9.400000000000034,66530.5,0.2597883597883598
1,303.8,313.2,1710,26.5,190,0,No Failure,9.399999999999977,45315.0,0.1387434554973822
0,303.8,313.1,1309,55.8,193,0,No Failure,9.300000000000011,73042.2,0.2876288659793814
0,303.9,313.1,1491,37.2,195,0,No Failure,9.200000000000045,55465.200000000004,0.18979591836734697
0,303.9,313.2,1481,44.1,197,0,No Failure,9.300000000000011,65312.1,0.22272727272727275
0,303.9,313.1,1425,49.3,199,0,No Failure,9.200000000000045,70252.5,0.2465
2,303.9,313.2,1680,29.1,201,0,No Failure,9.300000000000011,48888.0,0.14405940594059408
2,304.0,313.2,1612,31.7,206,0,No Failure,9.199999999999989,51100.4,0.15314009661835748
0,304.0,313.3,1530,34.8,211,0,No Failure,9.300000000000011,53243.99999999999,0.1641509433962264
0,304.0,313.2,1481,42.6,213,0,No Failure,9.199999999999989,63090.6,0.19906542056074766
1,303.9,313.2,1422,48.0,215,1,Tool Wear Failure,9.300000000000011,68256.0,0.2222222222222222
0,303.8,313.0,1427,43.0,0,0,No Failure,9.199999999999989,61361.0,43.0
2,303.7,312.9,1460,49.8,2,0,No Failure,9.199999999999989,72708.0,16.599999999999998
0,303.6,312.9,1873,23.5,7,0,No Failure,9.299999999999955,44015.5,2.9375
1,303.7,312.9,1566,32.6,9,0,No Failure,9.199999999999989,51051.600000000006,3.2600000000000002
0,303.6,312.8,1701,30.8,12,0,No Failure,9.199999999999989,52390.8,2.3692307692307693
0,303.6,312.8,1710,27.2,14,0,No Failure,9.199999999999989,46512.0,1.8133333333333332
1,303.6,312.8,1689,33.1,16,0,No Failure,9.199999999999989,55905.9,1.947058823529412
0,303.6,312.7,1637,32.9,19,0,No Failure,9.099999999999966,53857.299999999996,1.645
0,303.5,312.6,1496,39.0,21,0,No Failure,9.100000000000023,58344.0,1.7727272727272727
1,303.5,312.7,1402,47.0,23,0,No Failure,9.199999999999989,65894.0,1.9583333333333333
0,303.4,312.7,1363,45.5,26,0,No Failure,9.300000000000011,62016.5,1.6851851851851851
1,303.4,312.7,1576,49.9,28,0,No Failure,9.300000000000011,78642.4,1.7206896551724138
1,303.4,312.7,1357,55.3,31,0,No Failure,9.300000000000011,75042.09999999999,1.728125
1,303.4,312.7,1399,48.4,34,0,No Failure,9.300000000000011,67711.59999999999,1.3828571428571428
1,303.4,312.8,1526,30.8,37,0,No Failure,9.400000000000034,47000.8,0.8105263157894737
0,303.5,312.7,1694,27.3,40,0,No Failure,9.199999999999989,46246.200000000004,0.6658536585365854
1,303.5,312.7,1420,49.1,42,0,No Failure,9.199999999999989,69722.0,1.1418604651162791
1,303.5,312.7,2116,16.7,45,0,No Failure,9.199999999999989,35337.2,0.3630434782608695
1,303.7,312.9,1406,41.9,48,0,No Failure,9.199999999999989,58911.4,0.8551020408163265
0,303.7,313.0,1456,45.5,51,0,No Failure,9.300000000000011,66248.0,0.875
0,303.6,312.9,1588,31.9,53,0,No Failure,9.299999999999955,50657.2,0.5907407407407407
0,303.7,312.8,1448,44.5,55,0,No Failure,9.100000000000023,64436.0,0.7946428571428571
2,303.6,312.7,1403,46.2,57,0,No Failure,9.099999999999966,64818.600000000006,0.7965517241379311
1,303.5,312.6,1405,51.6,62,0,No Failure,9.100000000000023,72498.0,0.819047619047619
1,303.4,312.6,2706,9.8,65,1,Power Failure,9.200000000000045,26518.800000000003,0.1484848484848485
1,303.3,312.4,1505,38.9,68,0,No Failure,9.099999999999966,58544.5,0.5637681159420289
0,303.2,312.4,1663,33.7,71,0,No Failure,9.199999999999989,56043.100000000006,0.4680555555555556
1,303.3,312.6,1482,44.4,73,0,No Failure,9.300000000000011,65800.8,0.6
1,303.3,312.5,1674,32.7,76,0,No Failure,9.199999999999989,54739.8,0.4246753246753247
1,303.4,312.7,1594,32.8,79,0,No Failure,9.300000000000011,52283.2,0.41
0,303.5,312.7,1393,49.3,82,0,No Failure,9.199999999999989,68674.9,0.5939759036144578
2,303.5,312.8,1404,55.8,84,0,No Failure,9.300000000000011,78343.2,0.6564705882352941
1,303.5,312.8,1375,45.7,89,0,No Failure,9.300000000000011,62837.50000000001,0.5077777777777778
0,303.5,312.8,1607,38.4,92,0,No Failure,9.300000000000011,61708.799999999996,0.4129032258064516
0,303.4,312.8,1360,50.8,94,0,No Failure,9.400000000000034,69088.0,0.5347368421052632
0,303.5,312.8,1524,39.4,96,0,No Failure,9.300000000000011,60045.6,0.4061855670103093
0,303.4,312.7,1534,35.5,98,0,No Failure,9.300000000000011,54457.0,0.35858585858585856
0,303.3,312.7,1262,63.8,100,0,No Failure,9.399999999999977,80515.59999999999,0.6316831683168317
0,303.3,312.6,1623,34.6,102,0,No Failure,9.300000000000011,56155.8,0.3359223300970874
1,303.3,312.7,1642,33.6,104,0,No Failure,9.399999999999977,55171.200000000004,0.32
1,303.4,312.8,1622,35.1,107,0,No Failure,9.400000000000034,56932.200000000004,0.325
1,303.5,312.9,1530,34.5,110,0,No Failure,9.399999999999977,52785.0,0.3108108108108108
1,303.4,312.8,1590,36.3,113,0,No Failure,9.400000000000034,57716.99999999999,0.31842105263157894
0,303.4,312.7,1589,34.0,116,0,No Failure,9.300000000000011,54026.0,0.2905982905982906
0,303.4,312.6,1462,37.5,118,0,No Failure,9.200000000000045,54825.0,0.31512605042016806
2,303.3,312.5,1328,49.8,120,0,No Failure,9.199999999999989,66134.4,0.41157024793388425
2,303.3,312.6,1692,29.0,125,0,No Failure,9.300000000000011,49068.0,0.23015873015873015
0,303.3,312.5,1968,20.6,130,0,No Failure,9.199999999999989,40540.8,0.15725190839694658
2,303.3,312.6,1827,24.2,132,0,No Failure,9.300000000000011,44213.4,0.18195488721804512
1,303.3,312.6,1397,47.1,137,0,No Failure,9.300000000000011,65798.7,0.341304347826087
0,303.3,312.6,1463,44.0,140,0,No Failure,9.300000000000011,64372.0,0.3120567375886525
0,303.3,312.7,1643,30.7,142,0,No Failure,9.399999999999977,50440.1,0.21468531468531468
0,303.2,312.6,1281,57.0,144,0,No Failure,9.400000000000034,73017.0,0.3931034482758621
0,303.2,312.5,1518,39.9,146,0,No Failure,9.300000000000011,60568.2,0.2714285714285714
0,303.2,312.6,1601,35.3,148,0,No Failure,9.400000000000034,56515.299999999996,0.23691275167785233
0,303.1,312.6,1548,36.4,150,0,No Failure,9.5,56347.2,0.2410596026490066
2,303.1,312.6,1404,40.6,152,0,No Failure,9.5,57002.4,0.265359477124183
1,303.1,312.5,1766,26.7,157,0,No Failure,9.399999999999977,47152.2,0.16898734177215188
1,303.1,312.5,1667,30.0,160,0,No Failure,9.399999999999977,50010.0,0.18633540372670807
2,303.0,312.5,1507,37.9,163,0,No Failure,9.5,57115.299999999996,0.23109756097560974
2,303.0,312.4,1627,37.1,168,0,No Failure,9.399999999999977,60361.700000000004,0.21952662721893493
0,302.9,312.3,1435,47.7,173,0,No Failure,9.400000000000034,68449.5,0.27413793103448275
2,302.9,312.3,1509,46.8,175,0,No Failure,9.400000000000034,70621.2,0.2659090909090909
1,302.9,312.3,1809,25.0,180,0,No Failure,9.400000000000034,45225.0,0.13812154696132597
0,302.9,312.3,1515,40.8,183,0,No Failure,9.400000000000034,61811.99999999999,0.2217391304347826
0,302.9,312.3,1530,34.9,185,0,No Failure,9.400000000000034,53397.0,0.18763440860215053
2,302.8,312.3,1336,57.5,187,0,No Failure,9.5,76820.0,0.3058510638297872
0,302.9,312.4,2030,19.1,192,0,No Failure,9.5,38773.0,0.0989637305699482
0,302.9,312.4,1550,36.9,194,0,No Failure,9.5,57195.0,0.18923076923076923
0,302.9,312.4,1446,41.7,196,0,No Failure,9.5,60298.200000000004,0.2116751269035533
0,302.8,312.3,1494,37.5,198,0,No Failure,9.5,56025.0,0.1884422110552764
0,302.8,312.4,1651,27.0,200,0,No Failure,9.599999999999966,44577.0,0.13432835820895522
0,302.9,312.4,1698,33.8,202,0,No Failure,9.5,57392.399999999994,0.16650246305418717
0,302.8,312.3,1504,40.3,204,0,No Failure,9.5,60611.2,0.19658536585365852
1,302.9,312.4,1421,46.0,206,0,No Failure,9.5,65366.0,0.2222222222222222
2,302.9,312.3,1754,26.9,209,0,No Failure,9.400000000000034,47182.6,0.1280952380952381
0,302.9,312.2,1469,42.0,214,0,No Failure,9.300000000000011,61698.0,0.19534883720930232
0,302.8,312.2,1433,50.0,216,0,No Failure,9.399999999999977,71650.0,0.2304147465437788
1,302.8,312.3,1432,49.0,218,0,No Failure,9.5,70168.0,0.2237442922374429
0,302.8,312.3,1366,49.1,221,0,No Failure,9.5,67070.6,0.2211711711711712
2,302.8,312.3,1483,47.2,223,0,No Failure,9.5,69997.6,0.21071428571428572
0,302.7,312.2,1572,34.4,228,0,No Failure,9.5,54076.799999999996,0.1502183406113537
0,302.8,312.2,1481,40.2,230,0,No Failure,9.399999999999977,59536.200000000004,0.17402597402597403
0,302.8,312.3,1473,42.6,232,0,No Failure,9.5,62749.8,0.18283261802575107
1,302.8,312.3,1262,70.5,234,1,Power Failure,9.5,88971.0,0.3
0,302.8,312.4,1529,36.8,237,0,No Failure,9.599999999999966,56267.2,0.15462184873949578
0,302.8,312.4,1523,39.7,239,0,No Failure,9.599999999999966,60463.100000000006,0.16541666666666668
1,302.8,312.3,1416,42.7,241,0,No Failure,9.5,60463.200000000004,0.17644628099173554
0,302.9,312.4,1923,23.9,244,0,No Failure,9.5,45959.7,0.09755102040816326
2,302.8,312.4,1411,53.8,246,1,Overstrain Failure,9.599999999999966,75911.8,0.21781376518218623
0,302.7,312.4,1477,46.3,251,1,Overstrain Failure,9.699999999999989,68385.09999999999,0.18373015873015872
1,302.6,312.3,1454,54.8,253,1,Tool Wear Failure,9.699999999999989,79679.2,0.21574803149606298
0,302.7,312.3,1421,48.5,0,0,No Failure,9.600000000000023,68918.5,48.5
0,302.7,312.3,1858,25.4,2,0,No Failure,9.600000000000023,47193.2,8.466666666666667
2,302.8,312.5,1422,46.1,4,0,No Failure,9.699999999999989,65554.2,9.22
0,302.7,312.4,1444,48.7,9,0,No Failure,9.699999999999989,70322.8,4.87
0,302.7,312.4,1360,47.8,11,0,No Failure,9.699999999999989,65007.99999999999,3.983333333333333
0,302.7,312.4,1954,24.8,13,0,No Failure,9.699999999999989,48459.200000000004,1.7714285714285716
0,302.6,312.4,1628,33.0,15,0,No Failure,9.799999999999955,53724.0,2.0625
0,302.7,312.4,1433,44.2,17,0,No Failure,9.699999999999989,63338.600000000006,2.4555555555555557
1,302.7,312.5,1417,51.5,19,0,No Failure,9.800000000000011,72975.5,2.575
0,302.8,312.6,1462,39.4,22,0,No Failure,9.800000000000011,57602.799999999996,1.7130434782608694
0,302.9,312.6,1328,59.9,24,0,No Failure,9.700000000000045,79547.2,2.396
2,302.7,312.5,1527,36.4,26,0,No Failure,9.800000000000011,55582.799999999996,1.348148148148148
0,302.6,312.3,1534,34.3,31,0,No Failure,9.699999999999989,52616.2,1.071875
1,302.6,312.4,1410,50.3,33,0,No Failure,9.799999999999955,70923.0,1.4794117647058822
0,302.6,312.3,1660,30.3,36,0,No Failure,9.699999999999989,50298.0,0.818918918918919
0,302.6,312.4,1386,45.8,38,0,No Failure,9.799999999999955,63478.799999999996,1.1743589743589742
0,302.6,312.4,1398,41.6,40,0,No Failure,9.799999999999955,58156.8,1.0146341463414634
0,302.6,312.3,1321,53.4,42,0,No Failure,9.699999999999989,70541.4,1.241860465116279
0,302.6,312.3,1512,34.2,44,0,No Failure,9.699999999999989,51710.4,0.76
1,302.6,312.3,1566,36.6,46,0,No Failure,9.699999999999989,57315.600000000006,0.7787234042553192
1,302.7,312.4,1422,44.5,49,0,No Failure,9.699999999999989,63279.0,0.89
0,302.6,312.3,1647,31.8,52,0,No Failure,9.699999999999989,52374.6,0.6
0,302.6,312.2,1377,45.5,54,0,No Failure,9.599999999999966,62653.5,0.8272727272727273
0,302.5,312.2,1775,27.9,56,0,No Failure,9.699999999999989,49522.5,0.4894736842105263
0,302.6,312.3,1554,42.0,58,0,No Failure,9.699999999999989,65268.0,0.711864406779661
0,302.7,312.4,1423,51.9,60,0,No Failure,9.699999999999989,73853.7,0.8508196721311475
0,302.7,312.4,1453,47.3,62,0,No Failure,9.699999999999989,68726.9,0.7507936507936508
0,302.8,312.4,1590,34.4,64,0,No Failure,9.599999999999966,54696.0,0.5292307692307692
0,302.8,312.5,1694,28.4,66,0,No Failure,9.699999999999989,48109.6,0.42388059701492536
0,302.8,312.5,1462,43.4,68,0,No Failure,9.699999999999989,63450.799999999996,0.6289855072463768
0,302.8,312.4,1392,46.2,70,0,No Failure,9.599999999999966,64310.4,0.6507042253521127
0,302.9,312.5,1550,45.5,72,0,No Failure,9.600000000000023,70525.0,0.6232876712328768
0,302.9,312.5,1629,30.4,74,0,No Failure,9.600000000000023,49521.6,0.4053333333333333
1,303.0,312.5,1524,42.1,76,0,No Failure,9.5,64160.4,0.5467532467532468
1,302.9,312.5,1679,30.9,79,0,No Failure,9.600000000000023,51881.1,0.38625
1,302.9,312.6,1394,46.4,82,0,No Failure,9.700000000000045,64681.6,0.5590361445783132
0,302.9,312.5,1683,32.1,85,0,No Failure,9.600000000000023,54024.3,0.3732558139534884
0,303.0,312.5,1626,30.5,87,0,No Failure,9.5,49593.0,0.3465909090909091
2,303.0,312.5,1698,30.0,89,0,No Failure,9.5,50940.0,0.3333333333333333
1,303.0,312.6,1392,42.9,94,0,No Failure,9.600000000000023,59716.799999999996,0.451578947368421
0,303.1,312.7,1353,51.8,97,0,No Failure,9.599999999999966,70085.4,0.5285714285714286
1,303.0,312.7,1426,46.8,99,0,No Failure,9.699999999999989,66736.8,0.46799999999999997
0,303.0,312.7,2024,19.9,102,0,No Failure,9.699999999999989,40277.6,0.1932038834951456
1,303.0,312.8,1648,32.1,104,0,No Failure,9.800000000000011,52900.8,0.3057142857142857
0,303.1,312.9,1511,40.1,107,0,No Failure,9.799999999999955,60591.1,0.3712962962962963
0,303.1,312.8,1465,44.1,109,0,No Failure,9.699999999999989,64606.5,0.40090909090909094
0,303.0,312.7,1551,41.8,111,0,No Failure,9.699999999999989,64831.799999999996,0.37321428571428567
0,303.1,312.8,2329,15.1,113,0,No Failure,9.699999999999989,35167.9,0.1324561403508772
2,303.1,312.8,1435,41.9,115,0,No Failure,9.699999999999989,60126.5,0.3612068965517241
0,303.0,312.7,1361,48.8,120,0,No Failure,9.699999999999989,66416.8,0.4033057851239669
1,303.0,312.7,1553,35.8,122,0,No Failure,9.699999999999989,55597.399999999994,0.29105691056910565
0,303.0,312.6,1451,42.1,125,0,No Failure,9.600000000000023,61087.1,0.33412698412698416
0,303.0,312.5,1461,40.2,127,0,No Failure,9.5,58732.200000000004,0.3140625
1,303.1,312.6,1895,23.5,129,0,No Failure,9.5,44532.5,0.18076923076923077
1,303.1,312.6,1567,32.9,132,0,No Failure,9.5,51554.299999999996,0.24736842105263157
1,303.0,312.5,1602,33.7,135,0,No Failure,9.5,53987.4,0.24779411764705883
0,303.1,312.6,1514,42.1,138,0,No Failure,9.5,63739.4,0.30287769784172663
0,303.1,312.5,1453,49.1,140,0,No Failure,9.399999999999977,71342.3,0.34822695035460993
1,303.0,312.4,1526,36.1,142,0,No Failure,9.399999999999977,55088.6,0.25244755244755246
1,302.9,312.3,1339,52.1,145,0,No Failure,9.400000000000034,69761.90000000001,0.35684931506849316
0,302.9,312.3,1889,22.8,148,0,No Failure,9.400000000000034,43069.200000000004,0.15302013422818792
0,302.9,312.4,1561,34.8,150,0,No Failure,9.5,54322.799999999996,0.2304635761589404
1,302.9,312.4,1659,33.1,152,0,No Failure,9.5,54912.9,0.21633986928104576
0,302.9,312.4,1424,49.5,155,0,No Failure,9.5,70488.0,0.3173076923076923
1,302.9,312.3,1426,44.7,157,0,No Failure,9.400000000000034,63742.200000000004,0.2829113924050633
0,302.9,312.4,1383,51.4,160,0,No Failure,9.5,71086.2,0.31925465838509315
0,302.8,312.3,1764,29.9,162,0,No Failure,9.5,52743.6,0.18343558282208589
1,302.7,312.2,1439,42.5,164,0,No Failure,9.5,61157.5,0.25757575757575757
1,302.7,312.2,1585,35.5,167,0,No Failure,9.5,56267.5,0.2113095238095238
0,302.7,312.3,1346,61.2,170,0,No Failure,9.600000000000023,82375.2,0.35789473684210527
0,302.8,312.3,1386,57.8,172,0,No Failure,9.5,80110.8,0.33410404624277457
0,302.7,312.2,1369,51.8,174,0,No Failure,9.5,70914.2,0.296
1,302.7,312.1,1378,46.9,176,0,No Failure,9.400000000000034,64628.2,0.26497175141242935
0,302.7,312.2,1336,46.8,179,0,No Failure,9.5,62524.799999999996,0.26
1,302.6,312.1,1445,42.0,181,0,No Failure,9.5,60690.0,0.23076923076923078
0,302.7,312.1,1763,26.5,184,0,No Failure,9.400000000000034,46719.5,0.14324324324324325
0,302.7,312.2,1611,34.1,186,0,No Failure,9.5,54935.100000000006,0.1823529411764706
1,302.7,312.1,1564,32.1,188,0,No Failure,9.400000000000034,50204.4,0.16984126984126985
2,302.7,312.1,1478,36.0,191,0,No Failure,9.400000000000034,53208.0,0.1875
0,302.6,312.0,1781,28.5,196,0,No Failure,9.399999999999977,50758.5,0.1446700507614213
0,302.6,312.1,1782,26.8,198,0,No Failure,9.5,47757.6,0.13467336683417086
1,302.6,312.1,2000,21.9,200,0,No Failure,9.5,43800.0,0.108955223880597
1,302.5,312.0,1826,25.3,203,0,No Failure,9.5,46197.8,0.12401960784313726
0,302.6,312.1,1344,51.0,206,0,No Failure,9.5,68544.0,0.2463768115942029
0,302.6,312.2,1520,43.0,208,0,No Failure,9.599999999999966,65360.0,0.20574162679425836
1,302.6,312.1,1611,39.9,210,0,No Failure,9.5,64278.899999999994,0.1890995260663507
0,302.7,312.2,1450,52.1,213,1,Overstrain Failure,9.5,75545.0,0.24345794392523365
0,302.6,312.1,1499,35.0,215,0,No Failure,9.5,52465.0,0.16203703703703703
0,302.6,312.1,1288,68.5,0,1,Power Failure,9.5,88228.0,68.5
1,302.7,312.2,1350,58.6,2,0,No Failure,9.5,79110.0,19.533333333333335
1,302.9,312.4,1334,50.9,5,0,No Failure,9.5,67900.59999999999,8.483333333333333
0,302.8,312.4,1376,57.1,8,0,No Failure,9.599999999999966,78569.6,6.344444444444445
0,302.8,312.4,1368,49.5,10,0,No Failure,9.599999999999966,67716.0,4.5
2,302.9,312.5,1357,55.0,12,0,No Failure,9.600000000000023,74635.0,4.230769230769231
1,302.9,312.5,1924,24.0,17,0,No Failure,9.600000000000023,46176.0,1.3333333333333333
1,302.9,312.5,1551,40.0,20,0,No Failure,9.600000000000023,62040.0,1.9047619047619047
1,302.9,312.5,1903,21.2,23,0,No Failure,9.600000000000023,40343.6,0.8833333333333333
2,302.9,312.3,1417,48.7,26,0,No Failure,9.400000000000034,69007.90000000001,1.8037037037037038
0,302.7,312.1,1601,35.2,31,0,No Failure,9.400000000000034,56355.200000000004,1.1
0,302.7,312.1,1543,37.5,33,0,No Failure,9.400000000000034,57862.5,1.1029411764705883
0,302.6,312.1,1439,52.3,35,0,No Failure,9.5,75259.7,1.4527777777777777
2,302.6,312.0,1657,29.3,37,0,No Failure,9.399999999999977,48550.1,0.7710526315789474
0,302.8,312.2,1458,51.0,42,0,No Failure,9.399999999999977,74358.0,1.186046511627907
0,302.8,312.2,1746,27.4,44,0,No Failure,9.399999999999977,47840.399999999994,0.6088888888888888
0,302.9,312.2,1677,30.5,46,0,No Failure,9.300000000000011,51148.5,0.648936170212766
0,302.8,312.1,1520,39.9,48,0,No Failure,9.300000000000011,60648.0,0.8142857142857143
0,302.9,312.2,1367,55.1,50,0,No Failure,9.300000000000011,75321.7,1.080392156862745
0,302.8,312.2,1509,36.5,52,0,No Failure,9.399999999999977,55078.5,0.6886792452830188
0,302.8,312.1,1418,51.4,54,0,No Failure,9.300000000000011,72885.2,0.9345454545454546
0,302.8,312.1,1958,20.3,56,0,No Failure,9.300000000000011,39747.4,0.356140350877193
0,302.8,312.2,1682,30.9,58,0,No Failure,9.399999999999977,51973.799999999996,0.523728813559322
1,302.8,312.2,1452,50.3,60,0,No Failure,9.399999999999977,73035.59999999999,0.8245901639344262
0,302.7,312.0,1828,24.0,63,0,No Failure,9.300000000000011,43872.0,0.375
2,302.7,312.0,1484,41.5,65,0,No Failure,9.300000000000011,61586.0,0.6287878787878788
0,302.6,312.0,1674,32.2,70,0,No Failure,9.399999999999977,53902.8,0.45352112676056344
0,302.6,311.9,1448,49.5,72,0,No Failure,9.299999999999955,71676.0,0.678082191780822
1,302.5,311.8,2023,19.1,74,0,No Failure,9.300000000000011,38639.3,0.2546666666666667
0,302.5,311.9,1452,47.4,77,0,No Failure,9.399999999999977,68824.8,0.6076923076923076
1,302.6,312.0,1496,45.0,79,0,No Failure,9.399999999999977,67320.0,0.5625
0,302.6,311.9,1397,46.9,82,0,No Failure,9.299999999999955,65519.299999999996,0.5650602409638554
0,302.6,311.9,1453,39.1,84,0,No Failure,9.299999999999955,56812.3,0.46
1,302.5,311.9,1524,34.8,86,0,No Failure,9.399999999999977,53035.2,0.39999999999999997
0,302.6,311.9,1633,30.9,89,0,No Failure,9.299999999999955,50459.7,0.3433333333333333
1,302.6,312.0,1363,45.7,91,0,No Failure,9.399999999999977,62289.100000000006,0.4967391304347826
0,302.5,311.9,1520,44.9,94,0,No Failure,9.399999999999977,68248.0,0.4726315789473684
1,302.5,311.9,1532,38.8,96,0,No Failure,9.399999999999977,59441.6,0.39999999999999997
0,302.4,311.8,1384,50.9,99,0,No Failure,9.400000000000034,70445.59999999999,0.509
1,302.4,311.8,1539,39.9,101,0,No Failure,9.400000000000034,61406.1,0.3911764705882353
1,302.3,311.8,1355,50.1,104,0,No Failure,9.5,67885.5,0.47714285714285715
1,302.3,311.7,1504,37.3,107,0,No Failure,9.399999999999977,56099.2,0.3453703703703703
0,302.4,311.8,1476,46.6,110,0,No Failure,9.400000000000034,68781.6,0.4198198198198198
0,302.4,311.7,1721,26.9,112,0,No Failure,9.300000000000011,46294.899999999994,0.23805309734513272
1,302.3,311.7,1494,37.1,114,0,No Failure,9.399999999999977,55427.4,0.3226086956521739
0,302.3,311.7,1465,43.5,117,0,No Failure,9.399999999999977,63727.5,0.3686440677966102
1,302.3,311.8,1363,54.0,119,1,Unknown Failure,9.5,73602.0,0.45
0,302.4,311.8,1648,30.0,122,0,No Failure,9.400000000000034,49440.0,0.24390243902439024
1,302.3,311.8,1879,23.0,124,0,No Failure,9.5,43217.0,0.184
2,302.3,311.7,1482,39.0,127,0,No Failure,9.399999999999977,57798.0,0.3046875
0,302.4,311.8,1493,38.4,132,0,No Failure,9.400000000000034,57331.2,0.28872180451127816
0,302.4,311.8,1433,42.2,134,0,No Failure,9.400000000000034,60472.600000000006,0.3125925925925926
0,302.3,311.7,1400,41.6,136,0,No Failure,9.399999999999977,58240.0,0.30364963503649633
0,302.4,311.8,1255,59.0,138,0,No Failure,9.400000000000034,74045.0,0.4244604316546763
0,302.2,311.7,1471,45.6,140,0,No Failure,9.5,67077.6,0.32340425531914896
2,302.2,311.6,1357,44.2,142,0,No Failure,9.400000000000034,59979.4,0.30909090909090914
0,302.3,311.7,1453,41.2,147,0,No Failure,9.399999999999977,59863.600000000006,0.2783783783783784
1,302.3,311.7,1540,28.9,149,0,No Failure,9.399999999999977,44506.0,0.19266666666666665
0,302.3,311.8,1605,35.2,152,0,No Failure,9.5,56496.00000000001,0.2300653594771242
2,302.3,311.9,1374,52.4,154,0,No Failure,9.599999999999966,71997.59999999999,0.33806451612903227
1,302.3,311.9,1508,42.3,159,0,No Failure,9.599999999999966,63788.399999999994,0.26437499999999997
2,302.4,311.9,1366,47.3,162,0,No Failure,9.5,64611.799999999996,0.2901840490797546
2,302.5,312.0,1579,35.7,167,0,No Failure,9.5,56370.3,0.21250000000000002
0,302.5,311.9,1306,59.7,172,0,No Failure,9.399999999999977,77968.2,0.34508670520231216
1,302.5,312.0,1521,40.2,174,0,No Failure,9.5,61144.200000000004,0.22971428571428573
0,302.5,312.0,1411,44.2,177,0,No Failure,9.5,62366.200000000004,0.24831460674157305
2,302.5,312.0,1357,42.0,179,0,No Failure,9.5,56994.0,0.23333333333333334
1,302.5,312.0,1436,43.5,184,0,No Failure,9.5,62466.0,0.23513513513513515
0,302.5,311.9,1553,40.1,187,0,No Failure,9.399999999999977,62275.3,0.21329787234042555
1,302.5,312.0,1451,43.2,189,0,No Failure,9.5,62683.200000000004,0.22736842105263158
0,302.4,311.9,1541,37.9,192,0,No Failure,9.5,58403.899999999994,0.19637305699481863
1,302.3,311.7,1341,46.3,194,0,No Failure,9.399999999999977,62088.299999999996,0.2374358974358974
0,302.3,311.7,1648,32.1,197,0,No Failure,9.399999999999977,52900.8,0.16212121212121214
1,302.3,311.7,1640,31.5,199,0,No Failure,9.399999999999977,51660.0,0.1575
0,302.4,311.8,1416,46.1,202,0,No Failure,9.400000000000034,65277.6,0.2270935960591133
0,302.4,311.9,1671,29.9,204,0,No Failure,9.5,49962.899999999994,0.14585365853658536
0,302.4,312.0,1457,45.5,206,0,No Failure,9.600000000000023,66293.5,0.21980676328502416
1,302.5,312.0,1445,54.8,0,0,No Failure,9.5,79186.0,54.8
0,302.5,312.1,1534,38.6,3,0,No Failure,9.600000000000023,59212.4,9.65
0,302.4,312.0,1508,36.9,5,0,No Failure,9.600000000000023,55645.2,6.1499999999999995
1,302.4,312.1,1492,47.7,7,0,No Failure,9.700000000000045,71168.40000000001,5.9625
0,302.4,312.0,1562,37.9,10,0,No Failure,9.600000000000023,59199.799999999996,3.4454545454545453
0,302.4,312.0,1545,36.4,12,0,No Failure,9.600000000000023,56238.0,2.8
0,302.5,312.2,1738,25.3,14,0,No Failure,9.699999999999989,43971.4,1.6866666666666668
0,302.4,312.0,1305,49.1,16,0,No Failure,9.600000000000023,64075.5,2.888235294117647
2,302.4,312.0,1477,39.7,18,0,No Failure,9.600000000000023,58636.9,2.0894736842105264
2,302.4,312.0,1457,43.4,23,0,No Failure,9.600000000000023,63233.799999999996,1.8083333333333333
0,302.4,312.1,1455,40.4,28,0,No Failure,9.700000000000045,58782.0,1.393103448275862
0,302.5,312.2,1574,38.7,30,0,No Failure,9.699999999999989,60913.8,1.2483870967741937
0,302.6,312.2,1695,27.1,32,0,No Failure,9.599999999999966,45934.5,0.8212121212121213
1,302.6,312.2,1458,38.8,34,0,No Failure,9.599999999999966,56570.399999999994,1.1085714285714285
1,302.5,312.1,1454,47.6,37,0,No Failure,9.600000000000023,69210.40000000001,1.2526315789473685
0,302.5,312.0,2052,18.9,40,0,No Failure,9.5,38782.799999999996,0.4609756097560975
0,302.5,312.0,1673,29.9,42,0,No Failure,9.5,50022.7,0.6953488372093023
0,302.4,311.9,1578,29.9,44,0,No Failure,9.5,47182.2,0.6644444444444444
1,302.5,312.0,1642,29.1,46,0,No Failure,9.5,47782.200000000004,0.6191489361702128
1,302.4,311.8,1557,31.5,49,0,No Failure,9.400000000000034,49045.5,0.63
0,302.5,311.9,1481,42.9,52,0,No Failure,9.399999999999977,63534.9,0.8094339622641509
1,302.5,311.8,1566,37.6,54,0,No Failure,9.300000000000011,58881.600000000006,0.6836363636363637
1,302.5,311.9,1298,57.5,57,0,No Failure,9.399999999999977,74635.0,0.9913793103448276
1,302.5,311.9,1340,59.4,60,0,No Failure,9.399999999999977,79596.0,0.9737704918032787
0,302.5,312.0,1574,33.8,63,0,No Failure,9.5,53201.2,0.528125
0,302.5,311.9,1437,46.7,65,0,No Failure,9.399999999999977,67107.90000000001,0.7075757575757576
0,302.6,311.9,1354,48.0,67,0,No Failure,9.299999999999955,64992.0,0.7058823529411765
0,302.6,311.9,1598,35.5,69,0,No Failure,9.299999999999955,56729.0,0.5071428571428571
1,302.7,312.0,1944,21.4,71,0,No Failure,9.300000000000011,41601.6,0.2972222222222222
1,302.7,312.0,1538,36.7,74,0,No Failure,9.300000000000011,56444.600000000006,0.4893333333333334
0,302.7,312.0,1501,37.0,77,0,No Failure,9.300000000000011,55537.0,0.47435897435897434
0,302.8,312.1,1441,52.1,79,0,No Failure,9.300000000000011,75076.1,0.65125
1,302.7,312.0,1652,31.0,81,0,No Failure,9.300000000000011,51212.0,0.3780487804878049
0,302.8,312.1,1487,36.6,84,0,No Failure,9.300000000000011,54424.200000000004,0.43058823529411766
0,302.9,312.2,1605,33.9,86,0,No Failure,9.300000000000011,54409.5,0.3896551724137931
0,302.9,312.1,1334,54.7,88,0,No Failure,9.200000000000045,72969.8,0.6146067415730337
0,302.9,312.2,1340,57.8,90,0,No Failure,9.300000000000011,77452.0,0.6351648351648351
0,302.9,312.2,1513,37.8,92,0,No Failure,9.300000000000011,57191.399999999994,0.4064516129032258
0,302.9,312.2,1510,41.4,94,0,No Failure,9.300000000000011,62514.0,0.4357894736842105
0,302.9,312.2,1729,23.6,96,0,No Failure,9.300000000000011,40804.4,0.24329896907216497
1,302.9,312.2,1745,25.5,98,0,No Failure,9.300000000000011,44497.5,0.25757575757575757
1,303.1,312.3,1623,31.6,101,0,No Failure,9.199999999999989,51286.8,0.30980392156862746
1,303.1,312.4,1378,50.1,104,0,No Failure,9.299999999999955,69037.8,0.47714285714285715
0,303.1,312.4,1407,41.2,107,0,No Failure,9.299999999999955,57968.4,0.38148148148148153
1,303.0,312.3,1674,29.5,109,0,No Failure,9.300000000000011,49383.0,0.2681818181818182
0,303.0,312.3,1486,42.4,112,0,No Failure,9.300000000000011,63006.4,0.3752212389380531
1,303.0,312.3,1483,38.8,114,0,No Failure,9.300000000000011,57540.399999999994,0.33739130434782605
2,303.0,312.2,1624,28.8,117,0,No Failure,9.199999999999989,46771.200000000004,0.2440677966101695
1,303.0,312.2,1257,71.3,122,1,Power Failure,9.199999999999989,89624.09999999999,0.5796747967479674
0,303.0,312.3,1480,41.4,125,0,No Failure,9.300000000000011,61272.0,0.32857142857142857
0,303.1,312.4,1404,61.5,127,1,Power Failure,9.299999999999955,86346.0,0.48046875
1,303.0,312.4,1645,29.6,129,0,No Failure,9.399999999999977,48692.0,0.2276923076923077
0,303.0,312.3,1932,21.9,132,0,No Failure,9.300000000000011,42310.799999999996,0.16466165413533834
0,303.0,312.3,1533,38.5,134,0,No Failure,9.300000000000011,59020.5,0.2851851851851852
1,302.9,312.2,1292,54.4,136,0,No Failure,9.300000000000011,70284.8,0.3970802919708029
0,302.9,312.2,1571,40.6,139,0,No Failure,9.300000000000011,63782.600000000006,0.29000000000000004
0,302.9,312.3,1578,36.3,141,0,No Failure,9.400000000000034,57281.399999999994,0.2556338028169014
1,302.8,312.2,1469,36.9,143,0,No Failure,9.399999999999977,54206.1,0.25625
0,302.7,312.1,1728,24.4,146,0,No Failure,9.400000000000034,42163.2,0.16598639455782313
2,302.7,312.1,1603,32.5,148,0,No Failure,9.400000000000034,52097.5,0.2181208053691275
0,302.7,312.1,1597,39.8,153,0,No Failure,9.400000000000034,63560.6,0.2584415584415584
0,302.7,312.1,1688,32.0,155,0,No Failure,9.400000000000034,54016.0,0.20512820512820512
0,302.7,312.2,1405,51.4,157,0,No Failure,9.5,72217.0,0.32531645569620254
1,302.8,312.2,1615,32.9,159,0,No Failure,9.399999999999977,53133.5,0.205625
0,302.8,312.2,1515,36.8,162,0,No Failure,9.399999999999977,55751.99999999999,0.22576687116564415
0,302.7,312.2,1376,52.8,164,0,No Failure,9.5,72652.8,0.32
0,302.7,312.2,1447,47.5,166,0,No Failure,9.5,68732.5,0.2844311377245509
1,302.6,312.2,1353,56.5,168,0,No Failure,9.599999999999966,76444.5,0.3343195266272189
0,302.6,312.1,1502,47.3,171,0,No Failure,9.5,71044.59999999999,0.27499999999999997
0,302.6,312.0,1447,45.5,173,0,No Failure,9.399999999999977,65838.5,0.2614942528735632
1,302.5,312.0,1487,46.1,175,0,No Failure,9.5,68550.7,0.2619318181818182
0,302.6,312.1,1519,38.1,178,0,No Failure,9.5,57873.9,0.21284916201117318
0,302.6,312.1,1668,28.7,180,0,No Failure,9.5,47871.6,0.15856353591160222
0,302.6,312.1,1420,51.6,182,0,No Failure,9.5,73272.0,0.2819672131147541
0,302.6,312.1,1473,37.3,184,0,No Failure,9.5,54942.899999999994,0.20162162162162162
0,302.5,312.0,1495,38.8,186,0,No Failure,9.5,58005.99999999999,0.20748663101604276
0,302.5,312.0,1574,42.0,188,0,No Failure,9.5,66108.0,0.2222222222222222
0,302.5,312.0,1383,51.3,190,0,No Failure,9.5,70947.9,0.268586387434555
1,302.5,312.0,1591,29.4,192,0,No Failure,9.5,46775.399999999994,0.15233160621761657
1,302.4,311.8,1644,37.2,195,0,No Failure,9.400000000000034,61156.8,0.18979591836734697
2,302.5,311.8,2370,14.7,198,0,No Failure,9.300000000000011,34839.0,0.07386934673366834
0,302.5,311.9,1401,44.9,203,0,No Failure,9.399999999999977,62904.9,0.22009803921568627
1,302.5,311.9,1414,51.6,205,0,No Failure,9.399999999999977,72962.40000000001,0.2504854368932039
0,302.5,312.0,1456,46.3,208,0,No Failure,9.5,67412.8,0.22153110047846888
1,302.5,312.0,1447,45.7,210,0,No Failure,9.5,66127.90000000001,0.2165876777251185
0,302.4,311.8,1727,26.5,213,0,No Failure,9.400000000000034,45765.5,0.12383177570093458
0,302.4,311.7,1495,36.8,215,0,No Failure,9.300000000000011,55015.99999999999,0.17037037037037037
0,302.3,311.6,1544,34.3,0,0,No Failure,9.300000000000011,52959.2,34.3
0,302.3,311.5,1387,47.3,2,0,No Failure,9.199999999999989,65605.09999999999,15.766666666666666
1,302.3,311.5,1316,47.2,4,0,No Failure,9.199999999999989,62115.200000000004,9.440000000000001
0,302.3,311.5,1794,26.1,7,0,No Failure,9.199999999999989,46823.4,3.2625
1,302.2,311.4,1372,55.1,9,0,No Failure,9.199999999999989,75597.2,5.51
1,302.3,311.5,1674,30.0,12,0,No Failure,9.199999999999989,50220.0,2.3076923076923075
0,302.2,311.4,1477,41.7,15,0,No Failure,9.199999999999989,61590.9,2.60625
0,302.2,311.4,1397,53.0,17,0,No Failure,9.199999999999989,74041.0,2.9444444444444446
0,302.2,311.5,1616,34.0,19,0,No Failure,9.300000000000011,54944.0,1.7
1,302.3,311.5,1530,42.3,21,0,No Failure,9.199999999999989,64718.99999999999,1.9227272727272726
1,302.2,311.4,1539,35.1,24,0,No Failure,9.199999999999989,54018.9,1.4040000000000001
0,302.3,311.4,1845,21.9,27,0,No Failure,9.099999999999966,40405.5,0.7821428571428571
0,302.2,311.4,1430,43.1,29,0,No Failure,9.199999999999989,61633.0,1.4366666666666668
0,302.2,311.4,2080,19.2,31,0,No Failure,9.199999999999989,39936.0,0.6
1,302.2,311.4,1432,45.3,33,0,No Failure,9.199999999999989,64869.6,1.3323529411764705
1,302.2,311.5,1479,39.5,36,0,No Failure,9.300000000000011,58420.5,1.0675675675675675
0,302.2,311.5,1424,45.2,39,0,No Failure,9.300000000000011,64364.8,1.1300000000000001
2,302.2,311.6,1534,37.2,41,0,No Failure,9.400000000000034,57064.8,0.8857142857142858
2,302.1,311.6,1701,26.2,46,0,No Failure,9.5,44566.2,0.5574468085106383
0,302.2,311.6,1462,50.0,51,0,No Failure,9.400000000000034,73100.0,0.9615384615384616
1,302.2,311.7,1393,42.5,53,0,No Failure,9.5,59202.5,0.7870370370370371
1,302.3,311.7,1453,42.5,56,0,No Failure,9.399999999999977,61752.5,0.7456140350877193
0,302.3,311.8,1565,37.8,59,0,No Failure,9.5,59156.99999999999,0.63
0,302.3,311.8,1281,51.7,61,0,No Failure,9.5,66227.7,0.8338709677419355
1,302.2,311.7,1584,36.2,63,0,No Failure,9.5,57340.8,0.565625
1,302.2,311.7,1466,49.0,66,0,No Failure,9.5,71834.0,0.7313432835820896
1,302.2,311.6,1386,50.5,69,0,No Failure,9.400000000000034,69993.0,0.7214285714285714
0,302.2,311.6,1383,44.3,72,0,No Failure,9.400000000000034,61266.899999999994,0.6068493150684932
2,302.3,311.6,1441,53.9,74,0,No Failure,9.300000000000011,77669.9,0.7186666666666667
1,302.2,311.6,1592,37.7,79,0,No Failure,9.400000000000034,60018.4,0.47125000000000006
2,302.2,311.6,1594,36.8,82,0,No Failure,9.400000000000034,58659.2,0.4433734939759036
0,302.2,311.5,1482,45.6,87,0,No Failure,9.300000000000011,67579.2,0.5181818181818182
0,302.2,311.6,1658,31.4,89,0,No Failure,9.400000000000034,52061.2,0.34888888888888886
0,302.3,311.7,2170,18.2,91,0,No Failure,9.399999999999977,39494.0,0.19782608695652174
1,302.3,311.7,1423,44.6,93,0,No Failure,9.399999999999977,63465.8,0.474468085106383
0,302.4,311.8,1543,31.1,96,0,No Failure,9.400000000000034,47987.3,0.32061855670103095
0,302.3,311.8,1435,44.8,98,0,No Failure,9.5,64287.99999999999,0.4525252525252525
0,302.4,311.8,1320,56.4,100,0,No Failure,9.400000000000034,74448.0,0.5584158415841584
1,302.4,311.9,1313,55.7,102,0,No Failure,9.5,73134.1,0.5407766990291263
1,302.4,311.8,1453,42.1,105,0,No Failure,9.400000000000034,61171.3,0.39716981132075474
0,302.4,311.8,1508,45.7,108,0,No Failure,9.400000000000034,68915.6,0.4192660550458716
0,302.4,311.8,1451,42.0,110,0,No Failure,9.400000000000034,60942.0,0.3783783783783784
2,302.5,311.9,1595,34.6,112,0,No Failure,9.399999999999977,55187.0,0.30619469026548674
0,302.5,311.9,1354,49.4,117,0,No Failure,9.399999999999977,66887.59999999999,0.4186440677966102
0,302.5,311.9,1265,59.8,119,0,No Failure,9.399999999999977,75647.0,0.4983333333333333
0,302.4,311.9,1867,25.9,121,0,No Failure,9.5,48355.299999999996,0.2122950819672131
0,302.5,311.9,1497,41.6,123,0,No Failure,9.399999999999977,62275.200000000004,0.33548387096774196
1,302.5,311.9,1347,54.3,125,0,No Failure,9.399999999999977,73142.09999999999,0.4309523809523809
0,302.3,311.7,1544,43.2,128,0,No Failure,9.399999999999977,66700.8,0.33488372093023255
2,302.3,311.7,1456,45.4,130,0,No Failure,9.399999999999977,66102.4,0.3465648854961832
0,302.5,311.8,1335,52.7,135,0,No Failure,9.300000000000011,70354.5,0.3875
0,302.4,311.9,1452,43.1,137,0,No Failure,9.5,62581.200000000004,0.31231884057971016
0,302.4,311.9,1290,70.0,139,1,Power Failure,9.5,90300.0,0.5
0,302.4,311.8,1448,43.4,141,0,No Failure,9.400000000000034,62843.2,0.3056338028169014
0,302.3,311.7,1611,38.6,143,0,No Failure,9.399999999999977,62184.600000000006,0.26805555555555555
0,302.2,311.7,1556,38.6,145,0,No Failure,9.5,60061.600000000006,0.26438356164383564
2,302.2,311.7,1413,46.5,147,0,No Failure,9.5,65704.5,0.3141891891891892
0,302.2,311.6,1545,35.9,152,0,No Failure,9.400000000000034,55465.5,0.234640522875817
0,302.2,311.7,1330,54.6,154,0,No Failure,9.5,72618.0,0.35225806451612907
0,302.2,311.9,1596,38.0,156,0,No Failure,9.699999999999989,60648.0,0.24203821656050956
0,302.2,311.8,1618,36.0,158,0,No Failure,9.600000000000023,58248.0,0.22641509433962265
2,302.2,311.9,1597,35.8,160,0,No Failure,9.699999999999989,57172.6,0.22236024844720495
0,302.3,312.0,1354,52.2,165,0,No Failure,9.699999999999989,70678.8,0.3144578313253012
0,302.3,312.0,1746,28.1,167,0,No Failure,9.699999999999989,49062.600000000006,0.16726190476190478
0,302.4,312.0,1621,32.5,169,0,No Failure,9.600000000000023,52682.5,0.19117647058823528
0,302.3,312.0,1398,43.3,171,0,No Failure,9.699999999999989,60533.399999999994,0.2517441860465116
0,302.3,311.9,1434,51.9,173,0,No Failure,9.599999999999966,74424.59999999999,0.2982758620689655
1,302.3,311.8,1443,43.4,175,0,No Failure,9.5,62626.2,0.24659090909090908
0,302.2,311.7,1488,44.6,178,0,No Failure,9.5,66364.8,0.24916201117318437
1,302.3,311.8,1475,48.0,180,0,No Failure,9.5,70800.0,0.26519337016574585
0,302.3,311.8,1433,50.3,183,0,No Failure,9.5,72079.9,0.2733695652173913
1,302.3,311.8,1557,34.1,185,0,No Failure,9.5,53093.700000000004,0.18333333333333335
1,302.4,311.9,1398,50.1,188,0,No Failure,9.5,70039.8,0.2650793650793651
1,302.3,311.8,1559,34.4,191,0,No Failure,9.5,53629.6,0.17916666666666667
1,302.4,311.9,1422,46.4,194,0,No Failure,9.5,65980.8,0.23794871794871794
1,302.3,311.8,1463,35.7,197,0,No Failure,9.5,52229.100000000006,0.18030303030303033
0,302.3,311.7,1793,25.3,200,0,No Failure,9.399999999999977,45362.9,0.12587064676616916
0,302.2,311.6,1872,20.4,202,0,No Failure,9.400000000000034,38188.799999999996,0.10049261083743842
0,302.2,311.7,1412,44.5,204,0,No Failure,9.5,62834.0,0.21707317073170732
0,302.3,311.8,1487,43.2,206,0,No Failure,9.5,64238.4,0.20869565217391306
0,302.3,311.8,1369,56.2,208,1,Overstrain Failure,9.5,76937.8,0.26889952153110047
0,302.4,311.8,1673,30.1,210,0,No Failure,9.400000000000034,50357.3,0.14265402843601896
1,302.4,311.9,1439,36.6,212,0,No Failure,9.5,52667.4,0.17183098591549295
0,302.3,311.8,1574,42.8,215,0,No Failure,9.5,67367.2,0.19814814814814813
0,302.3,311.7,1281,48.8,0,0,No Failure,9.399999999999977,62512.799999999996,48.8
1,302.2,311.7,1653,31.4,2,0,No Failure,9.5,51904.2,10.466666666666667
1,302.3,311.7,1535,38.3,5,0,No Failure,9.399999999999977,58790.49999999999,6.383333333333333
1,302.3,311.7,1483,40.5,8,0,No Failure,9.399999999999977,60061.5,4.5
0,302.3,311.7,1414,47.0,11,0,No Failure,9.399999999999977,66458.0,3.9166666666666665
1,302.2,311.6,1379,42.9,13,0,No Failure,9.400000000000034,59159.1,3.064285714285714
2,302.2,311.5,1482,42.6,16,0,No Failure,9.300000000000011,63133.200000000004,2.5058823529411764
0,302.1,311.5,1987,20.1,21,0,No Failure,9.399999999999977,39938.700000000004,0.9136363636363637
1,302.1,311.5,1635,31.6,23,0,No Failure,9.399999999999977,51666.0,1.3166666666666667
0,302.1,311.5,1533,39.4,26,0,No Failure,9.399999999999977,60400.2,1.4592592592592593
1,302.2,311.7,1576,34.0,28,0,No Failure,9.5,53584.0,1.1724137931034482
2,302.2,311.8,1330,62.4,31,0,No Failure,9.600000000000023,82992.0,1.95
0,302.2,311.8,1981,21.8,36,0,No Failure,9.600000000000023,43185.8,0.5891891891891892
2,302.3,311.8,1475,42.8,38,0,No Failure,9.5,63129.99999999999,1.0974358974358973
2,302.3,311.8,1804,25.0,43,0,No Failure,9.5,45100.0,0.5681818181818182
0,302.2,311.6,1416,54.1,48,0,No Failure,9.400000000000034,76605.6,1.1040816326530614
0,302.1,311.5,1727,27.7,50,0,No Failure,9.399999999999977,47837.9,0.5431372549019607
0,302.1,311.4,1391,49.2,52,0,No Failure,9.299999999999955,68437.2,0.9283018867924528
1,302.0,311.5,1366,52.3,54,0,No Failure,9.5,71441.8,0.9509090909090908
0,301.9,311.3,1366,55.6,57,0,No Failure,9.400000000000034,75949.6,0.9586206896551724
0,301.9,311.3,1501,40.8,59,0,No Failure,9.400000000000034,61240.799999999996,0.6799999999999999
0,301.8,311.3,1551,35.8,61,0,No Failure,9.5,55525.799999999996,0.5774193548387097
1,301.9,311.3,1522,35.6,63,0,No Failure,9.400000000000034,54183.200000000004,0.55625
0,301.9,311.2,1369,49.8,66,0,No Failure,9.300000000000011,68176.2,0.7432835820895521
0,301.8,311.2,1334,52.3,68,0,No Failure,9.399999999999977,69768.2,0.7579710144927536
2,301.8,311.2,1451,39.4,70,0,No Failure,9.399999999999977,57169.4,0.5549295774647887
0,301.7,311.2,1589,37.9,75,0,No Failure,9.5,60223.1,0.4986842105263158
0,301.7,311.3,1708,30.5,77,0,No Failure,9.600000000000023,52094.0,0.391025641025641
1,301.7,311.2,1413,42.6,79,0,No Failure,9.5,60193.8,0.5325
1,301.6,311.2,1415,46.5,82,0,No Failure,9.599999999999966,65797.5,0.5602409638554217
0,301.7,311.3,1421,45.9,85,0,No Failure,9.600000000000023,65223.9,0.5337209302325582
0,301.7,311.3,1348,51.0,87,0,No Failure,9.600000000000023,68748.0,0.5795454545454546
0,301.6,311.2,1408,42.9,89,0,No Failure,9.599999999999966,60403.2,0.4766666666666666
0,301.6,311.2,1525,43.7,91,0,No Failure,9.599999999999966,66642.5,0.47500000000000003
0,301.6,311.3,1706,29.9,93,0,No Failure,9.699999999999989,51009.399999999994,0.3180851063829787
2,301.6,311.2,1395,46.8,95,0,No Failure,9.599999999999966,65285.99999999999,0.4875
0,301.5,311.1,1602,34.3,100,0,No Failure,9.600000000000023,54948.6,0.3396039603960396
0,301.6,311.1,1907,21.5,102,0,No Failure,9.5,41000.5,0.2087378640776699
0,301.6,311.1,1325,49.2,104,0,No Failure,9.5,65190.00000000001,0.4685714285714286
0,301.6,311.1,1408,44.4,106,0,No Failure,9.5,62515.2,0.41495327102803736
1,301.7,311.1,1489,41.4,108,0,No Failure,9.400000000000034,61644.6,0.37981651376146786
0,301.6,311.1,1680,29.2,111,0,No Failure,9.5,49056.0,0.26071428571428573
0,301.7,311.2,1517,42.4,113,0,No Failure,9.5,64320.799999999996,0.3719298245614035
1,301.7,311.1,1618,36.7,115,0,No Failure,9.400000000000034,59380.600000000006,0.31637931034482764
0,301.7,311.1,1455,39.8,118,0,No Failure,9.400000000000034,57908.99999999999,0.334453781512605
2,301.8,311.1,1543,36.4,120,0,No Failure,9.300000000000011,56165.2,0.3008264462809917
1,301.8,311.1,1399,41.8,125,0,No Failure,9.300000000000011,58478.2,0.33174603174603173
0,301.7,311.1,1469,37.2,128,0,No Failure,9.400000000000034,54646.8,0.28837209302325584
0,301.7,311.2,1521,36.7,130,0,No Failure,9.5,55820.700000000004,0.2801526717557252
0,301.7,311.3,1584,38.8,132,0,No Failure,9.600000000000023,61459.2,0.29172932330827067
0,301.8,311.5,1443,43.3,134,0,No Failure,9.699999999999989,62481.899999999994,0.3207407407407407
1,301.8,311.5,1416,49.0,136,0,No Failure,9.699999999999989,69384.0,0.35766423357664234
1,301.7,311.2,1563,34.5,139,0,No Failure,9.5,53923.5,0.24642857142857144
1,301.8,311.3,1542,40.1,142,0,No Failure,9.5,61834.200000000004,0.2804195804195804
1,301.8,311.3,1624,31.6,145,0,No Failure,9.5,51318.4,0.21643835616438356
0,301.8,311.3,1471,44.2,148,0,No Failure,9.5,65018.200000000004,0.2966442953020134
1,301.9,311.5,1492,40.8,150,0,No Failure,9.600000000000023,60873.6,0.27019867549668874
1,301.9,311.4,1465,39.9,153,0,No Failure,9.5,58453.5,0.2590909090909091
0,301.7,311.1,1399,55.1,156,0,No Failure,9.400000000000034,77084.90000000001,0.3509554140127389
0,301.6,311.0,1431,42.6,158,0,No Failure,9.399999999999977,60960.6,0.2679245283018868
0,301.5,310.9,1600,39.0,160,0,No Failure,9.399999999999977,62400.0,0.2422360248447205
0,301.5,310.8,1593,34.5,162,0,No Failure,9.300000000000011,54958.5,0.2116564417177914
0,301.5,310.9,1469,44.7,164,0,No Failure,9.399999999999977,65664.3,0.27090909090909093
0,301.5,310.8,1413,44.6,166,0,No Failure,9.300000000000011,63019.8,0.26706586826347306
0,301.4,310.8,1490,38.0,168,0,No Failure,9.400000000000034,56620.0,0.22485207100591717
0,301.5,310.9,1671,31.1,170,0,No Failure,9.399999999999977,51968.100000000006,0.18187134502923977
0,301.5,310.9,1365,46.5,172,0,No Failure,9.399999999999977,63472.5,0.26878612716763006
1,301.4,310.9,1557,39.3,174,0,No Failure,9.5,61190.1,0.22457142857142856
0,301.4,310.9,1440,45.4,177,0,No Failure,9.5,65376.0,0.2550561797752809
1,301.4,310.9,1489,38.9,179,0,No Failure,9.5,57922.1,0.21611111111111111
0,301.4,311.0,1733,25.7,182,0,No Failure,9.600000000000023,44538.1,0.14043715846994534
2,301.3,311.0,1580,36.6,184,0,No Failure,9.699999999999989,57828.0,0.19783783783783784
0,301.3,311.0,1856,21.9,189,0,No Failure,9.699999999999989,40646.399999999994,0.11526315789473683
0,301.3,311.1,1454,40.3,191,0,No Failure,9.800000000000011,58596.2,0.2098958333333333
0,301.4,311.1,1495,36.3,193,0,No Failure,9.700000000000045,54268.49999999999,0.18711340206185564
0,301.2,311.0,1761,29.1,195,0,No Failure,9.800000000000011,51245.100000000006,0.14846938775510204
1,301.3,311.0,1402,47.5,197,0,No Failure,9.699999999999989,66595.0,0.2398989898989899
0,301.2,311.0,1670,33.0,200,0,No Failure,9.800000000000011,55110.0,0.16417910447761194
0,301.3,311.0,1582,35.6,202,0,No Failure,9.699999999999989,56319.200000000004,0.17536945812807883
0,301.3,311.0,1542,35.1,204,0,No Failure,9.699999999999989,54124.200000000004,0.17121951219512196
0,301.3,311.0,1539,36.9,206,0,No Failure,9.699999999999989,56789.1,0.1782608695652174
0,301.3,311.0,1418,41.9,208,0,No Failure,9.699999999999989,59414.2,0.20047846889952153
0,301.3,311.1,1723,27.6,210,0,No Failure,9.800000000000011,47554.8,0.1308056872037915
0,301.3,311.1,1303,49.2,212,0,No Failure,9.800000000000011,64107.600000000006,0.23098591549295777
1,301.3,311.0,1463,50.2,214,0,No Failure,9.699999999999989,73442.6,0.23348837209302326
0,301.2,311.0,1544,39.3,217,0,No Failure,9.800000000000011,60679.2,0.18027522935779816
0,301.2,311.0,1596,37.2,219,0,No Failure,9.800000000000011,59371.200000000004,0.1690909090909091
0,301.3,311.1,1413,42.0,221,0,No Failure,9.800000000000011,59346.0,0.1891891891891892
1,301.3,311.1,1492,41.2,223,0,No Failure,9.800000000000011,61470.4,0.18392857142857144
0,301.3,311.1,1624,40.9,0,0,No Failure,9.800000000000011,66421.59999999999,40.9
0,301.3,311.1,1504,39.1,2,0,No Failure,9.800000000000011,58806.4,13.033333333333333
1,301.2,311.1,1574,34.3,4,0,No Failure,9.900000000000034,53988.2,6.859999999999999
1,301.3,311.2,1438,42.4,7,0,No Failure,9.899999999999977,60971.2,5.3
0,301.3,311.3,1474,50.7,10,0,No Failure,10.0,74731.8,4.609090909090909
0,301.3,311.2,1675,32.1,12,0,No Failure,9.899999999999977,53767.5,2.4692307692307693
0,301.3,311.2,1457,44.5,14,0,No Failure,9.899999999999977,64836.5,2.966666666666667
0,301.3,311.3,1434,49.8,16,0,No Failure,10.0,71413.2,2.929411764705882
0,301.3,311.2,1668,30.1,18,0,No Failure,9.899999999999977,50206.8,1.5842105263157895
0,301.2,311.1,1550,39.7,20,0,No Failure,9.900000000000034,61535.00000000001,1.8904761904761906
1,301.3,311.1,1834,25.4,22,0,No Failure,9.800000000000011,46583.6,1.1043478260869564
1,301.4,311.2,1476,36.5,25,0,No Failure,9.800000000000011,53874.0,1.4038461538461537
1,301.4,311.2,1541,36.3,28,0,No Failure,9.800000000000011,55938.299999999996,1.2517241379310344
1,301.3,311.1,1581,30.9,31,0,No Failure,9.800000000000011,48852.899999999994,0.965625
1,301.3,311.1,1678,30.7,34,0,No Failure,9.800000000000011,51514.6,0.8771428571428571
0,301.4,311.2,1355,50.6,37,0,No Failure,9.800000000000011,68563.0,1.3315789473684212
0,301.5,311.2,1700,28.8,39,0,No Failure,9.699999999999989,48960.0,0.72
0,301.4,311.1,1462,37.1,41,0,No Failure,9.700000000000045,54240.200000000004,0.8833333333333334
1,301.4,311.2,1727,26.5,43,0,No Failure,9.800000000000011,45765.5,0.6022727272727273
0,301.4,311.3,1674,33.3,46,0,No Failure,9.900000000000034,55744.2,0.7085106382978723
0,301.4,311.3,1397,42.3,48,0,No Failure,9.900000000000034,59093.1,0.8632653061224489
0,301.4,311.3,2323,15.9,50,0,No Failure,9.900000000000034,36935.700000000004,0.31176470588235294
1,301.4,311.2,1434,47.6,52,0,No Failure,9.800000000000011,68258.40000000001,0.8981132075471698
0,301.3,311.1,1560,35.3,55,0,No Failure,9.800000000000011,55067.99999999999,0.6303571428571428
0,301.2,311.0,1573,32.8,57,0,No Failure,9.800000000000011,51594.399999999994,0.5655172413793103
2,301.2,310.9,1798,22.3,59,0,No Failure,9.699999999999989,40095.4,0.3716666666666667
0,301.2,311.0,1567,35.1,64,0,No Failure,9.800000000000011,55001.700000000004,0.54
0,301.2,310.9,1416,53.3,66,0,No Failure,9.699999999999989,75472.8,0.7955223880597014
1,301.2,310.9,1424,45.2,68,0,No Failure,9.699999999999989,64364.8,0.655072463768116
2,301.2,310.9,1598,35.9,71,0,No Failure,9.699999999999989,57368.2,0.4986111111111111
0,301.3,310.9,1760,23.9,76,0,No Failure,9.599999999999966,42064.0,0.3103896103896104
0,301.3,311.0,1348,44.5,78,0,No Failure,9.699999999999989,59986.0,0.5632911392405063
0,301.3,311.0,1542,33.6,80,0,No Failure,9.699999999999989,51811.200000000004,0.41481481481481486
0,301.3,310.9,1566,33.1,82,0,No Failure,9.599999999999966,51834.600000000006,0.3987951807228916
0,301.3,311.0,1554,47.7,84,0,No Failure,9.699999999999989,74125.8,0.5611764705882353
0,301.4,311.0,1470,40.6,86,0,No Failure,9.600000000000023,59682.0,0.4666666666666667
1,301.4,311.1,1758,25.4,88,0,No Failure,9.700000000000045,44653.2,0.2853932584269663
1,301.4,311.0,1486,36.5,91,0,No Failure,9.600000000000023,54239.0,0.3967391304347826
1,301.5,311.1,1402,40.0,94,0,No Failure,9.600000000000023,56080.0,0.42105263157894735
0,301.5,311.1,1459,45.1,97,0,No Failure,9.600000000000023,65800.90000000001,0.4602040816326531
0,301.5,311.0,1494,45.3,99,0,No Failure,9.5,67678.2,0.45299999999999996
0,301.5,311.1,1731,27.9,101,0,No Failure,9.600000000000023,48294.899999999994,0.27352941176470585
0,301.5,311.1,2076,18.7,103,0,No Failure,9.600000000000023,38821.2,0.1798076923076923
0,301.5,311.1,2055,16.8,105,0,No Failure,9.600000000000023,34524.0,0.15849056603773587
0,301.5,311.1,1469,49.5,107,0,No Failure,9.600000000000023,72715.5,0.4583333333333333
1,301.5,311.0,1504,42.6,109,0,No Failure,9.5,64070.4,0.38727272727272727
1,301.5,311.1,1396,43.5,112,0,No Failure,9.600000000000023,60726.0,0.38495575221238937
1,301.5,311.1,1660,33.8,115,0,No Failure,9.600000000000023,56107.99999999999,0.29137931034482756
1,301.5,311.0,1577,39.7,118,0,No Failure,9.5,62606.9,0.3336134453781513
0,301.5,311.1,1426,52.1,121,0,No Failure,9.600000000000023,74294.6,0.42704918032786887
0,301.5,311.1,1458,41.4,123,0,No Failure,9.600000000000023,60361.2,0.3338709677419355
0,301.4,311.0,1533,45.8,125,0,No Failure,9.600000000000023,70211.4,0.3634920634920635
0,301.4,311.0,1701,28.4,127,0,No Failure,9.600000000000023,48308.399999999994,0.221875
0,301.5,311.1,1434,49.6,129,0,No Failure,9.600000000000023,71126.40000000001,0.38153846153846155
0,301.4,311.1,1952,22.7,131,0,No Failure,9.700000000000045,44310.4,0.17196969696969697
0,301.4,311.1,1469,36.9,133,0,No Failure,9.700000000000045,54206.1,0.2753731343283582
0,301.4,311.1,1800,26.0,135,0,No Failure,9.700000000000045,46800.0,0.19117647058823528
1,301.3,311.1,1438,43.0,137,0,No Failure,9.800000000000011,61834.0,0.3115942028985507
0,301.3,311.1,1647,28.2,140,0,No Failure,9.800000000000011,46445.4,0.19999999999999998
0,301.4,311.1,1494,41.9,142,0,No Failure,9.700000000000045,62598.6,0.293006993006993
2,301.4,311.1,1445,41.4,144,0,No Failure,9.700000000000045,59823.0,0.28551724137931034
1,301.5,311.1,1507,38.6,149,0,No Failure,9.600000000000023,58170.200000000004,0.25733333333333336
1,301.4,311.0,1234,55.8,152,0,No Failure,9.600000000000023,68857.2,0.36470588235294116
0,301.4,311.0,1634,32.6,155,0,No Failure,9.600000000000023,53268.4,0.20897435897435898
0,301.4,311.0,1334,53.3,157,0,No Failure,9.600000000000023,71102.2,0.3373417721518987
0,301.4,311.1,1472,44.5,159,0,No Failure,9.700000000000045,65504.0,0.278125
1,301.3,311.0,1410,52.7,161,0,No Failure,9.699999999999989,74307.0,0.3253086419753087
0,301.2,310.9,1597,37.9,164,0,No Failure,9.699999999999989,60526.299999999996,0.22969696969696968
1,301.2,310.9,1460,46.7,166,0,No Failure,9.699999999999989,68182.0,0.27964071856287426
0,301.1,310.8,1274,55.7,169,0,No Failure,9.699999999999989,70961.8,0.3276470588235294
1,301.0,310.7,1517,40.2,171,0,No Failure,9.699999999999989,60983.4,0.23372093023255816
0,301.0,310.7,1300,57.2,174,0,No Failure,9.699999999999989,74360.0,0.32685714285714285
2,300.9,310.6,1686,27.7,176,0,No Failure,9.700000000000045,46702.2,0.15649717514124292
1,300.9,310.7,1485,41.0,181,0,No Failure,9.800000000000011,60885.0,0.22527472527472528
0,301.0,310.7,1464,45.8,184,0,No Failure,9.699999999999989,67051.2,0.24756756756756756
0,300.9,310.6,1598,35.4,186,0,No Failure,9.700000000000045,56569.2,0.1893048128342246
0,300.9,310.5,1894,21.9,188,0,No Failure,9.600000000000023,41478.6,0.11587301587301586
1,300.8,310.5,1330,59.0,190,0,No Failure,9.699999999999989,78470.0,0.3089005235602094
2,300.8,310.5,1582,31.1,193,0,No Failure,9.699999999999989,49200.200000000004,0.16030927835051548
0,300.7,310.3,1533,35.6,198,0,No Failure,9.600000000000023,54574.8,0.17889447236180905
2,300.8,310.4,1419,46.4,200,0,No Failure,9.599999999999966,65841.59999999999,0.2308457711442786
1,300.8,310.3,1526,36.3,205,0,No Failure,9.5,55393.799999999996,0.1762135922330097
2,300.7,310.2,1364,65.3,208,1,Tool Wear Failure,9.5,89069.2,0.3124401913875598
1,300.8,310.3,1458,43.4,0,0,No Failure,9.5,63277.2,43.4
1,300.8,310.4,1288,64.0,3,0,No Failure,9.599999999999966,82432.0,16.0
1,300.7,310.3,1659,29.8,6,0,No Failure,9.600000000000023,49438.200000000004,4.257142857142857
2,300.7,310.2,1479,52.3,9,0,No Failure,9.5,77351.7,5.2299999999999995
0,300.7,310.3,1592,36.0,14,0,No Failure,9.600000000000023,57312.0,2.4
1,300.6,310.2,1532,38.7,16,0,No Failure,9.599999999999966,59288.4,2.2764705882352945
0,300.6,310.2,1555,41.9,19,0,No Failure,9.599999999999966,65154.5,2.0949999999999998
0,300.6,310.2,1341,52.6,21,0,No Failure,9.599999999999966,70536.6,2.390909090909091
0,300.6,310.1,1541,42.0,23,0,No Failure,9.5,64722.0,1.75
0,300.6,310.3,1414,50.6,25,0,No Failure,9.699999999999989,71548.40000000001,1.9461538461538461
0,300.5,310.2,1764,25.9,27,0,No Failure,9.699999999999989,45687.6,0.9249999999999999
0,300.5,310.3,1336,57.1,29,0,No Failure,9.800000000000011,76285.6,1.9033333333333333
0,300.5,310.3,1435,43.3,31,0,No Failure,9.800000000000011,62135.49999999999,1.353125
1,300.4,310.3,1537,35.0,33,0,No Failure,9.900000000000034,53795.0,1.0294117647058822
0,300.3,310.2,1369,48.8,36,0,No Failure,9.899999999999977,66807.2,1.3189189189189188
1,300.2,310.1,1619,31.3,38,0,No Failure,9.900000000000034,50674.700000000004,0.8025641025641026
0,300.2,310.1,1440,51.1,41,0,No Failure,9.900000000000034,73584.0,1.2166666666666668
0,300.2,310.1,1649,30.5,43,0,No Failure,9.900000000000034,50294.5,0.6931818181818182
1,300.2,310.1,1550,38.7,45,0,No Failure,9.900000000000034,59985.00000000001,0.841304347826087
0,300.3,310.2,1471,45.2,48,0,No Failure,9.899999999999977,66489.2,0.9224489795918368
0,300.3,310.3,1483,51.6,50,0,No Failure,10.0,76522.8,1.011764705882353
0,300.3,310.4,1336,54.4,52,0,No Failure,10.099999999999966,72678.4,1.0264150943396226
0,300.5,310.5,1515,36.6,54,0,No Failure,10.0,55449.0,0.6654545454545455
0,300.5,310.5,1373,47.4,56,0,No Failure,10.0,65080.2,0.831578947368421
2,300.6,310.5,1454,51.2,58,0,No Failure,9.899999999999977,74444.8,0.8677966101694916
0,300.5,310.5,1646,34.5,63,0,No Failure,10.0,56787.0,0.5390625
1,300.5,310.4,1548,37.3,65,0,No Failure,9.899999999999977,57740.399999999994,0.5651515151515151
1,300.6,310.5,1462,41.3,68,0,No Failure,9.899999999999977,60380.6,0.5985507246376811
0,300.5,310.4,1702,33.1,71,0,No Failure,9.899999999999977,56336.200000000004,0.45972222222222225
0,300.5,310.5,1409,60.9,73,0,No Failure,10.0,85808.09999999999,0.822972972972973
1,300.6,310.6,1427,52.8,75,0,No Failure,10.0,75345.59999999999,0.6947368421052631
0,300.6,310.7,1438,48.5,78,1,Unknown Failure,10.099999999999966,69743.0,0.6139240506329114
0,300.7,310.7,1450,43.4,80,0,No Failure,10.0,62930.0,0.5358024691358024
0,300.7,310.7,1541,41.3,82,0,No Failure,10.0,63643.299999999996,0.4975903614457831
1,300.7,310.6,1484,38.0,84,0,No Failure,9.900000000000034,56392.0,0.4470588235294118
1,300.8,310.8,1415,44.5,87,0,No Failure,10.0,62967.5,0.5056818181818182
0,300.7,310.8,1496,46.4,90,0,No Failure,10.100000000000023,69414.4,0.5098901098901099
1,300.7,310.8,1465,45.2,92,0,No Failure,10.100000000000023,66218.0,0.48602150537634414
0,300.7,310.8,2113,18.5,95,0,No Failure,10.100000000000023,39090.5,0.19270833333333334
1,300.7,310.8,1506,44.0,97,0,No Failure,10.100000000000023,66264.0,0.4489795918367347
0,300.7,310.8,1689,28.9,100,0,No Failure,10.100000000000023,48812.1,0.2861386138613861
0,300.7,310.9,1650,29.4,102,0,No Failure,10.199999999999989,48510.0,0.2854368932038835
0,300.7,310.8,1563,33.8,104,0,No Failure,10.100000000000023,52829.399999999994,0.32190476190476186
1,300.7,310.9,1486,38.9,106,0,No Failure,10.199999999999989,57805.4,0.36355140186915885
0,300.8,310.9,1732,25.7,109,0,No Failure,10.099999999999966,44512.4,0.23363636363636364
0,300.7,310.8,1653,31.6,111,0,No Failure,10.100000000000023,52234.8,0.28214285714285714
0,300.7,310.9,1535,37.1,113,0,No Failure,10.199999999999989,56948.5,0.3254385964912281
0,300.7,310.9,1637,37.2,115,0,No Failure,10.199999999999989,60896.4,0.3206896551724138
0,300.6,310.8,1533,38.5,117,0,No Failure,10.199999999999989,59020.5,0.326271186440678
0,300.6,310.8,1378,51.2,119,0,No Failure,10.199999999999989,70553.6,0.4266666666666667
0,300.5,310.7,1606,33.5,121,0,No Failure,10.199999999999989,53801.0,0.27459016393442626
0,300.3,310.7,1539,32.3,123,0,No Failure,10.399999999999977,49709.7,0.2604838709677419
0,300.5,310.8,1728,26.3,125,0,No Failure,10.300000000000011,45446.4,0.20873015873015874
2,300.4,310.7,1656,36.3,127,0,No Failure,10.300000000000011,60112.799999999996,0.28359375
2,300.5,310.8,1631,30.5,132,0,No Failure,10.300000000000011,49745.5,0.22932330827067668
2,300.5,310.9,1447,46.5,137,0,No Failure,10.399999999999977,67285.5,0.33695652173913043
0,300.4,310.8,1396,49.3,142,0,No Failure,10.400000000000034,68822.8,0.3447552447552447
0,300.4,310.8,1390,52.5,144,0,No Failure,10.400000000000034,72975.0,0.3620689655172414
0,300.4,310.8,1348,56.0,146,0,No Failure,10.400000000000034,75488.0,0.38095238095238093
1,300.4,310.8,1491,35.9,148,0,No Failure,10.400000000000034,53526.9,0.24093959731543624
0,300.4,310.8,1520,37.6,151,0,No Failure,10.400000000000034,57152.0,0.2473684210526316
0,300.5,310.8,1509,33.0,153,0,No Failure,10.300000000000011,49797.0,0.21428571428571427
0,300.5,310.8,1445,46.6,155,0,No Failure,10.300000000000011,67337.0,0.2987179487179487
0,300.5,310.8,1354,51.8,157,0,No Failure,10.300000000000011,70137.2,0.32784810126582276
0,300.5,310.7,1488,39.4,159,0,No Failure,10.199999999999989,58627.2,0.24625
2,300.5,310.7,1654,28.6,161,0,No Failure,10.199999999999989,47304.4,0.1765432098765432
2,300.5,310.6,1378,51.5,166,0,No Failure,10.100000000000023,70967.0,0.3083832335329341
0,300.6,310.7,1750,30.6,171,0,No Failure,10.099999999999966,53550.0,0.17790697674418607
0,300.5,310.6,1448,46.3,173,0,No Failure,10.100000000000023,67042.4,0.26609195402298846
2,300.6,310.7,1501,45.3,175,0,No Failure,10.099999999999966,67995.3,0.25738636363636364
1,300.6,310.7,1654,32.0,180,0,No Failure,10.099999999999966,52928.0,0.17679558011049723
1,300.7,310.7,1347,46.5,183,0,No Failure,10.0,62635.5,0.25271739130434784
0,300.7,310.8,1486,37.1,186,0,No Failure,10.100000000000023,55130.6,0.1983957219251337
2,300.8,310.8,1466,45.2,188,0,No Failure,10.0,66263.2,0.23915343915343917
2,300.7,310.8,1346,52.0,193,0,No Failure,10.100000000000023,69992.0,0.26804123711340205
0,300.7,310.7,1314,42.4,198,0,No Failure,10.0,55713.6,0.21306532663316582
0,300.6,310.7,1440,52.5,200,0,No Failure,10.099999999999966,75600.0,0.26119402985074625
0,300.7,310.8,1608,39.5,202,0,No Failure,10.100000000000023,63516.0,0.19458128078817735
2,300.7,310.8,1296,58.2,204,0,No Failure,10.100000000000023,75427.2,0.2839024390243903
0,300.7,310.7,1507,46.1,209,0,No Failure,10.0,69472.7,0.21952380952380954
1,300.7,310.7,1343,51.6,211,0,No Failure,10.0,69298.8,0.24339622641509434
0,300.7,310.7,1416,40.4,214,0,No Failure,10.0,57206.4,0.18790697674418605
0,300.7,310.6,1288,47.2,216,0,No Failure,9.900000000000034,60793.600000000006,0.2175115207373272
1,300.7,310.6,1407,42.4,218,0,No Failure,9.900000000000034,59656.799999999996,0.19360730593607306
0,300.6,310.4,1608,39.2,221,0,No Failure,9.799999999999955,63033.600000000006,0.17657657657657658
0,300.6,310.3,1920,22.3,223,0,No Failure,9.699999999999989,42816.0,0.09955357142857144
1,300.5,310.2,1386,48.2,225,0,No Failure,9.699999999999989,66805.2,0.21327433628318584
1,300.5,310.2,1571,34.6,228,0,No Failure,9.699999999999989,54356.600000000006,0.15109170305676856
1,300.4,310.2,1613,36.9,231,0,No Failure,9.800000000000011,59519.7,0.15905172413793103
1,300.4,310.2,1671,30.5,234,1,Tool Wear Failure,9.800000000000011,50965.5,0.12978723404255318
2,300.4,310.2,1431,43.2,0,0,No Failure,9.800000000000011,61819.200000000004,43.2
1,300.4,310.2,1380,47.3,5,0,No Failure,9.800000000000011,65273.99999999999,7.883333333333333
0,300.5,310.3,1683,31.5,8,0,No Failure,9.800000000000011,53014.5,3.5
0,300.4,310.2,1529,36.2,10,0,No Failure,9.800000000000011,55349.8,3.290909090909091
0,300.5,310.4,1761,26.5,12,0,No Failure,9.899999999999977,46666.5,2.0384615384615383
0,300.6,310.5,1570,38.3,14,0,No Failure,9.899999999999977,60130.99999999999,2.5533333333333332
1,300.6,310.5,2156,18.0,16,0,No Failure,9.899999999999977,38808.0,1.0588235294117647
1,300.7,310.6,1349,54.5,19,0,No Failure,9.900000000000034,73520.5,2.725
0,300.7,310.7,1431,39.3,22,0,No Failure,10.0,56238.299999999996,1.708695652173913
0,300.6,310.6,1931,22.0,24,0,No Failure,10.0,42482.0,0.88
2,300.7,310.7,1428,43.4,26,0,No Failure,10.0,61975.2,1.6074074074074074
0,300.8,310.8,1564,36.2,31,0,No Failure,10.0,56616.8,1.13125
2,300.8,310.9,1425,44.0,33,0,No Failure,10.099999999999966,62700.0,1.2941176470588236
0,300.7,310.8,1597,30.5,38,0,No Failure,10.100000000000023,48708.5,0.782051282051282
2,300.8,310.8,1618,32.8,40,0,No Failure,10.0,53070.399999999994,0.7999999999999999
1,300.8,310.8,1520,38.0,45,0,No Failure,10.0,57760.0,0.8260869565217391
0,300.7,310.7,1425,45.3,48,0,No Failure,10.0,64552.49999999999,0.9244897959183673
0,300.8,310.9,1398,38.2,50,0,No Failure,10.099999999999966,53403.600000000006,0.7490196078431373
1,300.8,310.9,1557,31.6,52,0,No Failure,10.099999999999966,49201.200000000004,0.5962264150943396
0,300.7,310.8,1519,43.9,55,0,No Failure,10.100000000000023,66684.09999999999,0.7839285714285714
0,300.7,310.8,1619,34.9,57,0,No Failure,10.100000000000023,56503.1,0.6017241379310344
0,300.7,310.8,1814,21.4,59,0,No Failure,10.100000000000023,38819.6,0.35666666666666663
0,300.7,310.9,1521,39.4,61,0,No Failure,10.199999999999989,59927.4,0.635483870967742
1,300.7,310.9,1369,51.2,63,0,No Failure,10.199999999999989,70092.8,0.8
0,300.7,310.9,1356,65.3,66,1,Power Failure,10.199999999999989,88546.8,0.9746268656716417
0,300.7,311.0,1336,53.3,68,0,No Failure,10.300000000000011,71208.8,0.772463768115942
0,300.7,311.0,1403,48.3,70,0,No Failure,10.300000000000011,67764.9,0.680281690140845
1,300.7,311.0,1413,44.3,72,0,No Failure,10.300000000000011,62595.899999999994,0.6068493150684932
0,300.6,310.9,1472,47.6,75,0,No Failure,10.299999999999955,70067.2,0.6263157894736843
1,300.7,310.8,1452,47.9,77,0,No Failure,10.100000000000023,69550.8,0.614102564102564
0,300.6,310.7,1397,53.7,80,0,No Failure,10.099999999999966,75018.90000000001,0.662962962962963
0,300.6,310.7,1455,40.6,82,0,No Failure,10.099999999999966,59073.0,0.4891566265060241
0,300.7,310.8,1754,27.7,84,0,No Failure,10.100000000000023,48585.799999999996,0.32588235294117646
0,300.6,310.9,1471,37.9,86,0,No Failure,10.299999999999955,55750.9,0.435632183908046
1,300.6,310.8,1389,48.1,88,0,No Failure,10.199999999999989,66810.90000000001,0.5404494382022472
1,300.6,310.9,1702,30.3,91,0,No Failure,10.299999999999955,51570.6,0.3293478260869565
1,300.6,311.0,1401,54.6,94,0,No Failure,10.399999999999977,76494.6,0.5747368421052632
0,300.7,311.1,1426,46.2,97,0,No Failure,10.400000000000034,65881.2,0.4714285714285715
0,300.7,311.0,1496,38.3,99,0,No Failure,10.300000000000011,57296.799999999996,0.38299999999999995
0,300.6,310.9,1433,42.6,101,0,No Failure,10.299999999999955,61045.8,0.4176470588235294
1,300.7,311.1,1438,46.6,103,0,No Failure,10.400000000000034,67010.8,0.4480769230769231
1,300.7,311.0,1418,49.3,106,0,No Failure,10.300000000000011,69907.4,0.46074766355140184
1,300.8,311.0,1580,36.6,109,0,No Failure,10.199999999999989,57828.0,0.33272727272727276
1,300.7,310.9,1468,41.8,112,0,No Failure,10.199999999999989,61362.399999999994,0.3699115044247787
1,300.8,310.9,1522,41.7,115,0,No Failure,10.099999999999966,63467.4,0.3594827586206897
0,300.8,310.9,1311,55.8,118,0,No Failure,10.099999999999966,73153.8,0.4689075630252101
0,300.9,311.0,1316,56.5,120,0,No Failure,10.100000000000023,74354.0,0.4669421487603306
2,300.9,311.0,1853,23.6,122,0,No Failure,10.100000000000023,43730.8,0.19186991869918701
1,300.9,311.0,1556,38.8,127,0,No Failure,10.100000000000023,60372.799999999996,0.303125
1,300.9,311.0,1567,34.3,130,0,No Failure,10.100000000000023,53748.1,0.26183206106870227
1,300.9,311.1,1546,37.7,133,0,No Failure,10.200000000000045,58284.200000000004,0.2813432835820896
0,300.9,311.0,1382,51.2,136,0,No Failure,10.100000000000023,70758.40000000001,0.3737226277372263
0,300.9,311.0,2003,20.2,138,0,No Failure,10.100000000000023,40460.6,0.14532374100719425
0,300.8,310.9,1748,29.9,140,0,No Failure,10.099999999999966,52265.2,0.21205673758865248
2,300.7,310.8,1518,40.1,142,0,No Failure,10.100000000000023,60871.8,0.2804195804195804
0,300.7,310.8,1475,42.0,147,0,No Failure,10.100000000000023,61950.0,0.28378378378378377
0,300.8,310.8,1634,29.2,149,0,No Failure,10.0,47712.799999999996,0.19466666666666665
0,300.8,310.8,1689,32.9,151,0,No Failure,10.0,55568.1,0.2164473684210526
1,300.9,310.9,1636,35.3,153,0,No Failure,10.0,57750.799999999996,0.2292207792207792
0,300.9,311.0,2235,15.8,156,0,No Failure,10.100000000000023,35313.0,0.10063694267515924
0,301.0,311.1,1615,35.6,158,0,No Failure,10.100000000000023,57494.0,0.2238993710691824
2,301.1,311.1,1618,29.5,160,0,No Failure,10.0,47731.0,0.18322981366459629
1,301.1,311.2,1407,53.0,165,0,No Failure,10.099999999999966,74571.0,0.3192771084337349
0,301.1,311.1,1450,43.3,168,0,No Failure,10.0,62784.99999999999,0.25621301775147926
0,301.1,311.1,1889,23.8,170,0,No Failure,10.0,44958.200000000004,0.1391812865497076
0,301.0,310.9,1568,38.2,172,0,No Failure,9.899999999999977,59897.600000000006,0.22080924855491332
0,301.0,311.0,1804,25.8,174,0,No Failure,10.0,46543.200000000004,0.14742857142857144
0,301.0,311.0,1582,37.5,176,0,No Failure,10.0,59325.0,0.211864406779661
1,301.0,310.9,2047,17.9,178,0,No Failure,9.899999999999977,36641.299999999996,0.09999999999999999
0,300.9,310.9,1601,34.0,181,0,No Failure,10.0,54434.0,0.18681318681318682
0,300.9,310.9,1615,32.0,183,0,No Failure,10.0,51680.0,0.17391304347826086
1,300.9,310.8,1452,43.6,185,0,No Failure,9.900000000000034,63307.200000000004,0.23440860215053763
1,300.9,310.8,1695,30.2,188,0,No Failure,9.900000000000034,51189.0,0.15978835978835979
1,300.9,310.8,1790,26.2,191,0,No Failure,9.900000000000034,46898.0,0.13645833333333332
1,301.0,310.8,1533,39.3,194,0,No Failure,9.800000000000011,60246.899999999994,0.20153846153846153
0,301.0,310.9,1813,28.5,197,0,No Failure,9.899999999999977,51670.5,0.14393939393939395
0,301.0,310.9,1492,36.7,199,0,No Failure,9.899999999999977,54756.4,0.18350000000000002
0,300.9,310.7,1479,43.3,201,0,No Failure,9.800000000000011,64040.7,0.21435643564356435
0,300.8,310.7,1339,59.1,203,1,Overstrain Failure,9.899999999999977,79134.90000000001,0.2897058823529412
1,300.8,310.7,1371,44.7,205,0,No Failure,9.899999999999977,61283.700000000004,0.21699029126213593
0,300.9,310.7,1468,36.2,208,0,No Failure,9.800000000000011,53141.600000000006,0.17320574162679428
0,300.9,310.7,1517,41.7,210,0,No Failure,9.800000000000011,63258.9,0.19763033175355452
0,300.9,310.7,1352,46.4,212,0,No Failure,9.800000000000011,62732.799999999996,0.21784037558685446
0,300.9,310.7,1389,50.0,214,0,No Failure,9.800000000000011,69450.0,0.23255813953488372
1,300.8,310.6,1505,36.2,0,0,No Failure,9.800000000000011,54481.00000000001,36.2
0,300.9,310.6,1538,36.7,3,0,No Failure,9.700000000000045,56444.600000000006,9.175
0,300.9,310.8,1482,37.0,5,0,No Failure,9.900000000000034,54834.0,6.166666666666667
1,300.9,310.8,1599,33.0,7,0,No Failure,9.900000000000034,52767.0,4.125
0,300.9,310.8,1476,39.0,10,0,No Failure,9.900000000000034,57564.0,3.5454545454545454
0,300.9,310.7,1509,37.5,12,0,No Failure,9.800000000000011,56587.5,2.8846153846153846
0,300.9,310.8,1708,29.1,14,0,No Failure,9.900000000000034,49702.8,1.9400000000000002
0,300.9,310.7,1412,57.5,16,0,No Failure,9.800000000000011,81190.0,3.3823529411764706
0,300.9,310.7,1658,28.5,18,0,No Failure,9.800000000000011,47253.0,1.5
0,301.0,310.8,1375,57.2,20,0,No Failure,9.800000000000011,78650.0,2.723809523809524
1,300.9,310.8,1402,48.1,22,0,No Failure,9.900000000000034,67436.2,2.091304347826087
1,300.9,310.7,1452,47.3,25,0,No Failure,9.800000000000011,68679.59999999999,1.8192307692307692
1,300.8,310.7,1483,40.8,28,0,No Failure,9.899999999999977,60506.399999999994,1.4068965517241379
2,300.9,310.8,1477,38.4,31,0,No Failure,9.900000000000034,56716.799999999996,1.2
1,300.8,310.7,1924,22.4,36,0,No Failure,9.899999999999977,43097.6,0.6054054054054053
2,300.9,310.7,1609,28.7,39,0,No Failure,9.800000000000011,46178.299999999996,0.7175
1,300.8,310.7,1886,21.1,44,0,No Failure,9.899999999999977,39794.600000000006,0.4688888888888889
0,300.7,310.6,1616,29.6,47,0,No Failure,9.900000000000034,47833.600000000006,0.6166666666666667
0,300.7,310.7,1442,43.2,49,0,No Failure,10.0,62294.4,0.8640000000000001
0,300.8,310.8,1407,45.1,51,0,No Failure,10.0,63455.700000000004,0.8673076923076923
1,300.8,310.8,1461,41.3,53,0,No Failure,10.0,60339.299999999996,0.7648148148148147
1,300.8,310.9,1522,46.2,56,0,No Failure,10.099999999999966,70316.40000000001,0.8105263157894738
0,300.9,311.0,1432,48.1,59,0,No Failure,10.100000000000023,68879.2,0.8016666666666666
0,300.9,311.0,1438,49.0,61,0,No Failure,10.100000000000023,70462.0,0.7903225806451613
1,300.8,310.9,1678,28.1,63,0,No Failure,10.099999999999966,47151.8,0.4390625
1,300.8,310.9,1514,38.7,66,0,No Failure,10.099999999999966,58591.8,0.5776119402985075
0,300.7,310.8,1534,41.3,69,0,No Failure,10.100000000000023,63354.2,0.59
1,300.7,310.8,1486,41.2,71,0,No Failure,10.100000000000023,61223.200000000004,0.5722222222222223
0,300.7,310.8,1925,22.0,74,0,No Failure,10.100000000000023,42350.0,0.29333333333333333
1,300.7,310.8,1724,30.0,76,0,No Failure,10.100000000000023,51720.0,0.38961038961038963
1,300.8,310.8,1549,35.5,79,0,No Failure,10.0,54989.5,0.44375
0,300.8,310.9,1457,47.7,82,0,No Failure,10.099999999999966,69498.90000000001,0.574698795180723
0,300.8,310.9,1453,43.9,84,0,No Failure,10.099999999999966,63786.7,0.5164705882352941
0,300.8,311.0,1578,44.4,86,0,No Failure,10.199999999999989,70063.2,0.5103448275862069
1,300.9,311.1,1325,61.4,88,0,No Failure,10.200000000000045,81355.0,0.6898876404494382
0,300.9,311.1,1471,39.3,91,0,No Failure,10.200000000000045,57810.299999999996,0.42717391304347824
1,300.9,311.2,1472,40.0,93,0,No Failure,10.300000000000011,58880.0,0.425531914893617
0,300.9,311.1,1457,37.4,96,0,No Failure,10.200000000000045,54491.799999999996,0.3855670103092783
0,301.0,311.0,1402,55.3,98,0,No Failure,10.0,77530.59999999999,0.5585858585858585
0,300.9,310.9,1477,41.5,100,0,No Failure,10.0,61295.5,0.41089108910891087
1,300.9,310.9,1727,30.1,102,0,No Failure,10.0,51982.700000000004,0.2922330097087379
0,300.9,310.9,1995,20.2,105,0,No Failure,10.0,40299.0,0.19056603773584904
0,300.9,310.9,1370,52.5,107,0,No Failure,10.0,71925.0,0.4861111111111111
0,300.9,310.9,1228,66.4,109,0,No Failure,10.0,81539.20000000001,0.6036363636363636
0,300.9,311.0,1499,38.0,111,0,No Failure,10.100000000000023,56962.0,0.3392857142857143
1,301.0,311.0,1508,46.9,113,0,No Failure,10.0,70725.2,0.4114035087719298
0,301.0,310.9,1473,44.2,116,0,No Failure,9.899999999999977,65106.600000000006,0.3777777777777778
2,301.0,311.0,1640,37.6,118,0,No Failure,10.0,61664.0,0.31596638655462184
0,301.1,311.1,1429,42.5,123,0,No Failure,10.0,60732.5,0.34274193548387094
0,301.1,311.1,1470,40.9,125,0,No Failure,10.0,60123.0,0.3246031746031746
0,301.0,311.0,1581,37.0,127,0,No Failure,10.0,58497.0,0.2890625
0,301.0,310.9,1740,28.9,129,0,No Failure,9.899999999999977,50286.0,0.2223076923076923
2,300.9,310.8,1390,40.6,131,0,No Failure,9.900000000000034,56434.0,0.3075757575757576
1,300.9,310.8,1988,19.7,136,0,No Failure,9.900000000000034,39163.6,0.1437956204379562
1,300.8,310.7,1452,43.0,139,0,No Failure,9.899999999999977,62436.0,0.30714285714285716
0,300.8,310.7,1586,33.4,142,0,No Failure,9.899999999999977,52972.399999999994,0.23356643356643356
0,300.8,310.7,1589,34.3,144,0,No Failure,9.899999999999977,54502.7,0.23655172413793102
0,300.8,310.8,1486,45.7,146,0,No Failure,10.0,67910.2,0.31088435374149664
0,300.9,310.9,1755,27.9,148,0,No Failure,10.0,48964.5,0.187248322147651
1,301.0,310.9,1575,34.6,150,0,No Failure,9.899999999999977,54495.0,0.22913907284768212
1,301.1,311.1,1615,37.7,153,0,No Failure,10.0,60885.50000000001,0.24480519480519483
1,301.1,311.1,1436,41.8,156,0,No Failure,10.0,60024.799999999996,0.2662420382165605
1,301.1,311.1,1470,40.6,159,0,No Failure,10.0,59682.0,0.25375000000000003
1,301.1,311.1,2089,19.8,162,0,No Failure,10.0,41362.200000000004,0.12147239263803682
0,301.1,311.2,1564,37.0,165,0,No Failure,10.099999999999966,57868.0,0.22289156626506024
1,301.0,311.1,1420,47.4,167,0,No Failure,10.100000000000023,67308.0,0.28214285714285714
0,301.1,311.1,1711,29.1,170,0,No Failure,10.0,49790.100000000006,0.17017543859649123
0,301.1,311.2,1555,35.3,172,0,No Failure,10.099999999999966,54891.49999999999,0.20404624277456646
1,301.1,311.1,1592,35.7,174,0,No Failure,10.0,56834.4,0.20400000000000001
0,301.0,311.1,1236,64.4,177,1,Overstrain Failure,10.100000000000023,79598.40000000001,0.3617977528089888
1,301.0,310.9,1765,24.2,179,0,No Failure,9.899999999999977,42713.0,0.13444444444444445
0,301.0,311.0,1634,31.2,182,0,No Failure,10.0,50980.799999999996,0.17049180327868851
0,301.1,311.1,1508,41.5,184,0,No Failure,10.0,62582.0,0.22432432432432434
0,301.1,311.2,1774,29.6,186,0,No Failure,10.099999999999966,52510.4,0.15828877005347594
0,301.1,311.0,1677,29.1,188,0,No Failure,9.899999999999977,48800.700000000004,0.15396825396825398
0,301.0,311.0,1399,58.0,190,1,Overstrain Failure,10.0,81142.0,0.3036649214659686
0,301.0,310.9,1570,34.0,192,0,No Failure,9.899999999999977,53380.0,0.17616580310880828
0,301.0,310.9,1479,44.3,194,0,No Failure,9.899999999999977,65519.7,0.22717948717948716
0,301.0,310.8,1558,34.9,196,0,No Failure,9.800000000000011,54374.2,0.17715736040609137
0,300.8,310.7,1358,48.1,198,0,No Failure,9.899999999999977,65319.8,0.24170854271356784
2,300.9,310.7,1656,30.7,200,0,No Failure,9.800000000000011,50839.2,0.1527363184079602
0,300.9,310.7,1523,35.8,205,0,No Failure,9.800000000000011,54523.399999999994,0.17378640776699028
2,300.9,310.7,1403,40.6,207,0,No Failure,9.800000000000011,56961.8,0.1951923076923077
1,300.9,310.7,1362,51.6,212,0,No Failure,9.800000000000011,70279.2,0.24225352112676057
1,300.7,310.6,1778,27.1,215,0,No Failure,9.900000000000034,48183.8,0.12546296296296297
0,300.7,310.5,1448,38.2,218,0,No Failure,9.800000000000011,55313.600000000006,0.17442922374429226
2,300.8,310.5,1559,40.1,220,0,No Failure,9.699999999999989,62515.9,0.18144796380090497
0,300.8,310.6,1416,42.2,225,0,No Failure,9.800000000000011,59755.200000000004,0.18672566371681418
0,300.8,310.6,1577,37.9,227,1,Tool Wear Failure,9.800000000000011,59768.299999999996,0.16622807017543859
0,300.8,310.7,1633,27.8,0,0,No Failure,9.899999999999977,45397.4,27.8
0,300.9,310.7,1573,31.2,2,0,No Failure,9.800000000000011,49077.6,10.4
0,300.9,310.8,1517,44.3,4,0,No Failure,9.900000000000034,67203.09999999999,8.86
0,301.0,310.9,1515,37.3,6,0,No Failure,9.899999999999977,56509.49999999999,5.328571428571428
0,301.0,310.8,1527,45.3,8,0,No Failure,9.800000000000011,69173.09999999999,5.033333333333333
0,301.1,310.9,1282,67.9,10,1,Power Failure,9.799999999999955,87047.8,6.172727272727273
1,301.1,310.9,1396,45.1,12,0,No Failure,9.799999999999955,62959.6,3.4692307692307693
0,301.0,310.9,1492,44.6,15,0,No Failure,9.899999999999977,66543.2,2.7875
0,301.0,310.8,1975,19.7,17,0,No Failure,9.800000000000011,38907.5,1.0944444444444443
0,301.0,310.8,1475,35.3,19,0,No Failure,9.800000000000011,52067.49999999999,1.765
2,301.0,310.9,1495,37.3,21,0,No Failure,9.899999999999977,55763.49999999999,1.6954545454545453
0,301.0,311.0,1553,35.8,26,0,No Failure,10.0,55597.399999999994,1.3259259259259257
0,301.1,311.0,1918,21.7,28,0,No Failure,9.899999999999977,41620.6,0.7482758620689655
1,301.1,311.0,1413,46.6,30,0,No Failure,9.899999999999977,65845.8,1.5032258064516129
0,301.0,311.0,1437,56.0,33,0,No Failure,10.0,80472.0,1.6470588235294117
0,301.0,310.9,1450,45.9,35,0,No Failure,9.899999999999977,66555.0,1.275
1,301.0,310.9,1910,21.9,37,0,No Failure,9.899999999999977,41829.0,0.5763157894736842
0,300.9,310.9,1749,26.4,40,0,No Failure,10.0,46173.6,0.6439024390243903
2,301.0,310.9,1916,22.0,42,0,No Failure,9.899999999999977,42152.0,0.5116279069767442
0,301.0,310.9,1428,45.3,47,0,No Failure,9.899999999999977,64688.399999999994,0.94375
0,301.0,310.9,1578,38.4,49,0,No Failure,9.899999999999977,60595.2,0.768
0,300.9,310.8,1571,39.9,51,0,No Failure,9.900000000000034,62682.899999999994,0.7673076923076922
0,300.9,310.8,1729,30.2,53,0,No Failure,9.900000000000034,52215.799999999996,0.5592592592592592
0,300.9,310.8,1701,30.4,55,0,No Failure,9.900000000000034,51710.399999999994,0.5428571428571428
0,300.9,310.8,1493,45.8,57,0,No Failure,9.900000000000034,68379.4,0.789655172413793
1,301.0,310.9,1554,32.7,59,0,No Failure,9.899999999999977,50815.8,0.545
0,300.9,310.9,1497,43.2,62,0,No Failure,10.0,64670.4,0.6857142857142857
0,301.0,310.9,1679,29.8,64,0,No Failure,9.899999999999977,50034.200000000004,0.4584615384615385
1,301.0,310.9,1510,44.5,66,0,No Failure,9.899999999999977,67195.0,0.664179104477612
0,301.0,310.9,1296,54.9,69,0,No Failure,9.899999999999977,71150.4,0.7842857142857143
0,301.0,310.9,1404,41.8,71,0,No Failure,9.899999999999977,58687.2,0.5805555555555555
1,300.9,310.8,1519,34.9,73,0,No Failure,9.900000000000034,53013.1,0.4716216216216216
1,300.9,310.7,1696,27.3,76,0,No Failure,9.800000000000011,46300.8,0.35454545454545455
1,300.8,310.6,1669,28.4,79,0,No Failure,9.800000000000011,47399.6,0.355
0,300.7,310.6,1447,40.7,82,0,No Failure,9.900000000000034,58892.9,0.49036144578313257
1,300.7,310.6,1418,46.3,84,0,No Failure,9.900000000000034,65653.4,0.5447058823529412
0,300.7,310.6,1407,40.5,87,0,No Failure,9.900000000000034,56983.5,0.4602272727272727
0,300.8,310.5,1434,44.5,89,0,No Failure,9.699999999999989,63813.0,0.49444444444444446
0,300.8,310.6,1360,48.8,91,0,No Failure,9.800000000000011,66368.0,0.5304347826086956
0,300.8,310.6,1402,53.7,93,0,No Failure,9.800000000000011,75287.40000000001,0.5712765957446809
0,300.9,310.6,1552,34.9,95,0,No Failure,9.700000000000045,54164.799999999996,0.36354166666666665
0,300.9,310.7,1392,44.2,97,0,No Failure,9.800000000000011,61526.4,0.45102040816326533
0,301.1,310.8,1521,41.0,99,0,No Failure,9.699999999999989,62361.0,0.41
0,301.1,310.8,1724,27.5,101,0,No Failure,9.699999999999989,47410.0,0.2696078431372549
1,301.0,310.7,1455,46.1,103,0,No Failure,9.699999999999989,67075.5,0.4432692307692308
2,301.0,310.6,1366,50.6,106,0,No Failure,9.600000000000023,69119.6,0.47289719626168225
2,301.1,310.6,1407,43.9,111,0,No Failure,9.5,61767.299999999996,0.3919642857142857
0,301.1,310.8,1470,49.3,116,0,No Failure,9.699999999999989,72471.0,0.42136752136752137
1,301.2,310.9,1359,50.8,118,0,No Failure,9.699999999999989,69037.2,0.426890756302521
2,301.1,310.8,1792,25.8,121,0,No Failure,9.699999999999989,46233.6,0.21147540983606558
1,301.1,310.9,1552,37.9,126,0,No Failure,9.799999999999955,58820.799999999996,0.2984251968503937
0,301.2,311.0,1612,32.9,129,0,No Failure,9.800000000000011,53034.799999999996,0.2530769230769231
1,301.2,311.0,1424,41.4,131,0,No Failure,9.800000000000011,58953.6,0.3136363636363636
2,301.3,311.0,1341,59.3,134,0,No Failure,9.699999999999989,79521.3,0.43925925925925924
0,301.2,310.8,1479,38.2,139,0,No Failure,9.600000000000023,56497.8,0.27285714285714285
0,301.2,310.9,1413,50.1,141,0,No Failure,9.699999999999989,70791.3,0.35281690140845073
0,301.3,310.9,2165,17.4,143,0,No Failure,9.599999999999966,37671.0,0.12083333333333332
1,301.3,311.0,1641,33.0,145,0,No Failure,9.699999999999989,54153.0,0.22602739726027396
1,301.3,311.0,1495,40.8,148,0,No Failure,9.699999999999989,60995.99999999999,0.27382550335570466
0,301.3,311.0,1576,30.4,151,0,No Failure,9.699999999999989,47910.399999999994,0.19999999999999998
0,301.2,310.9,1467,37.1,153,0,No Failure,9.699999999999989,54425.700000000004,0.2409090909090909
0,301.2,310.8,1479,41.2,155,0,No Failure,9.600000000000023,60934.8,0.2641025641025641
0,301.3,310.9,1596,33.9,157,0,No Failure,9.599999999999966,54104.399999999994,0.21455696202531643
1,301.3,310.9,1512,36.9,159,0,No Failure,9.599999999999966,55792.799999999996,0.230625
0,301.4,310.9,1414,38.8,162,0,No Failure,9.5,54863.2,0.2380368098159509
0,301.3,310.8,1390,57.4,164,0,No Failure,9.5,79786.0,0.34787878787878784
0,301.2,310.7,1644,31.6,166,0,No Failure,9.5,51950.4,0.18922155688622755
1,301.2,310.7,1394,42.8,168,0,No Failure,9.5,59663.2,0.2532544378698225
0,301.1,310.5,1324,52.4,171,0,No Failure,9.399999999999977,69377.59999999999,0.30465116279069765
0,301.0,310.4,1476,43.6,173,0,No Failure,9.399999999999977,64353.6,0.25057471264367814
0,301.0,310.4,2204,16.6,175,0,No Failure,9.399999999999977,36586.4,0.09431818181818183
1,301.0,310.4,1665,30.9,177,0,No Failure,9.399999999999977,51448.5,0.1735955056179775
0,300.9,310.4,1445,41.7,180,0,No Failure,9.5,60256.50000000001,0.23038674033149173
2,300.8,310.3,1457,46.8,182,0,No Failure,9.5,68187.59999999999,0.25573770491803277
0,300.8,310.2,1492,46.3,187,0,No Failure,9.399999999999977,69079.59999999999,0.24627659574468083
0,300.8,310.1,1405,61.2,189,1,Power Failure,9.300000000000011,85986.0,0.32210526315789473
0,300.7,310.1,1542,35.5,191,0,No Failure,9.400000000000034,54741.0,0.18489583333333334
0,300.8,310.2,1520,37.7,193,0,No Failure,9.399999999999977,57304.00000000001,0.1943298969072165
1,300.8,310.2,1598,36.5,195,0,No Failure,9.399999999999977,58327.0,0.18622448979591838
0,300.8,310.3,1538,36.1,198,0,No Failure,9.5,55521.8,0.18140703517587942
0,300.9,310.4,1615,30.9,200,0,No Failure,9.5,49903.5,0.1537313432835821
0,301.0,310.5,1408,47.0,202,0,No Failure,9.5,66176.0,0.2315270935960591
0,301.0,310.5,1379,57.3,204,1,Overstrain Failure,9.5,79016.7,0.2795121951219512
0,301.0,310.6,1493,37.8,206,1,Tool Wear Failure,9.600000000000023,56435.399999999994,0.18260869565217389
0,301.1,310.7,1376,49.1,0,0,No Failure,9.599999999999966,67561.6,49.1
1,301.1,310.7,1583,40.7,2,0,No Failure,9.599999999999966,64428.100000000006,13.566666666666668
1,301.2,310.8,1396,47.4,5,0,No Failure,9.600000000000023,66170.4,7.8999999999999995
0,301.1,310.7,1436,45.3,8,0,No Failure,9.599999999999966,65050.799999999996,5.033333333333333
0,301.1,310.6,1417,47.6,10,0,No Failure,9.5,67449.2,4.327272727272727
0,301.0,310.6,1641,33.4,12,0,No Failure,9.600000000000023,54809.399999999994,2.569230769230769
1,301.0,310.6,1698,27.3,14,0,No Failure,9.600000000000023,46355.4,1.82
0,300.9,310.4,1541,39.1,17,0,No Failure,9.5,60253.100000000006,2.1722222222222225
0,300.8,310.3,1383,46.6,19,0,No Failure,9.5,64447.8,2.33
0,300.8,310.4,1368,46.8,21,0,No Failure,9.599999999999966,64022.399999999994,2.127272727272727
0,300.8,310.4,1570,35.2,23,0,No Failure,9.599999999999966,55264.00000000001,1.4666666666666668
0,300.9,310.5,1616,33.5,25,0,No Failure,9.600000000000023,54136.0,1.2884615384615385
1,300.9,310.5,1444,43.2,27,0,No Failure,9.600000000000023,62380.8,1.542857142857143
0,300.9,310.4,2021,18.8,30,0,No Failure,9.5,37994.8,0.6064516129032258
1,300.9,310.5,1702,29.3,32,0,No Failure,9.600000000000023,49868.6,0.8878787878787879
1,301.1,310.6,1429,52.7,35,0,No Failure,9.5,75308.3,1.463888888888889
0,301.2,310.8,1711,28.9,38,0,No Failure,9.600000000000023,49447.899999999994,0.741025641025641
1,301.2,310.7,1543,32.9,40,0,No Failure,9.5,50764.7,0.8024390243902438
0,301.3,310.8,1628,32.2,43,0,No Failure,9.5,52421.600000000006,0.7318181818181819
0,301.2,310.8,1233,64.6,45,0,No Failure,9.600000000000023,79651.79999999999,1.4043478260869564
0,301.2,310.8,1461,40.6,47,0,No Failure,9.600000000000023,59316.6,0.8458333333333333
0,301.2,310.7,1568,38.3,49,0,No Failure,9.5,60054.399999999994,0.7659999999999999
0,301.3,310.8,1432,54.4,51,0,No Failure,9.5,77900.8,1.0461538461538462
1,301.2,310.7,1527,41.1,53,0,No Failure,9.5,62759.700000000004,0.7611111111111112
1,301.3,310.8,1455,41.2,56,0,No Failure,9.5,59946.00000000001,0.7228070175438597
1,301.3,310.8,1418,45.4,59,0,No Failure,9.5,64377.2,0.7566666666666666
0,301.3,310.8,1719,29.5,62,0,No Failure,9.5,50710.5,0.46825396825396826
1,301.2,310.8,1734,31.3,64,0,No Failure,9.600000000000023,54274.200000000004,0.4815384615384615
1,301.2,310.7,1426,46.1,67,0,No Failure,9.5,65738.6,0.6779411764705883
0,301.1,310.6,1611,35.2,70,0,No Failure,9.5,56707.200000000004,0.495774647887324
1,301.1,310.6,1479,41.1,72,0,No Failure,9.5,60786.9,0.5630136986301371
0,301.0,310.5,1317,50.9,75,0,No Failure,9.5,67035.3,0.6697368421052632
0,301.0,310.5,1248,61.4,77,0,No Failure,9.5,76627.2,0.7871794871794872
0,301.0,310.5,1932,21.7,79,0,No Failure,9.5,41924.4,0.27125
1,301.1,310.5,1547,35.8,81,0,No Failure,9.399999999999977,55382.6,0.4365853658536585
0,301.0,310.4,1614,31.6,84,0,No Failure,9.399999999999977,51002.4,0.37176470588235294
2,301.0,310.4,1512,44.9,86,0,No Failure,9.399999999999977,67888.8,0.5160919540229885
0,301.1,310.5,1529,38.7,91,0,No Failure,9.399999999999977,59172.3,0.4206521739130435
2,301.1,310.6,1782,24.9,93,0,No Failure,9.5,44371.799999999996,0.26489361702127656
0,301.0,310.5,1429,39.4,98,0,No Failure,9.5,56302.6,0.397979797979798
1,301.1,310.5,1309,60.7,100,0,No Failure,9.399999999999977,79456.3,0.600990099009901
0,301.1,310.5,1428,44.1,103,0,No Failure,9.399999999999977,62974.8,0.42403846153846153
0,301.2,310.6,1385,49.2,105,0,No Failure,9.400000000000034,68142.0,0.4641509433962264
0,301.2,310.7,1517,39.4,107,0,No Failure,9.5,59769.799999999996,0.3648148148148148
1,301.2,310.6,1576,39.6,109,0,No Failure,9.400000000000034,62409.600000000006,0.36
0,301.2,310.6,1437,51.2,112,0,No Failure,9.400000000000034,73574.40000000001,0.4530973451327434
2,301.2,310.6,1457,50.5,114,0,No Failure,9.400000000000034,73578.5,0.4391304347826087
0,301.1,310.5,1532,37.5,119,0,No Failure,9.399999999999977,57450.0,0.3125
1,301.1,310.5,1603,32.6,121,0,No Failure,9.399999999999977,52257.8,0.26721311475409837
0,301.0,310.4,1563,34.4,124,0,No Failure,9.399999999999977,53767.2,0.2752
0,301.0,310.3,1617,34.5,126,0,No Failure,9.300000000000011,55786.5,0.27165354330708663
1,300.8,310.1,1686,26.9,128,0,No Failure,9.300000000000011,45353.399999999994,0.2085271317829457
0,300.9,310.2,1382,50.4,131,0,No Failure,9.300000000000011,69652.8,0.38181818181818183
0,300.9,310.1,2090,17.8,133,0,No Failure,9.200000000000045,37202.0,0.1328358208955224
0,300.9,310.3,1446,44.5,135,0,No Failure,9.400000000000034,64347.0,0.3272058823529412
1,300.9,310.2,1533,38.1,137,0,No Failure,9.300000000000011,58407.3,0.27608695652173915
0,300.9,310.3,1440,47.6,140,0,No Failure,9.400000000000034,68544.0,0.3375886524822695
1,301.0,310.4,1793,25.0,142,0,No Failure,9.399999999999977,44825.0,0.17482517482517482
1,301.0,310.4,1517,46.1,145,0,No Failure,9.399999999999977,69933.7,0.31575342465753425
0,300.9,310.4,1544,36.0,148,0,No Failure,9.5,55584.0,0.24161073825503357
0,300.9,310.3,1321,48.8,150,0,No Failure,9.400000000000034,64464.799999999996,0.32317880794701986
1,300.9,310.3,1416,50.9,152,0,No Failure,9.400000000000034,72074.4,0.3326797385620915
0,300.8,310.2,1514,40.0,155,0,No Failure,9.399999999999977,60560.0,0.2564102564102564
1,300.8,310.2,1304,52.5,157,0,No Failure,9.399999999999977,68460.0,0.3322784810126582
0,300.7,310.2,1286,64.9,160,0,No Failure,9.5,83461.40000000001,0.40310559006211183
1,300.7,310.1,1483,40.2,162,0,No Failure,9.400000000000034,59616.600000000006,0.24662576687116566
0,300.7,310.1,1351,46.9,165,0,No Failure,9.400000000000034,63361.9,0.2825301204819277
1,300.7,310.1,1367,52.6,167,0,No Failure,9.400000000000034,71904.2,0.3130952380952381
0,300.7,310.1,1721,32.3,170,0,No Failure,9.400000000000034,55588.299999999996,0.18888888888888888
0,300.6,310.0,1455,40.4,172,0,No Failure,9.399999999999977,58782.0,0.23352601156069364
0,300.6,310.0,1425,49.5,174,0,No Failure,9.399999999999977,70537.5,0.28285714285714286
0,300.7,310.0,1672,29.7,176,0,No Failure,9.300000000000011,49658.4,0.16779661016949152
1,300.7,310.0,1641,34.6,178,0,No Failure,9.300000000000011,56778.600000000006,0.19329608938547488
1,300.5,310.0,1580,37.0,181,0,No Failure,9.5,58460.0,0.2032967032967033
2,300.5,310.0,1495,47.4,184,0,No Failure,9.5,70863.0,0.2562162162162162
1,300.5,309.9,1994,19.8,189,0,No Failure,9.399999999999977,39481.200000000004,0.10421052631578948
1,300.4,309.9,1415,31.8,192,0,No Failure,9.5,44997.0,0.16476683937823836
1,300.4,309.8,1725,30.4,195,0,No Failure,9.400000000000034,52440.0,0.15510204081632653
1,300.4,309.8,1430,43.4,198,0,No Failure,9.400000000000034,62062.0,0.21809045226130652
0,300.4,309.8,1395,48.1,201,0,No Failure,9.400000000000034,67099.5,0.23811881188118814
1,300.4,309.8,1435,43.6,203,0,No Failure,9.400000000000034,62566.0,0.21372549019607845
0,300.4,309.9,1681,28.6,206,0,No Failure,9.5,48076.600000000006,0.1381642512077295
0,300.5,310.0,1451,48.6,208,0,No Failure,9.5,70518.6,0.23253588516746412
2,300.5,309.9,1397,45.9,210,1,Tool Wear Failure,9.399999999999977,64122.299999999996,0.21753554502369668
1,300.4,309.8,1421,47.2,0,0,No Failure,9.400000000000034,67071.2,47.2
1,300.3,309.8,1444,42.0,3,0,No Failure,9.5,60648.0,10.5
0,300.2,309.8,1827,23.0,6,0,No Failure,9.600000000000023,42021.0,3.2857142857142856
2,300.2,309.8,1374,47.7,8,0,No Failure,9.600000000000023,65539.8,5.300000000000001
0,300.2,309.8,1650,29.6,13,0,No Failure,9.600000000000023,48840.0,2.1142857142857143
0,300.2,309.7,1275,60.7,15,0,No Failure,9.5,77392.5,3.79375
0,300.2,309.7,1421,44.6,17,0,No Failure,9.5,63376.6,2.477777777777778
0,300.2,309.8,1557,33.8,19,0,No Failure,9.600000000000023,52626.6,1.69
0,300.1,309.8,1506,35.2,21,0,No Failure,9.699999999999989,53011.200000000004,1.6
0,300.1,309.7,1362,49.1,23,0,No Failure,9.599999999999966,66874.2,2.0458333333333334
0,300.0,309.7,1542,47.1,25,0,No Failure,9.699999999999989,72628.2,1.8115384615384615
0,300.0,309.6,1496,38.8,27,0,No Failure,9.600000000000023,58044.799999999996,1.3857142857142857
1,300.0,309.6,1491,42.0,29,0,No Failure,9.600000000000023,62622.0,1.4
0,300.1,309.6,1565,34.8,32,0,No Failure,9.5,54461.99999999999,1.0545454545454545
0,300.1,309.7,1481,37.9,34,0,No Failure,9.599999999999966,56129.9,1.0828571428571427
1,300.1,309.7,1420,48.4,36,0,No Failure,9.599999999999966,68728.0,1.308108108108108
0,300.2,309.8,1398,54.8,39,0,No Failure,9.600000000000023,76610.4,1.3699999999999999
1,300.2,309.8,1466,45.7,41,0,No Failure,9.600000000000023,66996.2,1.0880952380952382
0,300.1,309.8,1430,56.7,44,0,No Failure,9.699999999999989,81081.0,1.26
0,300.1,309.7,1441,40.1,46,0,No Failure,9.599999999999966,57784.1,0.8531914893617022
1,300.1,309.7,1348,57.3,48,0,No Failure,9.599999999999966,77240.4,1.1693877551020408
0,300.0,309.6,1738,28.7,51,0,No Failure,9.600000000000023,49880.6,0.551923076923077
1,300.0,309.6,1618,36.2,53,0,No Failure,9.600000000000023,58571.600000000006,0.6703703703703704
1,299.9,309.6,1489,41.7,56,0,No Failure,9.700000000000045,62091.3,0.7315789473684211
1,299.9,309.5,1412,57.9,59,0,No Failure,9.600000000000023,81754.8,0.965
1,299.9,309.5,2065,18.1,62,0,No Failure,9.600000000000023,37376.5,0.28730158730158734
0,300.0,309.6,1571,33.1,65,0,No Failure,9.600000000000023,52000.100000000006,0.5015151515151516
1,300.0,309.6,1423,48.7,67,0,No Failure,9.600000000000023,69300.1,0.7161764705882353
2,300.0,309.5,1781,24.9,70,0,No Failure,9.5,44346.899999999994,0.35070422535211265
0,300.1,309.6,1321,46.9,75,0,No Failure,9.5,61954.9,0.6171052631578947
0,300.1,309.6,1546,36.7,77,0,No Failure,9.5,56738.200000000004,0.47051282051282056
1,300.0,309.5,1879,22.4,79,0,No Failure,9.5,42089.6,0.27999999999999997
2,300.0,309.5,1735,28.9,82,0,No Failure,9.5,50141.5,0.3481927710843373
0,300.0,309.5,1506,38.8,87,0,No Failure,9.5,58432.799999999996,0.44090909090909086
2,300.0,309.6,1629,32.3,89,0,No Failure,9.600000000000023,52616.7,0.35888888888888887
0,300.0,309.6,1694,28.7,94,0,No Failure,9.600000000000023,48617.799999999996,0.3021052631578947
0,300.1,309.6,1541,37.0,96,0,No Failure,9.5,57017.0,0.38144329896907214
0,300.0,309.6,1514,44.6,98,0,No Failure,9.600000000000023,67524.40000000001,0.4505050505050505
0,300.1,309.7,1485,45.9,100,0,No Failure,9.599999999999966,68161.5,0.4544554455445544
0,300.2,309.8,1430,55.0,102,0,No Failure,9.600000000000023,78650.0,0.5339805825242718
0,300.2,309.7,1771,27.1,104,0,No Failure,9.5,47994.100000000006,0.2580952380952381
0,300.2,309.8,1481,41.9,106,0,No Failure,9.600000000000023,62053.9,0.39158878504672895
2,300.2,309.7,1483,43.8,108,0,No Failure,9.5,64955.399999999994,0.40183486238532107
2,300.1,309.6,1463,45.1,113,0,No Failure,9.5,65981.3,0.3956140350877193
0,300.1,309.7,1410,48.3,118,0,No Failure,9.599999999999966,68103.0,0.40588235294117647
0,300.2,309.7,1656,34.3,120,0,No Failure,9.5,56800.799999999996,0.2834710743801653
1,300.2,309.8,1487,39.2,122,0,No Failure,9.600000000000023,58290.4,0.31869918699186994
2,300.3,309.9,1509,46.6,125,0,No Failure,9.599999999999966,70319.40000000001,0.36984126984126986
2,300.3,309.9,1677,30.1,130,0,No Failure,9.599999999999966,50477.700000000004,0.2297709923664122
0,300.3,309.8,1450,55.0,135,0,No Failure,9.5,79750.0,0.40441176470588236
1,300.2,309.7,1413,43.0,137,0,No Failure,9.5,60759.0,0.3115942028985507
0,300.1,309.7,1680,33.8,140,0,No Failure,9.599999999999966,56783.99999999999,0.23971631205673757
0,300.2,309.7,1678,30.5,142,0,No Failure,9.5,51179.0,0.21328671328671328
1,300.2,309.7,1408,44.0,144,0,No Failure,9.5,61952.0,0.30344827586206896
1,300.1,309.6,1376,52.1,147,0,No Failure,9.5,71689.6,0.35202702702702704
0,300.0,309.6,1526,46.4,150,0,No Failure,9.600000000000023,70806.4,0.3072847682119205
1,300.0,309.6,1587,32.6,152,0,No Failure,9.600000000000023,51736.200000000004,0.21307189542483662
0,300.1,309.7,1351,58.2,155,0,No Failure,9.599999999999966,78628.2,0.3730769230769231
1,300.1,309.6,1501,38.0,157,0,No Failure,9.5,57038.0,0.24050632911392406
0,300.1,309.7,1601,35.8,160,0,No Failure,9.599999999999966,57315.799999999996,0.22236024844720495
1,300.0,309.6,1573,39.7,162,0,No Failure,9.600000000000023,62448.100000000006,0.24355828220858897
1,300.1,309.6,1584,36.7,165,0,No Failure,9.5,58132.8,0.2210843373493976
0,300.1,309.6,1649,33.6,168,0,No Failure,9.5,55406.4,0.1988165680473373
1,300.2,309.7,1183,61.4,170,0,No Failure,9.5,72636.2,0.3590643274853801
0,300.1,309.7,2151,17.5,173,0,No Failure,9.599999999999966,37642.5,0.10057471264367816
0,300.2,309.8,1526,45.6,175,0,No Failure,9.600000000000023,69585.6,0.2590909090909091
1,300.3,309.9,1611,29.0,177,0,No Failure,9.599999999999966,46719.0,0.16292134831460675
0,300.3,309.9,1601,31.7,180,0,No Failure,9.599999999999966,50751.7,0.17513812154696132
0,300.3,310.0,1560,40.8,182,0,No Failure,9.699999999999989,63647.99999999999,0.22295081967213112
0,300.4,310.1,1544,41.9,184,0,No Failure,9.700000000000045,64693.6,0.22648648648648648
1,300.4,310.0,1560,42.3,186,0,No Failure,9.600000000000023,65988.0,0.22620320855614973
0,300.4,310.0,1423,44.2,189,0,No Failure,9.600000000000023,62896.600000000006,0.23263157894736844
0,300.4,310.1,1614,33.5,191,0,No Failure,9.700000000000045,54069.0,0.17447916666666666
1,300.4,310.1,1457,35.1,193,0,No Failure,9.700000000000045,51140.700000000004,0.1809278350515464
0,300.4,310.1,1503,42.2,196,0,No Failure,9.700000000000045,63426.600000000006,0.21421319796954316
2,300.4,310.1,1484,38.0,198,0,No Failure,9.700000000000045,56392.0,0.19095477386934673
0,300.3,309.9,1540,39.9,203,0,No Failure,9.599999999999966,61446.0,0.19558823529411765
2,300.3,309.9,1405,52.1,205,0,No Failure,9.599999999999966,73200.5,0.2529126213592233
2,300.3,309.9,1394,46.7,210,1,Tool Wear Failure,9.599999999999966,65099.8,0.2213270142180095
0,300.3,309.9,1518,36.4,0,0,No Failure,9.599999999999966,55255.2,36.4
0,300.3,309.9,1527,41.4,2,0,No Failure,9.599999999999966,63217.799999999996,13.799999999999999
0,300.3,309.9,1377,55.3,4,0,No Failure,9.599999999999966,76148.09999999999,11.059999999999999
1,300.3,310.0,1537,37.5,6,0,No Failure,9.699999999999989,57637.5,5.357142857142857
1,300.3,310.0,1409,43.2,9,0,No Failure,9.699999999999989,60868.8,4.32
0,300.3,309.9,1393,56.1,12,0,No Failure,9.599999999999966,78147.3,4.315384615384615
0,300.2,309.7,1448,36.8,14,0,No Failure,9.5,53286.399999999994,2.453333333333333
0,300.2,309.8,1418,49.3,16,0,No Failure,9.600000000000023,69907.4,2.9
1,300.2,309.8,1743,24.1,18,0,No Failure,9.600000000000023,42006.3,1.2684210526315791
1,300.2,309.8,1394,47.4,21,0,No Failure,9.600000000000023,66075.59999999999,2.1545454545454543
0,300.3,309.8,1523,39.2,24,0,No Failure,9.5,59701.600000000006,1.568
0,300.2,309.8,1353,59.4,26,0,No Failure,9.600000000000023,80368.2,2.1999999999999997
1,300.3,309.9,1447,46.5,28,0,No Failure,9.599999999999966,67285.5,1.603448275862069
0,300.3,309.9,1570,34.0,31,0,No Failure,9.599999999999966,53380.0,1.0625
1,300.3,309.9,1494,38.5,33,0,No Failure,9.599999999999966,57519.0,1.1323529411764706
0,300.3,309.9,1621,34.1,36,0,No Failure,9.599999999999966,55276.100000000006,0.9216216216216216
0,300.4,310.0,1769,26.1,38,0,No Failure,9.600000000000023,46170.9,0.6692307692307693
0,300.4,310.0,1282,66.1,40,0,No Failure,9.600000000000023,84740.2,1.6121951219512194
0,300.4,310.0,1581,30.3,42,0,No Failure,9.600000000000023,47904.3,0.7046511627906977
0,300.6,310.1,1656,32.7,44,0,No Failure,9.5,54151.200000000004,0.7266666666666667
0,300.6,310.2,1648,31.7,46,0,No Failure,9.599999999999966,52241.6,0.674468085106383
0,300.7,310.2,1639,31.4,48,0,No Failure,9.5,51464.6,0.6408163265306123
0,300.7,310.2,1348,54.8,50,0,No Failure,9.5,73870.4,1.0745098039215686
0,300.8,310.3,1537,33.3,52,0,No Failure,9.5,51182.1,0.6283018867924528
1,300.8,310.3,1270,61.0,54,0,No Failure,9.5,77470.0,1.1090909090909091
0,300.7,310.3,1662,34.4,57,0,No Failure,9.600000000000023,57172.799999999996,0.593103448275862
1,300.7,310.3,1471,40.2,59,0,No Failure,9.600000000000023,59134.200000000004,0.67
0,300.6,310.1,1337,45.8,62,0,No Failure,9.5,61234.6,0.726984126984127
2,300.7,310.2,1877,24.8,64,0,No Failure,9.5,46549.6,0.38153846153846155
0,300.6,310.2,1519,44.6,69,0,No Failure,9.599999999999966,67747.40000000001,0.6371428571428571
0,300.6,310.2,1378,47.3,71,0,No Failure,9.599999999999966,65179.399999999994,0.6569444444444444
0,300.7,310.2,1696,27.5,73,0,No Failure,9.5,46640.0,0.3716216216216216
0,300.7,310.1,1376,50.8,75,0,No Failure,9.400000000000034,69900.8,0.6684210526315789
0,300.7,310.2,1807,24.2,77,0,No Failure,9.5,43729.4,0.31025641025641026
0,300.7,310.1,1598,32.8,79,0,No Failure,9.400000000000034,52414.399999999994,0.41
0,300.7,310.1,1565,40.2,81,0,No Failure,9.400000000000034,62913.00000000001,0.49024390243902444
0,300.7,310.2,1387,50.6,83,0,No Failure,9.5,70182.2,0.6023809523809524
0,300.7,310.0,1395,48.0,85,0,No Failure,9.300000000000011,66960.0,0.5581395348837209
1,300.6,310.0,1302,62.9,87,0,No Failure,9.399999999999977,81895.8,0.7147727272727272
1,300.6,310.0,1397,55.2,90,0,No Failure,9.399999999999977,77114.40000000001,0.6065934065934067
0,300.6,310.0,1313,52.9,93,0,No Failure,9.399999999999977,69457.7,0.5627659574468085
0,300.6,310.0,1505,35.9,95,0,No Failure,9.399999999999977,54029.5,0.37395833333333334
2,300.6,310.0,1483,44.0,97,0,No Failure,9.399999999999977,65252.0,0.4489795918367347
2,300.5,310.0,1358,60.4,102,0,No Failure,9.5,82023.2,0.5864077669902913
1,300.5,309.9,1735,27.0,107,0,No Failure,9.399999999999977,46845.0,0.25
1,300.5,309.8,1416,48.5,110,0,No Failure,9.300000000000011,68676.0,0.4369369369369369
0,300.4,309.7,1740,31.1,113,0,No Failure,9.300000000000011,54114.0,0.27280701754385966
0,300.4,309.7,1692,27.4,115,0,No Failure,9.300000000000011,46360.799999999996,0.23620689655172414
0,300.5,309.8,1507,42.5,117,0,No Failure,9.300000000000011,64047.5,0.3601694915254237
1,300.4,309.6,1521,35.0,119,0,No Failure,9.200000000000045,53235.0,0.2916666666666667
0,300.4,309.6,1379,54.5,122,0,No Failure,9.200000000000045,75155.5,0.44308943089430897
0,300.4,309.6,1523,38.5,124,0,No Failure,9.200000000000045,58635.5,0.308
2,300.4,309.6,1571,33.6,126,0,No Failure,9.200000000000045,52785.600000000006,0.26456692913385826
2,300.4,309.5,1547,50.7,131,0,No Failure,9.100000000000023,78432.90000000001,0.3840909090909091
1,300.5,309.7,1347,54.3,136,0,No Failure,9.199999999999989,73142.09999999999,0.3963503649635036
0,300.5,309.7,1560,30.2,139,0,No Failure,9.199999999999989,47112.0,0.21571428571428572
0,300.5,309.7,1384,48.6,141,0,No Failure,9.199999999999989,67262.40000000001,0.34225352112676055
0,300.5,309.7,1841,24.6,143,0,No Failure,9.199999999999989,45288.600000000006,0.17083333333333334
0,300.5,309.8,1663,29.1,145,1,Unknown Failure,9.300000000000011,48393.3,0.1993150684931507
0,300.6,309.8,1418,42.7,147,0,No Failure,9.199999999999989,60548.600000000006,0.2885135135135135
0,300.7,309.9,1775,26.6,149,0,No Failure,9.199999999999989,47215.0,0.17733333333333334
0,300.7,309.8,1406,48.4,151,0,No Failure,9.100000000000023,68050.4,0.31842105263157894
0,300.6,309.9,1480,43.7,153,0,No Failure,9.299999999999955,64676.00000000001,0.2837662337662338
0,300.7,309.9,1412,45.3,155,0,No Failure,9.199999999999989,63963.6,0.29038461538461535
2,300.6,309.8,1913,22.5,157,0,No Failure,9.199999999999989,43042.5,0.14240506329113925
0,300.6,309.8,1629,37.6,162,0,No Failure,9.199999999999989,61250.4,0.23067484662576687
0,300.5,309.8,1939,21.4,164,0,No Failure,9.300000000000011,41494.6,0.1296969696969697
2,300.6,309.8,1541,36.2,166,0,No Failure,9.199999999999989,55784.200000000004,0.21676646706586827
0,300.7,309.8,1330,54.4,171,0,No Failure,9.100000000000023,72352.0,0.31627906976744186
1,300.7,309.8,1490,38.8,173,0,No Failure,9.100000000000023,57811.99999999999,0.22298850574712642
0,300.7,309.9,1383,44.5,176,0,No Failure,9.199999999999989,61543.5,0.2514124293785311
0,300.8,310.0,1468,52.7,178,0,No Failure,9.199999999999989,77363.6,0.29441340782122905
1,300.8,309.9,1444,46.0,180,0,No Failure,9.099999999999966,66424.0,0.2541436464088398
0,300.7,309.8,1363,53.1,183,0,No Failure,9.100000000000023,72375.3,0.28858695652173916
0,300.6,309.7,1617,33.2,185,0,No Failure,9.099999999999966,53684.4,0.17849462365591398
1,300.6,309.8,1694,31.1,187,0,No Failure,9.199999999999989,52683.4,0.16542553191489362
0,300.7,309.9,1815,27.0,190,0,No Failure,9.199999999999989,49005.0,0.14136125654450263
0,300.8,309.9,1312,65.3,192,1,Overstrain Failure,9.099999999999966,85673.59999999999,0.3383419689119171
2,300.8,309.9,2041,19.2,194,0,No Failure,9.099999999999966,39187.2,0.09846153846153846
0,300.9,310.0,1671,26.8,199,0,No Failure,9.100000000000023,44782.8,0.134
1,300.9,310.0,1416,46.6,201,0,No Failure,9.100000000000023,65985.6,0.2306930693069307
1,300.9,310.0,1600,36.0,204,0,No Failure,9.100000000000023,57600.0,0.17560975609756097
0,300.9,310.0,2595,13.7,207,0,No Failure,9.100000000000023,35551.5,0.06586538461538462
1,300.9,309.9,1465,42.9,209,0,No Failure,9.0,62848.5,0.2042857142857143
1,301.0,310.1,1681,27.4,212,0,No Failure,9.100000000000023,46059.399999999994,0.12863849765258215
0,301.1,310.1,1457,39.6,215,0,No Failure,9.0,57697.200000000004,0.18333333333333335
2,301.0,310.1,1454,44.1,217,0,No Failure,9.100000000000023,64121.4,0.20229357798165137
0,301.0,310.1,1558,32.6,0,0,No Failure,9.100000000000023,50790.8,32.6
2,301.0,310.1,1756,30.7,2,0,No Failure,9.100000000000023,53909.2,10.233333333333333
0,301.1,310.1,1564,36.8,7,0,No Failure,9.0,57555.2,4.6
0,301.1,310.2,1455,55.3,9,0,No Failure,9.099999999999966,80461.5,5.529999999999999
1,301.2,310.1,2280,15.7,11,0,No Failure,8.900000000000034,35796.0,1.3083333333333333
1,301.1,310.0,1433,48.1,14,0,No Failure,8.899999999999977,68927.3,3.2066666666666666
0,301.1,310.0,1513,38.0,17,0,No Failure,8.899999999999977,57494.0,2.111111111111111
0,301.0,309.9,1507,41.8,19,0,No Failure,8.899999999999977,62992.6,2.09
0,301.0,310.0,1480,43.5,21,0,No Failure,9.0,64380.0,1.9772727272727273
2,301.1,310.0,1470,40.1,23,0,No Failure,8.899999999999977,58947.0,1.6708333333333334
0,301.1,310.1,1540,36.6,28,0,No Failure,9.0,56364.0,1.2620689655172415
2,301.0,310.0,1212,67.9,30,0,No Failure,9.0,82294.8,2.1903225806451614
0,301.1,310.1,1417,46.9,35,0,No Failure,9.0,66457.3,1.3027777777777778
1,301.2,310.1,1666,34.9,37,0,No Failure,8.900000000000034,58143.399999999994,0.9184210526315789
0,301.1,310.1,1666,27.2,40,0,No Failure,9.0,45315.2,0.6634146341463415
0,301.1,310.1,1489,45.8,42,0,No Failure,9.0,68196.2,1.0651162790697675
1,301.1,310.2,1850,27.7,44,0,No Failure,9.099999999999966,51245.0,0.6155555555555555
0,301.1,310.4,1874,24.8,47,0,No Failure,9.299999999999955,46475.200000000004,0.5166666666666667
0,301.1,310.4,1312,73.6,49,1,Power Failure,9.299999999999955,96563.2,1.472
0,301.2,310.4,1515,38.4,51,0,No Failure,9.199999999999989,58176.0,0.7384615384615384
0,301.2,310.4,1516,44.4,53,0,No Failure,9.199999999999989,67310.4,0.8222222222222222
0,301.2,310.5,1546,40.0,55,0,No Failure,9.300000000000011,61840.0,0.7142857142857143
0,301.3,310.6,1481,40.9,57,0,No Failure,9.300000000000011,60572.9,0.7051724137931035
2,301.3,310.6,1605,32.5,59,0,No Failure,9.300000000000011,52162.5,0.5416666666666666
2,301.2,310.7,1656,26.2,64,0,No Failure,9.5,43387.2,0.40307692307692305
2,301.2,310.6,1352,52.0,69,0,No Failure,9.400000000000034,70304.0,0.7428571428571429
0,301.3,310.7,1504,47.2,74,0,No Failure,9.399999999999977,70988.8,0.6293333333333334
0,301.3,310.6,1436,44.2,76,0,No Failure,9.300000000000011,63471.200000000004,0.5740259740259741
2,301.2,310.5,1505,43.6,78,0,No Failure,9.300000000000011,65618.0,0.5518987341772152
0,301.3,310.5,1406,47.1,83,0,No Failure,9.199999999999989,66222.6,0.5607142857142857
1,301.3,310.5,1481,39.7,85,0,No Failure,9.199999999999989,58795.700000000004,0.4616279069767442
0,301.4,310.7,1487,44.6,88,0,No Failure,9.300000000000011,66320.2,0.501123595505618
0,301.4,310.7,1436,54.1,90,0,No Failure,9.300000000000011,77687.6,0.5945054945054945
1,301.4,310.7,1368,63.7,92,1,Power Failure,9.300000000000011,87141.6,0.6849462365591398
0,301.4,310.7,1509,38.3,95,0,No Failure,9.300000000000011,57794.7,0.3989583333333333
0,301.4,310.8,1543,36.9,97,0,No Failure,9.400000000000034,56936.7,0.3765306122448979
0,301.4,310.8,1698,29.6,99,0,No Failure,9.400000000000034,50260.8,0.29600000000000004
1,301.4,310.7,1470,46.5,101,0,No Failure,9.300000000000011,68355.0,0.45588235294117646
1,301.4,310.8,1738,30.3,104,0,No Failure,9.400000000000034,52661.4,0.2885714285714286
1,301.4,310.8,1530,39.9,107,0,No Failure,9.400000000000034,61047.0,0.3694444444444444
0,301.4,310.8,1740,29.2,110,0,No Failure,9.400000000000034,50808.0,0.26306306306306304
0,301.4,310.8,1770,24.1,112,0,No Failure,9.400000000000034,42657.0,0.21327433628318584
2,301.3,310.6,1527,44.0,114,0,No Failure,9.300000000000011,67188.0,0.3826086956521739
0,301.3,310.7,1516,46.0,119,0,No Failure,9.399999999999977,69736.0,0.38333333333333336
0,301.4,310.7,1616,36.5,121,0,No Failure,9.300000000000011,58984.0,0.29918032786885246
0,301.4,310.7,1786,26.1,123,0,No Failure,9.300000000000011,46614.600000000006,0.21048387096774196
0,301.4,310.8,1389,52.7,125,0,No Failure,9.400000000000034,73200.3,0.41825396825396827
1,301.4,310.7,1639,29.8,127,0,No Failure,9.300000000000011,48842.200000000004,0.2328125
2,301.5,310.7,1394,46.7,130,0,No Failure,9.199999999999989,65099.8,0.3564885496183206
0,301.5,310.7,1686,27.9,135,0,No Failure,9.199999999999989,47039.399999999994,0.2051470588235294
1,301.5,310.6,1638,31.9,137,0,No Failure,9.100000000000023,52252.2,0.23115942028985506
1,301.5,310.6,1447,41.9,140,0,No Failure,9.100000000000023,60629.299999999996,0.29716312056737587
2,301.5,310.6,1512,39.0,143,0,No Failure,9.100000000000023,58968.0,0.2708333333333333
0,301.6,310.8,1961,21.8,148,0,No Failure,9.199999999999989,42749.8,0.14630872483221477
0,301.5,310.7,1596,35.4,150,0,No Failure,9.199999999999989,56498.399999999994,0.2344370860927152
1,301.5,310.7,1871,21.3,152,0,No Failure,9.199999999999989,39852.3,0.1392156862745098
0,301.5,310.7,1942,20.5,155,0,No Failure,9.199999999999989,39811.0,0.13141025641025642
0,301.4,310.6,1557,38.2,157,0,No Failure,9.200000000000045,59477.4,0.2417721518987342
0,301.4,310.6,1550,36.8,159,0,No Failure,9.200000000000045,57039.99999999999,0.22999999999999998
0,301.3,310.6,1966,22.6,161,0,No Failure,9.300000000000011,44431.600000000006,0.13950617283950617
1,301.3,310.6,1499,36.1,163,0,No Failure,9.300000000000011,54113.9,0.2201219512195122
0,301.3,310.6,1521,36.3,166,0,No Failure,9.300000000000011,55212.299999999996,0.21736526946107781
1,301.4,310.7,1375,42.0,168,0,No Failure,9.300000000000011,57750.0,0.2485207100591716
0,301.4,310.6,1634,31.1,171,0,No Failure,9.200000000000045,50817.4,0.1808139534883721
1,301.3,310.6,1378,49.4,173,0,No Failure,9.300000000000011,68073.2,0.28390804597701147
0,301.4,310.7,1428,53.7,176,0,No Failure,9.300000000000011,76683.6,0.30338983050847457
1,301.4,310.6,1855,25.3,178,0,No Failure,9.200000000000045,46931.5,0.14134078212290505
0,301.4,310.6,1578,33.0,181,0,No Failure,9.200000000000045,52074.0,0.1813186813186813
1,301.4,310.5,1451,45.3,183,0,No Failure,9.100000000000023,65730.3,0.24619565217391304
0,301.5,310.5,1644,34.9,186,0,No Failure,9.0,57375.6,0.18663101604278073
0,301.4,310.4,1388,45.3,188,0,No Failure,9.0,62876.399999999994,0.23968253968253966
0,301.4,310.4,1543,40.9,190,0,No Failure,9.0,63108.7,0.21413612565445025
0,301.3,310.4,1501,41.6,192,0,No Failure,9.099999999999966,62441.6,0.2155440414507772
0,301.3,310.4,1507,39.1,194,0,No Failure,9.099999999999966,58923.700000000004,0.20051282051282052
0,301.4,310.4,1559,36.0,196,0,No Failure,9.0,56124.0,0.18274111675126903
0,301.5,310.5,1528,35.7,198,0,No Failure,9.0,54549.600000000006,0.17939698492462314
1,301.5,310.5,1503,38.2,200,0,No Failure,9.0,57414.600000000006,0.1900497512437811
0,301.5,310.5,1372,44.0,203,0,No Failure,9.0,60368.0,0.21568627450980393
1,301.5,310.5,1600,32.8,205,0,No Failure,9.0,52479.99999999999,0.15922330097087378
0,301.5,310.6,1453,44.0,208,0,No Failure,9.100000000000023,63932.0,0.21052631578947367
1,301.6,310.7,1813,24.6,210,0,No Failure,9.099999999999966,44599.8,0.1165876777251185
0,301.6,310.7,1457,40.4,213,0,No Failure,9.099999999999966,58862.799999999996,0.18878504672897195
1,301.6,310.6,1553,38.9,0,0,No Failure,9.0,60411.7,38.9
0,301.7,310.7,1763,25.9,3,0,No Failure,9.0,45661.7,6.475
0,301.7,310.7,2023,20.9,5,0,No Failure,9.0,42280.7,3.483333333333333
1,301.6,310.7,1457,47.8,7,0,No Failure,9.099999999999966,69644.59999999999,5.975
0,301.6,310.7,1679,29.5,10,0,No Failure,9.099999999999966,49530.5,2.6818181818181817
0,301.6,310.6,2103,19.7,12,0,No Failure,9.0,41429.1,1.5153846153846153
1,301.5,310.7,1460,38.6,14,0,No Failure,9.199999999999989,56356.0,2.5733333333333333
1,301.5,310.7,1454,39.4,17,0,No Failure,9.199999999999989,57287.6,2.1888888888888887
0,301.5,310.6,1481,46.8,20,0,No Failure,9.100000000000023,69310.8,2.2285714285714286
0,301.5,310.7,1424,51.1,22,0,No Failure,9.199999999999989,72766.40000000001,2.221739130434783
0,301.6,310.7,1494,39.5,24,0,No Failure,9.099999999999966,59013.0,1.58
1,301.5,310.6,1424,47.0,26,0,No Failure,9.100000000000023,66928.0,1.7407407407407407
1,301.5,310.7,1347,47.9,29,0,No Failure,9.199999999999989,64521.299999999996,1.5966666666666667
0,301.5,310.6,1374,46.7,32,0,No Failure,9.100000000000023,64165.8,1.4151515151515153
1,301.5,310.6,1403,47.4,34,0,No Failure,9.100000000000023,66502.2,1.3542857142857143
1,301.5,310.6,1573,37.4,37,0,No Failure,9.100000000000023,58830.2,0.9842105263157894
1,301.6,310.6,1691,30.1,40,0,No Failure,9.0,50899.100000000006,0.7341463414634146
2,301.5,310.5,1538,44.3,43,0,No Failure,9.0,68133.4,1.0068181818181818
0,301.5,310.5,1556,39.1,48,0,No Failure,9.0,60839.600000000006,0.7979591836734694
1,301.5,310.4,1593,36.8,50,0,No Failure,8.899999999999977,58622.399999999994,0.7215686274509804
0,301.5,310.4,1474,39.9,53,0,No Failure,8.899999999999977,58812.6,0.7388888888888888
0,301.5,310.4,1543,34.0,55,0,No Failure,8.899999999999977,52462.0,0.6071428571428571
2,301.5,310.5,1587,33.8,57,0,No Failure,9.0,53640.6,0.5827586206896551
0,301.6,310.6,1222,70.0,62,0,No Failure,9.0,85540.0,1.1111111111111112
0,301.7,310.6,1513,41.1,64,0,No Failure,8.900000000000034,62184.3,0.6323076923076923
0,301.7,310.6,1660,28.7,66,0,No Failure,8.900000000000034,47642.0,0.42835820895522386
0,301.7,310.6,1545,42.1,68,0,No Failure,8.900000000000034,65044.5,0.610144927536232
1,301.7,310.6,1380,45.8,70,0,No Failure,8.900000000000034,63203.99999999999,0.6450704225352112
0,301.6,310.6,1321,60.8,73,0,No Failure,9.0,80316.8,0.8216216216216216
1,301.6,310.6,1309,65.8,75,1,Power Failure,9.0,86132.2,0.8657894736842104
1,301.7,310.7,1627,31.3,78,0,No Failure,9.0,50925.1,0.3962025316455696
1,301.6,310.7,1791,23.8,81,0,No Failure,9.099999999999966,42625.8,0.2902439024390244
1,301.7,310.7,1861,21.8,84,0,No Failure,9.0,40569.8,0.2564705882352941
0,301.7,310.7,1493,51.1,87,0,No Failure,9.0,76292.3,0.5806818181818182
1,301.7,310.7,1442,41.1,89,0,No Failure,9.0,59266.200000000004,0.45666666666666667
0,301.7,310.7,1532,39.8,92,0,No Failure,9.0,60973.6,0.4279569892473118
1,301.6,310.7,1421,44.4,94,0,No Failure,9.099999999999966,63092.4,0.46736842105263154
0,301.6,310.6,1613,42.5,97,0,No Failure,9.0,68552.5,0.4336734693877551
1,301.7,310.6,1876,22.1,99,0,No Failure,8.900000000000034,41459.600000000006,0.221
0,301.6,310.5,1593,34.5,102,0,No Failure,8.899999999999977,54958.5,0.33495145631067963
0,301.6,310.5,1397,49.4,104,0,No Failure,8.899999999999977,69011.8,0.47047619047619044
1,301.6,310.5,1414,49.3,106,0,No Failure,8.899999999999977,69710.2,0.46074766355140184
1,301.5,310.4,1378,55.3,109,0,No Failure,8.899999999999977,76203.4,0.5027272727272727
0,301.4,310.4,1301,51.2,112,0,No Failure,9.0,66611.2,0.4530973451327434
1,301.5,310.5,1737,29.3,114,0,No Failure,9.0,50894.1,0.25478260869565217
0,301.5,310.5,1396,44.5,117,0,No Failure,9.0,62122.0,0.3771186440677966
0,301.5,310.5,1534,39.3,119,0,No Failure,9.0,60286.2,0.32749999999999996
1,301.5,310.5,1774,25.5,121,0,No Failure,9.0,45237.0,0.20901639344262296
2,301.5,310.5,1453,48.0,124,0,No Failure,9.0,69744.0,0.384
0,301.5,310.5,1453,44.2,129,0,No Failure,9.0,64222.600000000006,0.34
0,301.4,310.5,1380,48.4,131,0,No Failure,9.100000000000023,66792.0,0.36666666666666664
0,301.4,310.4,1334,43.2,133,0,No Failure,9.0,57628.8,0.32238805970149254
0,301.5,310.5,1702,28.7,135,0,No Failure,9.0,48847.4,0.21102941176470588
0,301.6,310.6,1431,37.5,137,0,No Failure,9.0,53662.5,0.2717391304347826
1,301.5,310.5,1308,60.5,139,0,No Failure,9.0,79134.0,0.43214285714285716
0,301.5,310.6,1565,43.9,142,0,No Failure,9.100000000000023,68703.5,0.30699300699300697
1,301.5,310.4,1486,39.6,144,0,No Failure,8.899999999999977,58845.6,0.2731034482758621
0,301.5,310.5,1479,34.2,147,0,No Failure,9.0,50581.8,0.2310810810810811
0,301.5,310.5,1927,22.4,149,0,No Failure,9.0,43164.799999999996,0.14933333333333332
0,301.5,310.4,1488,41.1,151,0,No Failure,8.899999999999977,61156.8,0.2703947368421053
1,301.5,310.4,1350,54.9,153,0,No Failure,8.899999999999977,74115.0,0.3564935064935065
0,301.6,310.4,1561,35.3,156,0,No Failure,8.799999999999955,55103.299999999996,0.22484076433121017
1,301.5,310.4,1276,55.6,158,0,No Failure,8.899999999999977,70945.6,0.349685534591195
2,301.5,310.4,1580,35.7,161,0,No Failure,8.899999999999977,56406.00000000001,0.22037037037037038
1,301.4,310.3,1610,29.1,166,0,No Failure,8.900000000000034,46851.0,0.17425149700598802
0,301.4,310.3,2203,16.6,169,0,No Failure,8.900000000000034,36569.8,0.09764705882352942
0,301.4,310.3,1639,32.7,171,0,No Failure,8.900000000000034,53595.3,0.19011627906976747
1,301.4,310.4,1553,44.7,173,0,No Failure,9.0,69419.1,0.25689655172413794
0,301.4,310.3,1374,47.6,176,0,No Failure,8.900000000000034,65402.4,0.2689265536723164
0,301.4,310.4,1430,50.9,178,0,No Failure,9.0,72787.0,0.28435754189944135
0,301.3,310.3,1626,31.3,180,0,No Failure,9.0,50893.8,0.17292817679558012
2,301.4,310.5,1421,43.8,182,0,No Failure,9.100000000000023,62239.799999999996,0.23934426229508196
1,301.3,310.4,1501,39.8,187,0,No Failure,9.099999999999966,59739.799999999996,0.21170212765957444
1,301.3,310.4,2093,18.7,190,0,No Failure,9.099999999999966,39139.1,0.09790575916230367
0,301.3,310.4,1504,47.2,193,0,No Failure,9.099999999999966,70988.8,0.24329896907216497
0,301.3,310.4,1538,38.4,195,0,No Failure,9.099999999999966,59059.2,0.19591836734693877
0,301.3,310.4,1440,41.5,197,0,No Failure,9.099999999999966,59760.0,0.20959595959595959
0,301.3,310.4,1414,51.4,199,0,No Failure,9.099999999999966,72679.59999999999,0.257
2,301.4,310.5,1536,39.9,201,0,No Failure,9.100000000000023,61286.399999999994,0.1975247524752475
0,301.4,310.5,1476,39.2,206,0,No Failure,9.100000000000023,57859.200000000004,0.18937198067632852
0,301.4,310.5,1571,33.9,208,0,No Failure,9.100000000000023,53256.899999999994,0.16220095693779904
0,301.5,310.6,1998,20.2,210,0,No Failure,9.100000000000023,40359.6,0.09573459715639811
0,301.5,310.6,1357,42.1,212,0,No Failure,9.100000000000023,57129.700000000004,0.19765258215962442
0,301.6,310.7,1424,50.5,214,0,No Failure,9.099999999999966,71912.0,0.23488372093023255
0,301.6,310.7,1380,51.8,216,1,Overstrain Failure,9.099999999999966,71484.0,0.23870967741935484
0,301.5,310.7,1618,35.5,218,0,No Failure,9.199999999999989,57439.0,0.16210045662100456
0,301.5,310.6,1579,28.0,220,0,No Failure,9.100000000000023,44212.0,0.12669683257918551
0,301.5,310.7,1423,44.0,222,0,No Failure,9.199999999999989,62612.0,0.19730941704035873
0,301.5,310.7,1435,38.5,224,0,No Failure,9.199999999999989,55247.5,0.1711111111111111
1,301.5,310.7,1336,65.6,0,1,Power Failure,9.199999999999989,87641.59999999999,65.6
0,301.6,310.8,1392,42.4,3,0,No Failure,9.199999999999989,59020.799999999996,10.6
0,301.5,310.8,1417,49.7,5,0,No Failure,9.300000000000011,70424.90000000001,8.283333333333333
0,301.4,310.7,1425,45.1,7,0,No Failure,9.300000000000011,64267.5,5.6375
0,301.5,310.8,1512,38.9,9,0,No Failure,9.300000000000011,58816.799999999996,3.8899999999999997
0,301.5,310.9,1318,50.6,11,0,No Failure,9.399999999999977,66690.8,4.216666666666667
0,301.6,310.9,1538,40.4,13,0,No Failure,9.299999999999955,62135.2,2.8857142857142857
0,301.6,310.9,1532,43.6,15,0,No Failure,9.299999999999955,66795.2,2.725
0,301.7,311.0,1715,24.8,17,0,No Failure,9.300000000000011,42532.0,1.3777777777777778
0,301.7,311.0,1700,28.7,19,0,No Failure,9.300000000000011,48790.0,1.435
0,301.7,311.0,1548,40.3,21,0,No Failure,9.300000000000011,62384.399999999994,1.8318181818181818
0,301.7,311.0,1546,43.0,23,0,No Failure,9.300000000000011,66478.0,1.7916666666666667
0,301.7,311.0,1343,49.2,25,0,No Failure,9.300000000000011,66075.6,1.8923076923076925
1,301.7,311.0,1510,47.8,27,0,No Failure,9.300000000000011,72178.0,1.707142857142857
1,301.8,311.0,1839,23.6,30,0,No Failure,9.199999999999989,43400.4,0.7612903225806452
1,301.8,311.0,1756,26.7,33,0,No Failure,9.199999999999989,46885.2,0.7852941176470588
1,301.7,310.9,1300,62.7,36,0,No Failure,9.199999999999989,81510.0,1.6945945945945946
1,301.7,311.0,1311,55.8,39,0,No Failure,9.300000000000011,73153.8,1.395
0,301.7,310.9,1636,31.3,42,0,No Failure,9.199999999999989,51206.8,0.727906976744186
0,301.6,310.9,1643,34.1,44,0,No Failure,9.299999999999955,56026.3,0.7577777777777778
0,301.6,310.8,1418,44.7,46,0,No Failure,9.199999999999989,63384.600000000006,0.9510638297872341
1,301.7,310.8,1516,40.4,48,0,No Failure,9.100000000000023,61246.4,0.8244897959183674
2,301.6,310.9,1419,50.2,51,0,No Failure,9.299999999999955,71233.8,0.9653846153846154
0,301.6,310.9,1623,34.1,56,0,No Failure,9.299999999999955,55344.3,0.5982456140350877
1,301.6,310.8,1664,32.0,58,0,No Failure,9.199999999999989,53248.0,0.5423728813559322
1,301.5,310.7,1744,28.2,61,0,No Failure,9.199999999999989,49180.799999999996,0.45483870967741935
1,301.5,310.7,1510,36.0,64,0,No Failure,9.199999999999989,54360.0,0.5538461538461539
1,301.5,310.6,1382,58.1,67,0,No Failure,9.100000000000023,80294.2,0.8544117647058824
0,301.4,310.6,1381,46.1,70,0,No Failure,9.200000000000045,63664.1,0.6492957746478873
0,301.3,310.6,1556,39.0,72,0,No Failure,9.300000000000011,60684.0,0.5342465753424658
1,301.4,310.6,1464,37.4,74,0,No Failure,9.200000000000045,54753.6,0.49866666666666665
0,301.4,310.6,1481,37.6,77,0,No Failure,9.200000000000045,55685.6,0.48205128205128206
0,301.5,310.7,1323,49.7,79,0,No Failure,9.199999999999989,65753.1,0.6212500000000001
0,301.5,310.7,1426,46.1,81,0,No Failure,9.199999999999989,65738.6,0.5621951219512196
2,301.4,310.7,1516,36.4,83,0,No Failure,9.300000000000011,55182.4,0.4333333333333333
0,301.3,310.6,1416,45.2,88,0,No Failure,9.300000000000011,64003.200000000004,0.5078651685393258
0,301.3,310.6,1440,53.8,90,0,No Failure,9.300000000000011,77472.0,0.5912087912087912
0,301.3,310.6,1576,30.4,92,0,No Failure,9.300000000000011,47910.399999999994,0.3268817204301075
0,301.3,310.6,1387,53.6,94,0,No Failure,9.300000000000011,74343.2,0.5642105263157895
1,301.4,310.6,1464,48.6,96,0,No Failure,9.200000000000045,71150.40000000001,0.5010309278350515
0,301.4,310.6,2137,18.0,99,0,No Failure,9.200000000000045,38466.0,0.18
1,301.4,310.6,1431,40.6,101,0,No Failure,9.200000000000045,58098.6,0.39803921568627454
0,301.3,310.6,1458,48.0,104,0,No Failure,9.300000000000011,69984.0,0.45714285714285713
0,301.4,310.7,1280,61.0,106,0,No Failure,9.300000000000011,78080.0,0.5700934579439252
0,301.4,310.7,1657,28.7,108,0,No Failure,9.300000000000011,47555.9,0.26330275229357797
1,301.4,310.6,1565,36.1,110,0,No Failure,9.200000000000045,56496.5,0.32522522522522523
0,301.3,310.6,1560,36.8,113,0,No Failure,9.300000000000011,57407.99999999999,0.3228070175438596
1,301.5,310.7,1359,47.1,115,0,No Failure,9.199999999999989,64008.9,0.4060344827586207
0,301.5,310.8,1500,41.0,118,0,No Failure,9.300000000000011,61500.0,0.3445378151260504
0,301.5,310.8,1785,25.5,120,0,No Failure,9.300000000000011,45517.5,0.21074380165289255
0,301.5,310.9,1891,23.2,122,0,No Failure,9.399999999999977,43871.2,0.18861788617886177
2,301.5,310.9,1524,40.4,124,0,No Failure,9.399999999999977,61569.6,0.3232
1,301.6,311.0,1431,42.3,129,0,No Failure,9.399999999999977,60531.299999999996,0.3253846153846154
0,301.6,310.9,1385,51.2,132,0,No Failure,9.299999999999955,70912.0,0.3849624060150376
0,301.7,311.0,1503,44.8,134,0,No Failure,9.300000000000011,67334.4,0.33185185185185184
1,301.7,311.0,1311,46.8,136,0,No Failure,9.300000000000011,61354.799999999996,0.3416058394160584
1,301.6,310.9,1575,40.1,139,0,No Failure,9.299999999999955,63157.5,0.2864285714285714
0,301.6,311.0,1485,40.1,142,0,No Failure,9.399999999999977,59548.5,0.2804195804195804
0,301.7,311.0,1527,42.2,144,0,No Failure,9.300000000000011,64439.4,0.2910344827586207
1,301.7,311.0,1537,33.5,146,0,No Failure,9.300000000000011,51489.5,0.22789115646258504
2,301.8,311.1,1463,50.1,149,0,No Failure,9.300000000000011,73296.3,0.334
0,301.7,311.2,1482,43.6,154,0,No Failure,9.5,64615.200000000004,0.2812903225806452
0,301.8,311.2,1417,55.9,156,0,No Failure,9.399999999999977,79210.3,0.3560509554140127
1,301.7,311.1,1506,39.5,158,0,No Failure,9.400000000000034,59487.0,0.24842767295597484
2,301.7,311.2,1639,30.0,161,0,No Failure,9.5,49170.0,0.18518518518518517
0,301.7,311.2,1418,38.0,166,0,No Failure,9.5,53884.0,0.2275449101796407
1,301.7,311.0,1298,58.1,168,0,No Failure,9.300000000000011,75413.8,0.3437869822485207
1,301.8,311.1,1395,44.6,171,0,No Failure,9.300000000000011,62217.0,0.2593023255813954
1,301.7,311.1,1578,40.5,174,0,No Failure,9.400000000000034,63909.0,0.23142857142857143
1,301.8,311.1,1597,29.8,177,0,No Failure,9.300000000000011,47590.6,0.16741573033707866
2,301.7,311.0,2016,19.3,180,0,No Failure,9.300000000000011,38908.8,0.10662983425414366
0,301.7,311.0,1585,35.9,185,0,No Failure,9.300000000000011,56901.5,0.19301075268817203
1,301.7,311.0,1505,44.0,187,0,No Failure,9.300000000000011,66220.0,0.23404255319148937
1,301.7,311.0,1505,37.1,190,0,No Failure,9.300000000000011,55835.5,0.19424083769633507
0,301.6,310.9,1706,29.5,193,0,No Failure,9.299999999999955,50327.0,0.15206185567010308
0,301.6,310.9,1385,50.7,195,0,No Failure,9.299999999999955,70219.5,0.2586734693877551
0,301.8,311.1,1495,36.9,197,0,No Failure,9.300000000000011,55165.5,0.18636363636363637
1,301.8,311.1,1663,31.6,199,0,No Failure,9.300000000000011,52550.8,0.158
0,301.8,311.2,1840,26.6,202,0,No Failure,9.399999999999977,48944.0,0.1310344827586207
0,301.8,311.2,1822,26.2,204,0,No Failure,9.399999999999977,47736.4,0.1278048780487805
0,301.7,311.1,1644,32.8,206,0,No Failure,9.400000000000034,53923.2,0.1584541062801932
0,301.7,311.0,1441,44.3,208,1,Tool Wear Failure,9.300000000000011,63836.299999999996,0.21196172248803827
0,301.5,310.9,1451,40.6,0,0,No Failure,9.399999999999977,58910.6,40.6
0,301.5,310.9,1400,50.8,2,0,No Failure,9.399999999999977,71120.0,16.933333333333334
0,301.4,310.8,1362,53.2,4,0,No Failure,9.400000000000034,72458.40000000001,10.64
1,301.4,310.8,1782,26.5,6,0,No Failure,9.400000000000034,47223.0,3.7857142857142856
0,301.4,310.9,1536,38.3,9,0,No Failure,9.5,58828.799999999996,3.8299999999999996
0,301.5,310.9,1580,32.3,11,0,No Failure,9.399999999999977,51033.99999999999,2.6916666666666664
1,301.4,311.0,1427,43.2,13,0,No Failure,9.600000000000023,61646.4,3.085714285714286
0,301.3,310.9,1509,41.7,16,0,No Failure,9.599999999999966,62925.3,2.4529411764705884
2,301.3,310.8,1434,39.5,18,0,No Failure,9.5,56643.0,2.0789473684210527
0,301.2,310.8,1392,52.6,23,0,No Failure,9.600000000000023,73219.2,2.191666666666667
1,301.3,310.8,1509,40.1,25,0,No Failure,9.5,60510.9,1.5423076923076924
1,301.2,310.7,1962,22.5,28,0,No Failure,9.5,44145.0,0.7758620689655172
0,301.3,310.7,1536,39.3,31,0,No Failure,9.399999999999977,60364.799999999996,1.228125
0,301.3,310.8,1381,47.9,33,0,No Failure,9.5,66149.9,1.4088235294117646
2,301.2,310.7,1747,27.3,35,0,No Failure,9.5,47693.1,0.7583333333333333
0,301.2,310.6,1670,30.0,40,0,No Failure,9.400000000000034,50100.0,0.7317073170731707
0,301.3,310.6,1451,47.5,42,0,No Failure,9.300000000000011,68922.5,1.1046511627906976
0,301.2,310.7,1951,21.3,44,0,No Failure,9.5,41556.3,0.47333333333333333
1,301.3,310.7,1819,25.5,46,0,No Failure,9.399999999999977,46384.5,0.5425531914893617
1,301.3,310.8,1372,54.2,49,0,No Failure,9.5,74362.40000000001,1.084
0,301.3,310.8,1560,38.5,52,0,No Failure,9.5,60060.0,0.7264150943396226
1,301.3,310.8,1494,35.3,54,0,No Failure,9.5,52738.2,0.6418181818181817
0,301.3,310.8,1531,53.4,57,0,No Failure,9.5,81755.4,0.9206896551724137
0,301.3,310.8,1450,46.9,59,0,No Failure,9.5,68005.0,0.7816666666666666
1,301.3,310.7,1391,52.5,61,0,No Failure,9.399999999999977,73027.5,0.8467741935483871
0,301.2,310.6,1389,45.3,64,0,No Failure,9.400000000000034,62921.7,0.6969230769230769
0,301.2,310.6,1409,50.9,66,0,No Failure,9.400000000000034,71718.09999999999,0.7597014925373134
2,301.1,310.6,1388,58.5,68,0,No Failure,9.5,81198.0,0.8478260869565217
1,301.1,310.6,1410,43.9,73,0,No Failure,9.5,61899.0,0.5932432432432432
1,301.1,310.5,1646,30.7,76,0,No Failure,9.399999999999977,50532.2,0.39870129870129867
1,301.1,310.7,2219,16.7,79,0,No Failure,9.599999999999966,37057.299999999996,0.20875
0,301.2,310.7,1551,41.2,82,0,No Failure,9.5,63901.200000000004,0.49638554216867475
0,301.2,310.6,1811,24.0,84,0,No Failure,9.400000000000034,43464.0,0.2823529411764706
0,301.3,310.7,1608,31.4,86,0,No Failure,9.399999999999977,50491.2,0.36091954022988504
0,301.3,310.8,1428,55.2,88,0,No Failure,9.5,78825.6,0.6202247191011236
0,301.4,310.8,1477,50.4,90,0,No Failure,9.400000000000034,74440.8,0.5538461538461539
1,301.3,310.7,1300,58.3,92,0,No Failure,9.399999999999977,75790.0,0.6268817204301075
1,301.2,310.7,1615,34.9,95,0,No Failure,9.5,56363.5,0.36354166666666665
0,301.2,310.7,1676,32.4,98,0,No Failure,9.5,54302.399999999994,0.32727272727272727
1,301.1,310.7,2636,12.2,100,1,Power Failure,9.599999999999966,32159.199999999997,0.12079207920792079
1,301.1,310.6,1310,48.8,103,0,No Failure,9.5,63927.99999999999,0.46923076923076923
0,301.1,310.7,1334,48.2,106,0,No Failure,9.599999999999966,64298.8,0.4504672897196262
1,301.1,310.7,1621,31.0,108,0,No Failure,9.599999999999966,50251.0,0.28440366972477066
1,301.1,310.7,1367,43.4,111,0,No Failure,9.599999999999966,59327.799999999996,0.3875
0,301.0,310.6,1588,33.7,114,0,No Failure,9.600000000000023,53515.600000000006,0.29304347826086957
1,301.0,310.7,1497,37.6,116,0,No Failure,9.699999999999989,56287.200000000004,0.3213675213675214
0,301.1,310.8,1608,32.9,119,0,No Failure,9.699999999999989,52903.2,0.27416666666666667
0,301.0,310.8,1549,41.4,121,0,No Failure,9.800000000000011,64128.6,0.33934426229508197
0,301.0,310.7,1391,45.0,123,0,No Failure,9.699999999999989,62595.0,0.3629032258064516
0,300.9,310.8,1490,38.1,125,0,No Failure,9.900000000000034,56769.0,0.3023809523809524
0,301.0,310.7,1727,34.5,127,0,No Failure,9.699999999999989,59581.5,0.26953125
0,300.9,310.6,1504,46.4,129,0,No Failure,9.700000000000045,69785.59999999999,0.3569230769230769
0,300.9,310.6,1350,53.8,131,0,No Failure,9.700000000000045,72630.0,0.40757575757575754
1,300.9,310.7,1420,43.0,133,0,No Failure,9.800000000000011,61060.0,0.3208955223880597
2,300.8,310.6,1465,44.1,136,0,No Failure,9.800000000000011,64606.5,0.3218978102189781
0,300.9,310.7,1427,44.1,141,0,No Failure,9.800000000000011,62930.700000000004,0.31056338028169017
0,300.9,310.7,1477,43.2,143,0,No Failure,9.800000000000011,63806.4,0.30000000000000004
1,301.0,310.7,1493,48.1,145,0,No Failure,9.699999999999989,71813.3,0.32945205479452055
1,301.0,310.7,1657,29.9,148,0,No Failure,9.699999999999989,49544.299999999996,0.20067114093959731
0,300.9,310.7,1359,46.0,151,0,No Failure,9.800000000000011,62514.0,0.3026315789473684
0,300.8,310.6,1551,34.5,153,0,No Failure,9.800000000000011,53509.5,0.22402597402597402
1,300.8,310.6,1545,37.5,155,0,No Failure,9.800000000000011,57937.5,0.2403846153846154
1,300.9,310.6,1709,29.2,158,0,No Failure,9.700000000000045,49902.799999999996,0.18364779874213835
1,300.9,310.7,1268,56.3,161,0,No Failure,9.800000000000011,71388.4,0.3475308641975308
0,300.9,310.7,1740,25.3,164,0,No Failure,9.800000000000011,44022.0,0.15333333333333335
0,301.0,310.9,1828,25.1,166,0,No Failure,9.899999999999977,45882.8,0.1502994011976048
0,301.0,310.9,1822,21.6,168,0,No Failure,9.899999999999977,39355.200000000004,0.12781065088757398
1,301.0,310.9,1515,41.8,170,0,No Failure,9.899999999999977,63326.99999999999,0.24444444444444444
0,301.0,310.9,1392,52.9,173,0,No Failure,9.899999999999977,73636.8,0.3040229885057471
2,300.9,310.9,1474,35.7,175,0,No Failure,10.0,52621.8,0.2028409090909091
1,301.0,310.9,1359,53.4,180,0,No Failure,9.899999999999977,72570.59999999999,0.2950276243093923
0,301.1,311.0,1565,52.3,183,0,No Failure,9.899999999999977,81849.5,0.2842391304347826
1,301.1,311.1,1384,42.5,185,0,No Failure,10.0,58820.0,0.22849462365591397
0,301.1,311.1,1387,53.1,188,0,No Failure,10.0,73649.7,0.28095238095238095
0,301.1,311.0,1378,51.1,190,0,No Failure,9.899999999999977,70415.8,0.2675392670157068
0,301.0,310.9,1809,25.7,192,0,No Failure,9.899999999999977,46491.299999999996,0.13316062176165802
2,301.1,311.0,1339,52.8,194,0,No Failure,9.899999999999977,70699.2,0.27076923076923076
1,301.0,311.0,1423,38.6,199,0,No Failure,10.0,54927.8,0.193
0,301.1,311.1,1570,41.6,202,0,No Failure,10.0,65312.0,0.20492610837438424
0,301.2,311.2,1558,34.1,204,0,No Failure,10.0,53127.8,0.16634146341463416
0,301.1,311.1,1799,21.7,206,0,No Failure,10.0,39038.299999999996,0.10483091787439613
1,301.1,311.2,1591,35.0,208,0,No Failure,10.099999999999966,55685.0,0.1674641148325359
0,301.2,311.2,1635,29.6,211,0,No Failure,10.0,48396.0,0.13962264150943396
0,301.3,311.3,1509,42.5,213,0,No Failure,10.0,64132.5,0.1985981308411215
1,301.3,311.4,1838,23.2,215,0,No Failure,10.099999999999966,42641.6,0.10740740740740741
1,301.3,311.5,1648,32.4,0,0,No Failure,10.199999999999989,53395.2,32.4
1,301.2,311.5,1498,49.5,3,0,No Failure,10.300000000000011,74151.0,12.375
0,301.2,311.4,1757,28.0,6,0,No Failure,10.199999999999989,49196.0,4.0
1,301.1,311.3,1389,53.3,8,0,No Failure,10.199999999999989,74033.7,5.922222222222222
0,301.1,311.3,1498,37.6,11,0,No Failure,10.199999999999989,56324.8,3.1333333333333333
1,301.0,311.2,1521,35.8,13,0,No Failure,10.199999999999989,54451.799999999996,2.557142857142857
1,301.0,311.2,1394,41.3,16,0,No Failure,10.199999999999989,57572.2,2.429411764705882
2,301.0,311.2,1602,32.7,19,0,No Failure,10.199999999999989,52385.4,1.6350000000000002
0,300.9,311.1,1417,40.7,24,0,No Failure,10.200000000000045,57671.9,1.6280000000000001
0,301.0,311.2,1511,42.9,26,0,No Failure,10.199999999999989,64821.9,1.5888888888888888
1,301.1,311.3,1654,30.7,28,0,No Failure,10.199999999999989,50777.799999999996,1.0586206896551724
1,301.1,311.3,1836,22.8,31,0,No Failure,10.199999999999989,41860.8,0.7125
0,301.1,311.3,1622,35.6,34,0,No Failure,10.199999999999989,57743.200000000004,1.0171428571428571
0,301.0,311.2,1467,45.4,36,0,No Failure,10.199999999999989,66601.8,1.227027027027027
1,301.1,311.3,1909,22.7,38,0,No Failure,10.199999999999989,43334.299999999996,0.582051282051282
0,301.1,311.2,1910,20.2,41,0,No Failure,10.099999999999966,38582.0,0.4809523809523809
2,301.1,311.3,2207,16.6,43,0,No Failure,10.199999999999989,36636.200000000004,0.3772727272727273
1,301.1,311.2,1384,49.4,48,0,No Failure,10.099999999999966,68369.59999999999,1.0081632653061223
0,301.1,311.3,1630,29.5,51,0,No Failure,10.199999999999989,48085.0,0.5673076923076923
0,301.1,311.3,1268,60.0,53,0,No Failure,10.199999999999989,76080.0,1.1111111111111112
0,301.1,311.4,1531,38.7,55,0,No Failure,10.299999999999955,59249.700000000004,0.6910714285714287
1,301.0,311.3,1454,41.5,57,0,No Failure,10.300000000000011,60341.0,0.7155172413793104
0,301.0,311.3,1342,50.9,60,0,No Failure,10.300000000000011,68307.8,0.8344262295081967
0,301.0,311.2,1363,46.3,62,0,No Failure,10.199999999999989,63106.899999999994,0.7349206349206349
0,301.0,311.2,1412,42.1,64,0,No Failure,10.199999999999989,59445.200000000004,0.6476923076923077
2,301.0,311.3,1597,39.2,66,0,No Failure,10.300000000000011,62602.4,0.5850746268656717
0,301.0,311.3,1349,47.0,71,0,No Failure,10.300000000000011,63403.0,0.6527777777777778
0,301.0,311.3,1472,35.3,73,0,No Failure,10.300000000000011,51961.6,0.477027027027027
0,301.0,311.4,1478,39.5,75,0,No Failure,10.399999999999977,58381.0,0.5197368421052632
2,300.9,311.3,1295,58.9,77,0,No Failure,10.400000000000034,76275.5,0.7551282051282051
1,300.8,311.2,1592,32.9,82,0,No Failure,10.399999999999977,52376.799999999996,0.39638554216867466
0,300.8,311.2,1430,54.4,85,0,No Failure,10.399999999999977,77792.0,0.6325581395348837
1,300.8,311.2,1488,40.1,87,0,No Failure,10.399999999999977,59668.8,0.4556818181818182
2,300.9,311.2,1518,35.0,90,0,No Failure,10.300000000000011,53130.0,0.38461538461538464
2,300.8,311.2,2237,17.0,95,0,No Failure,10.399999999999977,38029.0,0.17708333333333334
1,300.9,311.3,1801,24.6,100,0,No Failure,10.400000000000034,44304.600000000006,0.2435643564356436
0,301.0,311.4,1573,37.6,103,0,No Failure,10.399999999999977,59144.8,0.36153846153846153
0,300.9,311.4,2073,21.4,105,0,No Failure,10.5,44362.2,0.20188679245283017
0,300.9,311.3,1953,19.4,107,0,No Failure,10.400000000000034,37888.2,0.1796296296296296
0,300.8,311.2,1492,39.0,109,0,No Failure,10.399999999999977,58188.0,0.35454545454545455
0,300.8,311.2,1397,48.7,111,0,No Failure,10.399999999999977,68033.90000000001,0.4348214285714286
1,300.8,311.3,1465,43.2,113,0,No Failure,10.5,63288.00000000001,0.37894736842105264
0,300.8,311.3,1782,26.9,116,0,No Failure,10.5,47935.799999999996,0.2299145299145299
1,300.9,311.4,1434,45.4,118,0,No Failure,10.5,65103.6,0.3815126050420168
2,300.9,311.4,1387,42.7,121,0,No Failure,10.5,59224.9,0.35000000000000003
1,300.9,311.4,1532,41.5,126,0,No Failure,10.5,63578.0,0.32677165354330706
0,300.9,311.5,1505,41.1,129,0,No Failure,10.600000000000023,61855.5,0.3161538461538462
0,301.0,311.6,1440,43.3,131,0,No Failure,10.600000000000023,62351.99999999999,0.328030303030303
0,301.0,311.6,1470,43.4,133,0,No Failure,10.600000000000023,63798.0,0.3238805970149254
0,301.1,311.7,1408,46.3,135,0,No Failure,10.599999999999966,65190.399999999994,0.3404411764705882
1,301.0,311.6,1357,45.6,137,0,No Failure,10.600000000000023,61879.200000000004,0.3304347826086957
1,301.0,311.6,1454,40.0,140,0,No Failure,10.600000000000023,58160.0,0.28368794326241137
0,301.0,311.6,1352,63.5,143,0,No Failure,10.600000000000023,85852.0,0.4409722222222222
1,301.0,311.6,1448,43.9,145,0,No Failure,10.600000000000023,63567.2,0.30068493150684933
0,300.9,311.6,1671,33.5,148,0,No Failure,10.700000000000045,55978.5,0.22483221476510068
0,301.0,311.7,1670,31.3,150,0,No Failure,10.699999999999989,52271.0,0.20728476821192054
0,301.0,311.7,1547,34.5,152,0,No Failure,10.699999999999989,53371.5,0.22549019607843138
0,301.0,311.6,1461,40.6,154,0,No Failure,10.600000000000023,59316.6,0.26193548387096777
1,301.0,311.6,1609,35.8,156,0,No Failure,10.600000000000023,57602.2,0.22802547770700635
1,300.9,311.5,1704,31.3,159,0,No Failure,10.600000000000023,53335.200000000004,0.195625
1,301.0,311.5,1550,34.9,162,0,No Failure,10.5,54095.0,0.21411042944785275
1,301.0,311.5,1530,43.9,165,0,No Failure,10.5,67167.0,0.2644578313253012
0,300.9,311.3,1449,40.2,168,0,No Failure,10.400000000000034,58249.8,0.2378698224852071
0,300.9,311.3,1613,32.7,170,0,No Failure,10.400000000000034,52745.100000000006,0.1912280701754386
0,300.8,311.2,1376,48.1,172,0,No Failure,10.399999999999977,66185.6,0.27803468208092486
0,300.8,311.2,1434,45.6,174,0,No Failure,10.399999999999977,65390.4,0.26057142857142856
0,300.8,311.1,1480,41.1,176,0,No Failure,10.300000000000011,60828.0,0.23220338983050848
1,300.8,311.2,1634,31.9,178,0,No Failure,10.399999999999977,52124.6,0.17821229050279327
0,300.8,311.2,1481,38.5,181,0,No Failure,10.399999999999977,57018.5,0.21153846153846154
2,300.9,311.3,1668,28.9,183,0,No Failure,10.400000000000034,48205.2,0.15706521739130433
0,301.0,311.4,1484,36.2,188,0,No Failure,10.399999999999977,53720.8,0.19153439153439156
1,300.9,311.3,1603,31.8,190,0,No Failure,10.400000000000034,50975.4,0.16649214659685865
0,301.0,311.4,1481,37.5,193,0,No Failure,10.399999999999977,55537.5,0.19329896907216496
0,301.0,311.5,1559,31.8,195,0,No Failure,10.5,49576.200000000004,0.16224489795918368
0,301.0,311.5,1444,39.8,197,0,No Failure,10.5,57471.2,0.201010101010101
1,301.2,311.6,1423,48.0,199,0,No Failure,10.400000000000034,68304.0,0.24
0,301.1,311.6,1432,48.1,202,0,No Failure,10.5,68879.2,0.23694581280788177
0,301.2,311.7,1463,48.3,204,0,No Failure,10.5,70662.9,0.23560975609756096
0,301.2,311.7,1433,49.3,206,0,No Failure,10.5,70646.9,0.23816425120772947
0,301.2,311.6,1461,52.9,208,1,Overstrain Failure,10.400000000000034,77286.9,0.25311004784688995
1,301.1,311.6,1266,55.5,210,0,No Failure,10.5,70263.0,0.26303317535545023
2,301.1,311.6,1417,53.4,0,0,No Failure,10.5,75667.8,53.4
0,301.1,311.6,1488,43.4,5,0,No Failure,10.5,64579.2,7.233333333333333
0,301.1,311.7,1816,24.5,7,0,No Failure,10.599999999999966,44492.0,3.0625
1,301.0,311.6,1301,55.0,9,0,No Failure,10.600000000000023,71555.0,5.5
1,300.9,311.5,1836,21.8,12,0,No Failure,10.600000000000023,40024.8,1.676923076923077
1,300.8,311.4,1521,39.9,15,0,No Failure,10.599999999999966,60687.9,2.49375
0,300.8,311.4,1322,67.2,18,1,Power Failure,10.599999999999966,88838.40000000001,3.5368421052631582
0,300.8,311.4,1492,40.6,20,0,No Failure,10.599999999999966,60575.200000000004,1.9333333333333333
0,300.8,311.4,1536,40.9,22,0,No Failure,10.599999999999966,62822.399999999994,1.7782608695652173
0,300.7,311.2,1878,24.3,24,0,No Failure,10.5,45635.4,0.972
0,300.6,311.1,1471,40.7,26,0,No Failure,10.5,59869.700000000004,1.5074074074074075
2,300.6,311.1,1452,40.2,28,0,No Failure,10.5,58370.4,1.3862068965517242
0,300.7,311.2,1452,44.4,33,0,No Failure,10.5,64468.799999999996,1.3058823529411765
1,300.7,311.3,1348,53.0,35,0,No Failure,10.600000000000023,71444.0,1.4722222222222223
2,300.8,311.4,1453,44.6,38,0,No Failure,10.599999999999966,64803.8,1.1435897435897435
0,300.8,311.4,1316,57.6,43,0,No Failure,10.599999999999966,75801.6,1.309090909090909
1,300.8,311.4,1732,26.9,45,0,No Failure,10.599999999999966,46590.799999999996,0.5847826086956521
0,300.7,311.3,1522,35.2,48,0,No Failure,10.600000000000023,53574.4,0.7183673469387756
1,300.7,311.3,1487,39.8,50,0,No Failure,10.600000000000023,59182.6,0.780392156862745
1,300.8,311.4,1852,22.2,53,0,No Failure,10.599999999999966,41114.4,0.4111111111111111
0,300.7,311.2,1486,46.8,56,0,No Failure,10.5,69544.8,0.8210526315789474
1,300.7,311.3,1562,37.1,58,0,No Failure,10.600000000000023,57950.200000000004,0.628813559322034
0,300.7,311.2,1457,51.4,61,0,No Failure,10.5,74889.8,0.8290322580645161
1,300.7,311.2,1769,26.5,63,0,No Failure,10.5,46878.5,0.4140625
2,300.7,311.3,1374,53.1,66,0,No Failure,10.600000000000023,72959.40000000001,0.7925373134328358
0,300.8,311.3,1524,43.5,71,0,No Failure,10.5,66294.0,0.6041666666666666
0,300.8,311.3,1498,40.2,73,0,No Failure,10.5,60219.600000000006,0.5432432432432432
0,300.8,311.3,1462,41.4,75,0,No Failure,10.5,60526.799999999996,0.5447368421052632
1,300.8,311.2,1429,52.3,77,0,No Failure,10.399999999999977,74736.7,0.6705128205128205
0,300.7,311.2,1399,47.9,80,0,No Failure,10.5,67012.09999999999,0.591358024691358
1,300.8,311.2,1434,39.1,82,0,No Failure,10.399999999999977,56069.4,0.4710843373493976
0,300.7,311.1,1324,52.2,85,0,No Failure,10.400000000000034,69112.8,0.6069767441860465
0,300.6,311.0,1563,40.7,87,0,No Failure,10.399999999999977,63614.100000000006,0.4625
0,300.6,311.0,1543,34.7,89,0,No Failure,10.399999999999977,53542.100000000006,0.3855555555555556
0,300.7,311.0,1413,52.0,91,0,No Failure,10.300000000000011,73476.0,0.5652173913043478
1,300.7,311.0,1378,41.2,93,0,No Failure,10.300000000000011,56773.600000000006,0.43829787234042555
1,300.7,311.1,1373,49.9,96,0,No Failure,10.400000000000034,68512.7,0.5144329896907216
2,300.7,311.0,1981,19.9,99,0,No Failure,10.300000000000011,39421.899999999994,0.19899999999999998
1,300.7,311.0,1263,52.3,104,0,No Failure,10.300000000000011,66054.9,0.4980952380952381
0,300.7,311.0,1312,52.1,107,0,No Failure,10.300000000000011,68355.2,0.4824074074074074
0,300.7,311.0,1969,20.7,109,0,No Failure,10.300000000000011,40758.299999999996,0.18818181818181817
1,300.8,311.2,1365,51.7,111,0,No Failure,10.399999999999977,70570.5,0.4616071428571429
0,300.9,311.2,1789,25.5,114,0,No Failure,10.300000000000011,45619.5,0.2217391304347826
1,300.8,311.1,1583,32.1,116,0,No Failure,10.300000000000011,50814.3,0.2743589743589744
0,300.7,311.0,1436,44.9,119,0,No Failure,10.300000000000011,64476.4,0.37416666666666665
1,300.7,311.0,1559,42.8,121,0,No Failure,10.300000000000011,66725.2,0.3508196721311475
0,300.7,311.0,1377,49.9,124,0,No Failure,10.300000000000011,68712.3,0.3992
0,300.7,311.0,1462,41.9,126,0,No Failure,10.300000000000011,61257.799999999996,0.3299212598425197
0,300.7,311.0,1318,48.2,128,0,No Failure,10.300000000000011,63527.600000000006,0.3736434108527132
1,300.7,311.0,1378,51.6,130,0,No Failure,10.300000000000011,71104.8,0.3938931297709924
0,300.6,310.9,1344,46.7,133,0,No Failure,10.299999999999955,62764.8,0.3485074626865672
0,300.7,311.1,2377,14.3,135,0,No Failure,10.400000000000034,33991.1,0.10514705882352941
0,300.7,311.1,1427,50.3,137,0,No Failure,10.400000000000034,71778.09999999999,0.3644927536231884
0,300.9,311.2,1353,60.4,139,0,No Failure,10.300000000000011,81721.2,0.43142857142857144
0,300.8,311.3,1505,45.5,141,0,No Failure,10.5,68477.5,0.3204225352112676
2,300.8,311.2,1612,32.5,143,0,No Failure,10.399999999999977,52390.0,0.22569444444444445
0,300.7,311.1,1440,43.0,148,0,No Failure,10.400000000000034,61920.0,0.28859060402684567
1,300.7,311.0,1334,53.9,150,0,No Failure,10.300000000000011,71902.59999999999,0.35695364238410593
1,300.7,311.0,1706,25.0,153,0,No Failure,10.300000000000011,42650.0,0.16233766233766234
2,300.8,311.1,1698,24.8,156,0,No Failure,10.300000000000011,42110.4,0.15796178343949044
0,300.7,311.1,1688,30.7,161,0,No Failure,10.400000000000034,51821.6,0.18950617283950616
0,300.7,311.1,2437,13.8,163,0,No Failure,10.400000000000034,33630.6,0.08414634146341464
0,300.7,311.1,1478,46.8,165,0,No Failure,10.400000000000034,69170.4,0.2819277108433735
1,300.7,311.1,1608,35.3,167,0,No Failure,10.400000000000034,56762.399999999994,0.2101190476190476
0,300.7,311.1,2478,13.4,170,1,Power Failure,10.400000000000034,33205.200000000004,0.0783625730994152
0,300.8,311.1,1509,33.4,172,0,No Failure,10.300000000000011,50400.6,0.1930635838150289
0,300.7,311.0,1596,36.9,174,0,No Failure,10.300000000000011,58892.399999999994,0.21085714285714285
1,300.7,311.0,1740,25.6,176,0,No Failure,10.300000000000011,44544.0,0.14463276836158193
0,300.6,310.8,1375,53.2,179,0,No Failure,10.199999999999989,73150.0,0.29555555555555557
1,300.6,310.7,1705,31.2,181,0,No Failure,10.099999999999966,53196.0,0.17142857142857143
1,300.5,310.6,1621,32.0,184,0,No Failure,10.100000000000023,51872.0,0.17297297297297298
1,300.6,310.7,1566,38.2,187,0,No Failure,10.099999999999966,59821.200000000004,0.20319148936170214
1,300.6,310.7,1388,42.9,190,0,No Failure,10.099999999999966,59545.2,0.22460732984293194
1,300.6,310.7,1457,36.7,193,0,No Failure,10.099999999999966,53471.9,0.18917525773195878
1,300.6,310.6,1463,45.5,196,0,No Failure,10.0,66566.5,0.23096446700507614
0,300.5,310.5,1564,38.2,199,0,No Failure,10.0,59744.8,0.191
2,300.5,310.6,1411,47.2,201,0,No Failure,10.100000000000023,66599.2,0.23366336633663368
0,300.5,310.6,1540,46.7,206,0,No Failure,10.100000000000023,71918.0,0.22560386473429953
0,300.5,310.6,1950,20.3,208,0,No Failure,10.100000000000023,39585.0,0.09712918660287082
1,300.6,310.7,1339,52.9,0,0,No Failure,10.099999999999966,70833.09999999999,52.9
2,300.6,310.6,1419,39.6,3,0,No Failure,10.0,56192.4,9.9
0,300.5,310.6,1499,45.2,8,0,No Failure,10.100000000000023,67754.8,5.022222222222222
0,300.5,310.6,1368,49.6,10,0,No Failure,10.100000000000023,67852.8,4.509090909090909
0,300.5,310.5,1536,36.2,12,0,No Failure,10.0,55603.200000000004,2.784615384615385
1,300.5,310.5,1469,42.9,14,0,No Failure,10.0,63020.1,2.86
0,300.5,310.5,2633,12.2,17,1,Power Failure,10.0,32122.6,0.6777777777777777
0,300.4,310.4,1298,61.4,19,0,No Failure,10.0,79697.2,3.07
1,300.4,310.4,1544,36.3,21,0,No Failure,10.0,56047.2,1.65
2,300.5,310.5,1403,47.7,24,0,No Failure,10.0,66923.1,1.9080000000000001
0,300.5,310.5,1452,42.9,29,0,No Failure,10.0,62290.799999999996,1.43
0,300.6,310.5,1509,43.1,31,0,No Failure,9.899999999999977,65037.9,1.346875
1,300.7,310.6,1474,37.0,33,0,No Failure,9.900000000000034,54538.0,1.088235294117647
1,300.7,310.7,1377,46.7,36,0,No Failure,10.0,64305.9,1.2621621621621621
0,300.8,310.8,1741,27.1,39,0,No Failure,10.0,47181.100000000006,0.6775
0,300.8,310.8,1460,53.8,41,0,No Failure,10.0,78548.0,1.2809523809523808
2,300.7,310.6,1631,32.6,43,0,No Failure,9.900000000000034,53170.600000000006,0.740909090909091
0,300.7,310.5,1561,33.2,48,0,No Failure,9.800000000000011,51825.200000000004,0.6775510204081633
1,300.7,310.6,1572,38.5,50,0,No Failure,9.900000000000034,60522.0,0.7549019607843137
0,300.6,310.6,2127,18.7,53,0,No Failure,10.0,39774.9,0.34629629629629627
2,300.6,310.6,1448,44.7,55,0,No Failure,10.0,64725.600000000006,0.7982142857142858
0,300.6,310.7,1543,39.6,60,0,No Failure,10.099999999999966,61102.8,0.6491803278688525
0,300.6,310.6,1508,34.8,62,0,No Failure,10.0,52478.399999999994,0.5523809523809523
1,300.6,310.6,1403,50.4,64,0,No Failure,10.0,70711.2,0.7753846153846153
0,300.6,310.6,1454,39.7,67,0,No Failure,10.0,57723.8,0.5838235294117647
0,300.7,310.8,1772,27.3,69,0,No Failure,10.100000000000023,48375.6,0.39
0,300.7,310.8,1479,49.1,71,0,No Failure,10.100000000000023,72618.90000000001,0.6819444444444445
0,300.7,310.9,1723,31.0,73,0,No Failure,10.199999999999989,53413.0,0.4189189189189189
1,300.7,310.8,1469,46.4,75,0,No Failure,10.100000000000023,68161.59999999999,0.6105263157894737
2,300.6,310.6,1830,26.2,78,0,No Failure,10.0,47946.0,0.33164556962025316
0,300.6,310.6,1497,38.2,83,0,No Failure,10.0,57185.4,0.4547619047619048
0,300.7,310.6,1540,52.7,85,0,No Failure,9.900000000000034,81158.0,0.6127906976744186
0,300.6,310.6,1514,39.5,87,0,No Failure,10.0,59803.0,0.44886363636363635
0,300.7,310.6,1654,34.2,89,0,No Failure,9.900000000000034,56566.8,0.38
2,300.6,310.5,1519,37.0,91,0,No Failure,9.899999999999977,56203.0,0.40217391304347827
0,300.7,310.6,1720,30.3,96,0,No Failure,9.900000000000034,52116.0,0.31237113402061856
0,300.6,310.5,1470,37.7,98,0,No Failure,9.899999999999977,55419.00000000001,0.3808080808080808
0,300.6,310.5,1642,29.9,100,0,No Failure,9.899999999999977,49095.799999999996,0.296039603960396
1,300.7,310.6,2006,19.1,102,0,No Failure,9.900000000000034,38314.600000000006,0.1854368932038835
1,300.7,310.6,1505,35.6,105,0,No Failure,9.900000000000034,53578.0,0.3358490566037736
1,300.7,310.6,1609,27.6,108,0,No Failure,9.900000000000034,44408.4,0.25321100917431194
1,300.7,310.5,1863,22.2,111,0,No Failure,9.800000000000011,41358.6,0.1982142857142857
0,300.6,310.4,1401,42.6,114,0,No Failure,9.799999999999955,59682.6,0.37043478260869567
0,300.6,310.4,2007,19.8,116,0,No Failure,9.799999999999955,39738.6,0.16923076923076924
0,300.6,310.4,1494,47.3,118,0,No Failure,9.799999999999955,70666.2,0.39747899159663863
0,300.6,310.4,1457,47.7,120,0,No Failure,9.799999999999955,69498.90000000001,0.3942148760330579
0,300.6,310.4,1556,37.7,122,0,No Failure,9.799999999999955,58661.200000000004,0.3065040650406504
2,300.6,310.4,1510,42.8,124,0,No Failure,9.799999999999955,64627.99999999999,0.3424
2,300.7,310.5,1567,38.7,129,0,No Failure,9.800000000000011,60642.9,0.2976923076923077
2,300.7,310.5,1476,43.1,134,0,No Failure,9.800000000000011,63615.6,0.31925925925925924
0,300.8,310.6,1663,30.6,139,0,No Failure,9.800000000000011,50887.8,0.21857142857142858
1,300.8,310.5,1409,50.6,141,0,No Failure,9.699999999999989,71295.40000000001,0.3563380281690141
0,300.8,310.6,1666,36.2,144,0,No Failure,9.800000000000011,60309.200000000004,0.24965517241379312
0,300.7,310.6,1520,45.9,146,0,No Failure,9.900000000000034,69768.0,0.31224489795918364
0,300.6,310.5,1644,33.8,148,0,No Failure,9.899999999999977,55567.2,0.2268456375838926
2,300.6,310.4,1479,35.6,150,0,No Failure,9.799999999999955,52652.4,0.23576158940397351
0,300.6,310.4,1446,49.7,155,0,No Failure,9.799999999999955,71866.2,0.3185897435897436
1,300.6,310.4,1407,51.1,157,0,No Failure,9.799999999999955,71897.7,0.32341772151898734
0,300.7,310.4,1234,51.7,160,0,No Failure,9.699999999999989,63797.8,0.32111801242236027
1,300.8,310.5,1696,29.7,162,0,No Failure,9.699999999999989,50371.2,0.18220858895705522
0,300.8,310.6,1384,52.9,165,0,No Failure,9.800000000000011,73213.59999999999,0.31867469879518073
1,300.8,310.7,1572,36.2,167,0,No Failure,9.899999999999977,56906.4,0.2154761904761905
1,300.8,310.7,1386,42.1,170,0,No Failure,9.899999999999977,58350.6,0.24619883040935672
0,300.8,310.7,1461,42.8,173,0,No Failure,9.899999999999977,62530.799999999996,0.24597701149425286
0,300.8,310.7,1525,39.4,175,0,No Failure,9.899999999999977,60085.0,0.22386363636363635
0,300.7,310.7,1333,61.0,177,0,No Failure,10.0,81313.0,0.34269662921348315
2,300.7,310.6,1505,40.6,179,0,No Failure,9.900000000000034,61103.0,0.22555555555555556
1,300.7,310.6,1439,41.7,184,0,No Failure,9.900000000000034,60006.3,0.22540540540540543
0,300.7,310.6,1491,43.2,187,0,No Failure,9.900000000000034,64411.200000000004,0.22978723404255322
1,300.7,310.6,1488,39.2,189,0,No Failure,9.900000000000034,58329.600000000006,0.20631578947368423
0,300.7,310.5,1536,47.4,192,0,No Failure,9.800000000000011,72806.4,0.24559585492227978
0,300.7,310.5,1960,21.0,194,0,No Failure,9.800000000000011,41160.0,0.1076923076923077
1,300.7,310.5,1594,31.0,196,0,No Failure,9.800000000000011,49414.0,0.15736040609137056
0,300.7,310.5,1357,52.6,199,0,No Failure,9.800000000000011,71378.2,0.263
0,300.7,310.5,1445,41.1,201,0,No Failure,9.800000000000011,59389.5,0.20346534653465348
0,300.7,310.4,1543,47.3,203,0,No Failure,9.699999999999989,72983.9,0.2318627450980392
0,300.7,310.4,1366,52.6,205,0,No Failure,9.699999999999989,71851.6,0.25533980582524274
0,300.7,310.3,1458,40.0,207,0,No Failure,9.600000000000023,58320.0,0.19230769230769232
0,300.7,310.4,1416,61.8,209,1,Power Failure,9.699999999999989,87508.8,0.29428571428571426
0,300.6,310.3,1794,24.4,211,0,No Failure,9.699999999999989,43773.6,0.1150943396226415
0,300.6,310.3,1484,41.0,213,0,No Failure,9.699999999999989,60844.0,0.19158878504672897
0,300.6,310.4,2514,13.4,215,0,No Failure,9.799999999999955,33687.6,0.062037037037037036
0,300.6,310.3,1648,30.5,217,1,Tool Wear Failure,9.699999999999989,50264.0,0.13990825688073394
1,300.6,310.3,1614,32.7,0,0,No Failure,9.699999999999989,52777.8,32.7
0,300.6,310.2,1622,34.1,3,0,No Failure,9.599999999999966,55310.200000000004,8.525
1,300.6,310.2,1478,40.1,5,0,No Failure,9.599999999999966,59267.8,6.683333333333334
0,300.6,310.2,1318,51.0,8,0,No Failure,9.599999999999966,67218.0,5.666666666666667
0,300.7,310.2,1493,35.9,10,0,No Failure,9.5,53598.7,3.2636363636363637
2,300.7,310.3,1369,50.7,12,0,No Failure,9.600000000000023,69408.3,3.9000000000000004
0,300.6,310.2,1447,45.9,17,0,No Failure,9.599999999999966,66417.3,2.55
0,300.6,310.1,1485,49.9,19,0,No Failure,9.5,74101.5,2.495
0,300.6,310.2,1489,47.8,21,0,No Failure,9.599999999999966,71174.2,2.1727272727272724
1,300.6,310.2,1233,52.3,23,0,No Failure,9.599999999999966,64485.899999999994,2.1791666666666667
0,300.7,310.2,1642,32.6,26,0,No Failure,9.5,53529.200000000004,1.2074074074074075
1,300.7,310.2,1373,44.1,28,0,No Failure,9.5,60549.3,1.5206896551724138
0,300.7,310.2,1569,32.8,31,0,No Failure,9.5,51463.2,1.025
0,300.8,310.2,1850,22.8,33,0,No Failure,9.399999999999977,42180.0,0.6705882352941177
1,300.8,310.3,1494,42.2,35,0,No Failure,9.5,63046.8,1.1722222222222223
2,300.8,310.3,1777,30.1,38,0,No Failure,9.5,53487.700000000004,0.7717948717948718
0,300.9,310.4,1454,43.1,43,0,No Failure,9.5,62667.4,0.9795454545454546
0,300.9,310.4,1536,34.2,45,0,No Failure,9.5,52531.200000000004,0.7434782608695653
0,300.8,310.5,1482,39.0,47,0,No Failure,9.699999999999989,57798.0,0.8125
2,300.9,310.5,1512,41.2,49,0,No Failure,9.600000000000023,62294.4,0.8240000000000001
1,300.8,310.5,1511,35.8,54,0,No Failure,9.699999999999989,54093.799999999996,0.6509090909090909
0,300.9,310.5,1599,40.5,57,0,No Failure,9.600000000000023,64759.5,0.6982758620689655
1,300.8,310.4,1518,36.0,59,0,No Failure,9.599999999999966,54648.0,0.6
1,300.8,310.4,1450,39.4,62,0,No Failure,9.599999999999966,57130.0,0.6253968253968254
0,300.9,310.4,1427,47.0,65,0,No Failure,9.5,67069.0,0.7121212121212122
0,300.9,310.4,1561,32.7,67,0,No Failure,9.5,51044.700000000004,0.48088235294117654
2,300.9,310.4,1457,43.8,69,0,No Failure,9.5,63816.6,0.6257142857142857
1,301.0,310.6,1460,53.6,74,0,No Failure,9.600000000000023,78256.0,0.7146666666666667
0,301.0,310.5,1601,33.2,77,0,No Failure,9.5,53153.200000000004,0.4256410256410257
0,300.9,310.5,1570,40.1,79,0,No Failure,9.600000000000023,62957.0,0.50125
0,300.9,310.5,1565,35.9,81,0,No Failure,9.600000000000023,56183.5,0.4378048780487805
0,301.0,310.5,1378,44.4,83,0,No Failure,9.5,61183.2,0.5285714285714286
0,300.9,310.5,2288,16.1,85,0,No Failure,9.600000000000023,36836.8,0.18720930232558142
1,300.9,310.4,1375,44.7,87,0,No Failure,9.5,61462.50000000001,0.5079545454545454
0,300.9,310.4,1788,27.8,90,0,No Failure,9.5,49706.4,0.3054945054945055
1,300.9,310.4,1576,40.4,92,0,No Failure,9.5,63670.399999999994,0.4344086021505376
1,300.8,310.3,1868,24.5,95,0,No Failure,9.5,45766.0,0.2552083333333333
0,300.7,310.1,1261,56.6,98,0,No Failure,9.400000000000034,71372.6,0.5717171717171717
1,300.6,310.0,1542,33.9,100,0,No Failure,9.399999999999977,52273.799999999996,0.3356435643564356
0,300.6,310.0,1438,53.8,103,0,No Failure,9.399999999999977,77364.4,0.5173076923076922
0,300.6,310.0,1511,36.9,105,0,No Failure,9.399999999999977,55755.9,0.3481132075471698
0,300.6,310.0,1635,31.0,107,0,No Failure,9.399999999999977,50685.0,0.28703703703703703
0,300.6,309.9,1428,48.8,109,0,No Failure,9.299999999999955,69686.4,0.4436363636363636
1,300.5,309.8,1410,44.4,111,0,No Failure,9.300000000000011,62604.0,0.3964285714285714
0,300.5,309.9,1423,47.9,114,0,No Failure,9.399999999999977,68161.7,0.4165217391304348
1,300.5,309.9,1552,41.3,116,0,No Failure,9.399999999999977,64097.6,0.35299145299145296
1,300.5,310.0,1406,50.2,119,0,No Failure,9.5,70581.2,0.41833333333333333
0,300.5,309.9,1443,48.3,122,0,No Failure,9.399999999999977,69696.9,0.39268292682926825
1,300.5,309.9,1343,63.7,124,0,No Failure,9.399999999999977,85549.1,0.5096
1,300.6,310.0,1486,41.2,127,0,No Failure,9.399999999999977,61223.200000000004,0.321875
0,300.6,310.1,1297,50.0,130,0,No Failure,9.5,64850.0,0.3816793893129771
0,300.6,310.1,1495,42.3,132,0,No Failure,9.5,63238.49999999999,0.31804511278195485
0,300.5,309.9,1382,46.5,134,0,No Failure,9.399999999999977,64263.0,0.34444444444444444
1,300.4,309.8,1356,44.4,136,0,No Failure,9.400000000000034,60206.4,0.3240875912408759
2,300.3,309.7,1452,41.5,139,0,No Failure,9.399999999999977,60258.0,0.29642857142857143
2,300.3,309.7,1582,30.8,144,0,No Failure,9.399999999999977,48725.6,0.21241379310344827
1,300.4,309.8,1517,40.3,149,0,No Failure,9.400000000000034,61135.1,0.26866666666666666
0,300.5,310.0,1413,44.5,152,0,No Failure,9.5,62878.5,0.2908496732026144
0,300.4,309.9,1496,31.8,154,0,No Failure,9.5,47572.8,0.20516129032258065
0,300.3,309.8,1466,41.2,156,0,No Failure,9.5,60399.200000000004,0.2624203821656051
1,300.3,309.8,1617,40.8,158,0,No Failure,9.5,65973.59999999999,0.25660377358490566
0,300.2,309.8,1506,41.8,161,0,No Failure,9.600000000000023,62950.799999999996,0.2580246913580247
0,300.2,309.8,1401,49.3,163,0,No Failure,9.600000000000023,69069.3,0.30060975609756097
2,300.2,309.9,1906,22.9,165,0,No Failure,9.699999999999989,43647.399999999994,0.13795180722891565
0,300.2,309.9,1566,36.4,170,0,No Failure,9.699999999999989,57002.399999999994,0.2128654970760234
0,300.2,310.0,1493,47.3,172,0,No Failure,9.800000000000011,70618.9,0.27341040462427746
0,300.3,310.1,1483,39.9,174,0,No Failure,9.800000000000011,59171.7,0.22799999999999998
1,300.2,309.9,1569,31.2,176,0,No Failure,9.699999999999989,48952.799999999996,0.17627118644067796
1,300.2,310.0,1664,30.7,179,0,No Failure,9.800000000000011,51084.799999999996,0.17055555555555554
0,300.2,310.0,1486,40.1,182,0,No Failure,9.800000000000011,59588.6,0.2191256830601093
0,300.2,310.0,1389,53.6,184,0,No Failure,9.800000000000011,74450.40000000001,0.2897297297297297
0,300.1,310.0,1511,41.7,186,0,No Failure,9.899999999999977,63008.700000000004,0.22299465240641714
1,300.2,310.1,1485,40.5,188,0,No Failure,9.900000000000034,60142.5,0.21428571428571427
0,300.2,310.2,1440,42.9,191,0,No Failure,10.0,61776.0,0.22343749999999998
0,300.2,310.2,1378,43.9,193,0,No Failure,10.0,60494.2,0.22628865979381443
1,300.1,310.1,1501,39.3,195,0,No Failure,10.0,58989.299999999996,0.20051020408163264
1,300.2,310.1,1474,44.0,198,0,No Failure,9.900000000000034,64856.0,0.22110552763819097
0,300.2,310.1,1392,47.9,201,0,No Failure,9.900000000000034,66676.8,0.23712871287128712
1,300.3,310.2,1429,44.7,203,0,No Failure,9.899999999999977,63876.3,0.21911764705882356
0,300.3,310.3,1362,60.3,206,1,Overstrain Failure,10.0,82128.59999999999,0.29130434782608694
0,300.3,310.3,1704,29.5,0,0,No Failure,10.0,50268.0,29.5
0,300.3,310.2,1492,52.3,2,0,No Failure,9.899999999999977,78031.59999999999,17.433333333333334
1,300.3,310.2,1442,39.5,4,0,No Failure,9.899999999999977,56959.0,7.9
1,300.2,310.2,1438,51.5,7,0,No Failure,10.0,74057.0,6.4375
1,300.1,310.1,1402,46.6,10,0,No Failure,10.0,65333.200000000004,4.236363636363636
0,300.1,310.1,1684,30.8,13,0,No Failure,10.0,51867.200000000004,2.2
0,300.2,310.2,1530,48.5,15,0,No Failure,10.0,74205.0,3.03125
0,300.1,310.1,1569,43.5,17,0,No Failure,10.0,68251.5,2.4166666666666665
0,300.1,310.1,1650,31.6,19,0,No Failure,10.0,52140.0,1.58
0,300.2,310.2,1415,49.6,21,0,No Failure,10.0,70184.0,2.2545454545454544
0,300.2,310.2,1600,31.5,23,0,No Failure,10.0,50400.0,1.3125
0,300.2,310.1,1523,42.3,25,0,No Failure,9.900000000000034,64422.899999999994,1.626923076923077
1,300.2,310.2,1628,30.3,27,0,No Failure,10.0,49328.4,1.082142857142857
0,300.2,310.3,1331,52.1,30,0,No Failure,10.100000000000023,69345.1,1.6806451612903226
0,300.3,310.3,2158,16.8,32,0,No Failure,10.0,36254.4,0.5090909090909091
0,300.2,310.3,1445,50.9,34,0,No Failure,10.100000000000023,73550.5,1.4542857142857142
1,300.2,310.3,1593,36.1,36,0,No Failure,10.100000000000023,57507.3,0.9756756756756757
0,300.3,310.4,1672,29.2,39,0,No Failure,10.099999999999966,48822.4,0.73
1,300.4,310.5,1644,31.4,41,0,No Failure,10.100000000000023,51621.6,0.7476190476190476
0,300.4,310.5,1402,54.3,44,0,No Failure,10.100000000000023,76128.59999999999,1.2066666666666666
0,300.4,310.4,1286,56.8,46,0,No Failure,10.0,73044.8,1.2085106382978723
0,300.4,310.4,1486,46.3,48,0,No Failure,10.0,68801.8,0.9448979591836734
0,300.3,310.3,1345,46.3,50,0,No Failure,10.0,62273.49999999999,0.907843137254902
0,300.3,310.3,1629,34.1,52,0,No Failure,10.0,55548.9,0.6433962264150944
1,300.2,310.2,1429,43.8,54,0,No Failure,10.0,62590.2,0.7963636363636363
0,300.1,310.1,1306,64.7,57,0,No Failure,10.0,84498.2,1.1155172413793104
0,300.1,310.1,1380,52.6,59,0,No Failure,10.0,72588.0,0.8766666666666667
1,300.1,310.1,1443,49.3,61,0,No Failure,10.0,71139.9,0.7951612903225806
2,300.1,310.1,1426,42.7,64,0,No Failure,10.0,60890.200000000004,0.6569230769230769
0,300.0,310.0,1486,41.8,69,0,No Failure,10.0,62114.799999999996,0.5971428571428571
1,300.0,309.9,1530,34.5,71,0,No Failure,9.899999999999977,52785.0,0.4791666666666667
0,300.0,309.9,1507,41.4,74,0,No Failure,9.899999999999977,62389.799999999996,0.5519999999999999
0,300.0,309.9,1608,33.4,76,0,No Failure,9.899999999999977,53707.2,0.43376623376623374
0,300.0,309.8,1474,40.6,78,0,No Failure,9.800000000000011,59844.4,0.5139240506329114
0,300.0,309.7,1326,61.9,80,0,No Failure,9.699999999999989,82079.4,0.7641975308641975
1,299.8,309.6,1434,48.0,82,0,No Failure,9.800000000000011,68832.0,0.5783132530120482
0,299.8,309.6,1526,41.7,85,0,No Failure,9.800000000000011,63634.200000000004,0.4848837209302326
0,299.8,309.7,1483,39.6,87,0,No Failure,9.899999999999977,58726.8,0.45
0,299.8,309.7,1457,51.9,89,0,No Failure,9.899999999999977,75618.3,0.5766666666666667
1,299.7,309.6,1540,34.4,91,0,No Failure,9.900000000000034,52976.0,0.3739130434782609
0,299.8,309.7,1707,29.1,94,0,No Failure,9.899999999999977,49673.700000000004,0.3063157894736842
0,299.8,309.7,1624,34.2,96,0,No Failure,9.899999999999977,55540.8,0.3525773195876289
1,299.8,309.6,1331,50.2,98,0,No Failure,9.800000000000011,66816.2,0.5070707070707071
0,299.8,309.7,1431,40.3,101,0,No Failure,9.899999999999977,57669.299999999996,0.39509803921568626
1,299.8,309.7,1705,28.5,103,0,No Failure,9.899999999999977,48592.5,0.27403846153846156
1,299.8,309.8,1427,45.2,106,0,No Failure,10.0,64500.4,0.4224299065420561
1,299.9,309.8,1625,41.2,109,0,No Failure,9.900000000000034,66950.0,0.37454545454545457
0,299.9,309.8,1477,47.7,112,0,No Failure,9.900000000000034,70452.90000000001,0.42212389380530974
1,300.0,309.9,1651,28.1,114,0,No Failure,9.899999999999977,46393.100000000006,0.24434782608695654
0,299.9,309.8,1716,28.2,117,0,No Failure,9.900000000000034,48391.2,0.23898305084745763
2,299.9,309.8,1400,48.7,119,0,No Failure,9.900000000000034,68180.0,0.4058333333333334
1,299.8,309.7,1556,37.7,124,0,No Failure,9.899999999999977,58661.200000000004,0.30160000000000003
0,299.8,309.7,1429,42.6,127,0,No Failure,9.899999999999977,60875.4,0.3328125
2,299.7,309.6,1433,49.6,129,0,No Failure,9.900000000000034,71076.8,0.38153846153846155
1,299.8,309.7,1320,61.7,134,0,No Failure,9.899999999999977,81444.0,0.4570370370370371
0,299.8,309.6,1374,51.6,137,0,No Failure,9.800000000000011,70898.40000000001,0.3739130434782609
0,299.8,309.6,1598,31.0,139,0,No Failure,9.800000000000011,49538.0,0.22142857142857142
1,299.8,309.7,1910,21.8,141,0,No Failure,9.899999999999977,41638.0,0.1535211267605634
0,299.7,309.6,1399,51.3,144,0,No Failure,9.900000000000034,71768.7,0.35379310344827586
0,299.7,309.6,1720,27.1,146,0,No Failure,9.900000000000034,46612.0,0.18435374149659864
2,299.8,309.7,1368,47.4,148,0,No Failure,9.899999999999977,64843.2,0.3181208053691275
0,299.8,309.8,1749,33.4,153,0,No Failure,10.0,58416.6,0.21688311688311687
0,299.8,309.8,1542,39.4,155,0,No Failure,10.0,60754.799999999996,0.25256410256410255
0,299.8,309.9,1553,36.6,157,0,No Failure,10.099999999999966,56839.8,0.23164556962025318
1,299.9,309.9,1639,42.1,159,0,No Failure,10.0,69001.90000000001,0.263125
0,299.9,310.0,1447,45.9,162,0,No Failure,10.100000000000023,66417.3,0.28159509202453986
1,299.8,310.0,1397,48.1,164,0,No Failure,10.199999999999989,67195.7,0.2915151515151515
0,299.8,310.0,1361,53.8,167,0,No Failure,10.199999999999989,73221.8,0.3202380952380952
1,299.8,310.0,1460,37.1,169,0,No Failure,10.199999999999989,54166.0,0.21823529411764706
1,299.8,310.0,1632,33.7,172,0,No Failure,10.199999999999989,54998.4,0.1947976878612717
0,299.8,310.0,1697,36.0,175,0,No Failure,10.199999999999989,61092.0,0.20454545454545456
0,299.8,310.1,1553,42.0,177,0,No Failure,10.300000000000011,65226.0,0.23595505617977527
1,299.9,310.1,1362,56.3,179,0,No Failure,10.200000000000045,76680.59999999999,0.31277777777777777
1,299.9,310.0,1484,42.1,182,0,No Failure,10.100000000000023,62476.4,0.23005464480874319
2,299.9,310.1,1447,51.4,185,0,No Failure,10.200000000000045,74375.8,0.27634408602150534
1,300.0,310.2,1393,51.2,190,0,No Failure,10.199999999999989,71321.6,0.2680628272251309
0,300.0,310.2,1760,26.9,193,0,No Failure,10.199999999999989,47344.0,0.13865979381443297
0,300.0,310.1,1477,34.6,195,0,No Failure,10.100000000000023,51104.200000000004,0.17653061224489797
0,299.9,310.1,1681,29.1,197,0,No Failure,10.200000000000045,48917.100000000006,0.14696969696969697
1,300.0,310.1,1314,53.5,199,0,No Failure,10.100000000000023,70299.0,0.2675
0,300.0,310.1,1762,28.0,202,0,No Failure,10.100000000000023,49336.0,0.13793103448275862
0,299.9,310.0,1402,44.7,204,0,No Failure,10.100000000000023,62669.4,0.2180487804878049
1,300.1,310.2,1429,42.0,206,0,No Failure,10.099999999999966,60018.0,0.2028985507246377
1,300.2,310.3,1448,40.1,209,0,No Failure,10.100000000000023,58064.8,0.19095238095238096
2,300.2,310.4,1501,42.9,212,0,No Failure,10.199999999999989,64392.9,0.20140845070422533
0,300.3,310.5,1522,39.1,217,0,No Failure,10.199999999999989,59510.200000000004,0.1793577981651376
0,300.3,310.4,1493,37.5,219,0,No Failure,10.099999999999966,55987.5,0.17045454545454544
1,300.2,310.3,1704,29.4,221,0,No Failure,10.100000000000023,50097.6,0.13243243243243244
2,300.2,310.3,1408,42.5,0,0,No Failure,10.100000000000023,59840.0,42.5
0,300.2,310.4,1518,41.8,5,0,No Failure,10.199999999999989,63452.399999999994,6.966666666666666
0,300.3,310.4,1742,25.9,7,0,No Failure,10.099999999999966,45117.799999999996,3.2375
1,300.4,310.5,1500,43.0,9,0,No Failure,10.100000000000023,64500.0,4.3
0,300.4,310.5,2424,14.5,12,0,No Failure,10.100000000000023,35148.0,1.1153846153846154
0,300.4,310.5,1818,25.1,14,0,No Failure,10.100000000000023,45631.8,1.6733333333333333
1,300.4,310.6,1545,35.6,16,0,No Failure,10.200000000000045,55002.0,2.0941176470588236
0,300.4,310.6,1429,46.9,19,0,No Failure,10.200000000000045,67020.09999999999,2.3449999999999998
1,300.4,310.6,1448,44.9,21,0,No Failure,10.200000000000045,65015.2,2.040909090909091
0,300.4,310.6,1384,48.7,24,0,No Failure,10.200000000000045,67400.8,1.9480000000000002
0,300.4,310.5,1578,32.8,26,0,No Failure,10.100000000000023,51758.399999999994,1.2148148148148148
0,300.5,310.5,1695,26.7,28,0,No Failure,10.0,45256.5,0.9206896551724137
0,300.5,310.6,1543,36.2,30,0,No Failure,10.100000000000023,55856.600000000006,1.167741935483871
1,300.4,310.5,1540,33.4,32,0,No Failure,10.100000000000023,51436.0,1.012121212121212
0,300.2,310.4,1808,25.8,35,0,No Failure,10.199999999999989,46646.4,0.7166666666666667
1,300.3,310.4,1293,49.7,37,0,No Failure,10.099999999999966,64262.100000000006,1.3078947368421054
0,300.2,310.3,1202,59.5,40,0,No Failure,10.100000000000023,71519.0,1.451219512195122
1,300.2,310.3,1704,29.2,42,0,No Failure,10.100000000000023,49756.799999999996,0.6790697674418604
1,300.2,310.3,1478,38.1,45,0,No Failure,10.100000000000023,56311.8,0.8282608695652174
0,300.2,310.3,1514,38.7,48,0,No Failure,10.100000000000023,58591.8,0.789795918367347
1,300.1,310.3,1350,48.8,50,0,No Failure,10.199999999999989,65880.0,0.9568627450980391
0,300.1,310.2,1475,54.2,53,0,No Failure,10.099999999999966,79945.0,1.0037037037037038
2,300.0,310.1,1714,28.7,55,0,No Failure,10.100000000000023,49191.799999999996,0.5125
0,300.0,310.1,1465,40.9,60,0,No Failure,10.100000000000023,59918.5,0.6704918032786885
0,299.9,310.2,1288,69.6,62,1,Power Failure,10.300000000000011,89644.79999999999,1.1047619047619046
0,300.0,310.2,1675,29.7,64,0,No Failure,10.199999999999989,49747.5,0.45692307692307693
0,300.0,310.2,1486,36.4,66,0,No Failure,10.199999999999989,54090.4,0.5432835820895522
1,300.0,310.2,1443,58.7,68,0,No Failure,10.199999999999989,84704.1,0.8507246376811595
1,300.1,310.3,1345,57.1,71,0,No Failure,10.199999999999989,76799.5,0.7930555555555556
1,300.2,310.4,1202,61.7,74,0,No Failure,10.199999999999989,74163.40000000001,0.8226666666666667
1,300.1,310.4,1480,37.1,77,0,No Failure,10.299999999999955,54908.0,0.47564102564102567
1,300.2,310.4,1530,35.7,80,0,No Failure,10.199999999999989,54621.00000000001,0.44074074074074077
1,300.2,310.6,1983,20.8,83,0,No Failure,10.400000000000034,41246.4,0.24761904761904763
0,300.3,310.6,1433,53.8,86,0,No Failure,10.300000000000011,77095.4,0.6183908045977011
0,300.3,310.6,1806,24.4,88,0,No Failure,10.300000000000011,44066.399999999994,0.2741573033707865
0,300.2,310.5,1416,46.7,90,0,No Failure,10.300000000000011,66127.2,0.5131868131868133
1,300.1,310.4,1556,38.1,92,0,No Failure,10.299999999999955,59283.600000000006,0.4096774193548387
0,300.1,310.5,1627,29.2,95,0,No Failure,10.399999999999977,47508.4,0.30416666666666664
0,300.1,310.6,1809,24.3,97,0,No Failure,10.5,43958.700000000004,0.2479591836734694
1,300.1,310.5,1329,57.4,99,0,No Failure,10.399999999999977,76284.59999999999,0.574
2,300.0,310.4,1881,21.9,102,0,No Failure,10.399999999999977,41193.899999999994,0.21262135922330097
0,300.1,310.5,1500,39.8,107,0,No Failure,10.399999999999977,59699.99999999999,0.36851851851851847
0,300.1,310.5,1532,36.0,109,0,No Failure,10.399999999999977,55152.0,0.32727272727272727
0,300.1,310.5,1492,50.9,111,0,No Failure,10.399999999999977,75942.8,0.4544642857142857
0,300.2,310.6,1431,42.3,113,0,No Failure,10.400000000000034,60531.299999999996,0.37105263157894736
0,300.1,310.4,1554,39.4,115,0,No Failure,10.299999999999955,61227.6,0.3396551724137931
0,300.1,310.5,1494,44.2,117,0,No Failure,10.399999999999977,66034.8,0.3745762711864407
0,300.1,310.6,1374,45.4,119,0,No Failure,10.5,62379.6,0.3783333333333333
0,300.1,310.5,1394,44.3,121,0,No Failure,10.399999999999977,61754.2,0.36311475409836064
1,300.0,310.5,1790,25.7,123,0,No Failure,10.5,46003.0,0.20725806451612902
0,300.1,310.5,1356,45.8,126,0,No Failure,10.399999999999977,62104.799999999996,0.3606299212598425
1,300.0,310.4,1385,52.1,128,0,No Failure,10.399999999999977,72158.5,0.4038759689922481
0,300.0,310.4,1333,49.1,131,0,No Failure,10.399999999999977,65450.3,0.371969696969697
0,300.0,310.4,1505,44.9,133,0,No Failure,10.399999999999977,67574.5,0.33507462686567163
0,300.0,310.5,1606,33.5,135,0,No Failure,10.5,53801.0,0.24632352941176472
2,300.0,310.5,1558,36.7,137,0,No Failure,10.5,57178.600000000006,0.2659420289855073
0,300.0,310.5,1412,52.4,142,0,No Failure,10.5,73988.8,0.36643356643356645
0,299.9,310.4,1408,38.4,144,0,No Failure,10.5,54067.2,0.26482758620689656
0,299.9,310.3,1268,53.3,146,0,No Failure,10.400000000000034,67584.4,0.3625850340136054
0,299.9,310.4,1470,50.0,148,0,No Failure,10.5,73500.0,0.33557046979865773
0,299.9,310.4,1497,47.0,150,0,No Failure,10.5,70359.0,0.31125827814569534
0,299.9,310.3,1638,29.1,152,0,No Failure,10.400000000000034,47665.8,0.19019607843137257
2,299.9,310.3,1535,43.9,154,0,No Failure,10.400000000000034,67386.5,0.2832258064516129
0,299.8,310.2,1654,32.7,159,0,No Failure,10.399999999999977,54085.8,0.20437500000000003
2,299.8,310.2,1411,49.7,161,0,No Failure,10.399999999999977,70126.7,0.30679012345679013
0,299.8,310.2,1911,23.5,166,0,No Failure,10.399999999999977,44908.5,0.1407185628742515
2,299.8,310.2,1573,33.3,168,0,No Failure,10.399999999999977,52380.899999999994,0.1970414201183432
0,299.9,310.2,1479,46.3,173,0,No Failure,10.300000000000011,68477.7,0.26609195402298846
1,299.9,310.4,1820,26.6,175,0,No Failure,10.5,48412.0,0.15113636363636365
0,299.9,310.4,1419,45.7,178,0,No Failure,10.5,64848.3,0.25530726256983244
1,299.9,310.5,1335,52.9,180,0,No Failure,10.600000000000023,70621.5,0.29226519337016577
1,299.9,310.5,1576,39.4,183,0,No Failure,10.600000000000023,62094.399999999994,0.21413043478260868
0,300.0,310.5,1517,42.2,186,0,No Failure,10.5,64017.4,0.22566844919786097
1,299.9,310.4,1576,34.3,188,0,No Failure,10.5,54056.799999999996,0.18148148148148147
2,299.8,310.2,1537,36.6,191,0,No Failure,10.399999999999977,56254.200000000004,0.19062500000000002
0,299.8,310.3,1524,34.2,196,0,No Failure,10.5,52120.8,0.1736040609137056
1,299.8,310.3,1805,23.7,198,0,No Failure,10.5,42778.5,0.11909547738693467
1,299.9,310.4,1367,53.3,201,0,No Failure,10.5,72861.09999999999,0.2638613861386139
0,299.8,310.4,1694,30.3,204,0,No Failure,10.599999999999966,51328.200000000004,0.14780487804878048
0,299.9,310.4,1328,49.9,206,0,No Failure,10.5,66267.2,0.24106280193236715
2,299.9,310.5,1549,42.8,208,0,No Failure,10.600000000000023,66297.2,0.2047846889952153
0,299.9,310.5,1539,32.8,213,0,No Failure,10.600000000000023,50479.2,0.15327102803738316
0,299.8,310.5,1496,38.8,215,0,No Failure,10.699999999999989,58044.799999999996,0.1796296296296296
0,299.8,310.4,1579,36.4,0,0,No Failure,10.599999999999966,57475.6,36.4
0,299.7,310.3,1386,46.6,2,0,No Failure,10.600000000000023,64587.6,15.533333333333333
0,299.7,310.3,1505,37.7,4,0,No Failure,10.600000000000023,56738.50000000001,7.540000000000001
1,299.7,310.3,1661,34.5,6,0,No Failure,10.600000000000023,57304.5,4.928571428571429
0,299.6,310.2,1468,48.0,9,0,No Failure,10.599999999999966,70464.0,4.8
0,299.6,310.1,1384,49.8,11,0,No Failure,10.5,68923.2,4.1499999999999995
0,299.6,310.2,1381,60.5,13,0,No Failure,10.599999999999966,83550.5,4.321428571428571
0,299.6,310.2,1469,47.0,15,0,No Failure,10.599999999999966,69043.0,2.9375
0,299.6,310.2,1627,36.6,17,0,No Failure,10.599999999999966,59548.200000000004,2.033333333333333
2,299.7,310.3,1462,40.4,19,0,No Failure,10.600000000000023,59064.799999999996,2.02
0,299.7,310.2,1633,36.5,24,0,No Failure,10.5,59604.5,1.46
0,299.7,310.2,1469,39.5,26,0,No Failure,10.5,58025.5,1.462962962962963
0,299.7,310.2,1458,43.4,28,0,No Failure,10.5,63277.2,1.496551724137931
1,299.7,310.2,1440,42.8,30,0,No Failure,10.5,61631.99999999999,1.3806451612903226
0,299.8,310.3,1687,30.4,33,0,No Failure,10.5,51284.799999999996,0.8941176470588235
1,299.7,310.3,1429,47.7,35,0,No Failure,10.600000000000023,68163.3,1.3250000000000002
0,299.6,310.2,1588,34.1,38,0,No Failure,10.599999999999966,54150.8,0.8743589743589744
0,299.6,310.2,1333,51.2,40,0,No Failure,10.599999999999966,68249.6,1.248780487804878
0,299.6,310.1,1487,42.9,42,0,No Failure,10.5,63792.299999999996,0.9976744186046511
1,299.5,310.1,1659,31.5,44,0,No Failure,10.600000000000023,52258.5,0.7
1,299.4,310.0,1512,43.2,47,0,No Failure,10.600000000000023,65318.4,0.9
0,299.5,310.1,1585,35.2,50,0,No Failure,10.600000000000023,55792.00000000001,0.6901960784313727
0,299.5,310.0,1502,38.5,52,0,No Failure,10.5,57827.0,0.7264150943396226
0,299.5,310.0,1594,35.1,54,0,No Failure,10.5,55949.4,0.6381818181818182
0,299.5,310.0,1412,48.9,56,0,No Failure,10.5,69046.8,0.8578947368421053
0,299.5,309.9,1402,51.7,58,0,No Failure,10.399999999999977,72483.40000000001,0.876271186440678
0,299.6,310.1,2057,20.4,60,0,No Failure,10.5,41962.799999999996,0.33442622950819667
2,299.6,310.1,1531,36.8,62,0,No Failure,10.5,56340.799999999996,0.584126984126984
1,299.5,310.1,1359,61.1,67,0,No Failure,10.600000000000023,83034.90000000001,0.8985294117647059
1,299.6,310.2,1620,30.0,70,0,No Failure,10.599999999999966,48600.0,0.4225352112676056
1,299.6,310.1,1646,29.6,73,0,No Failure,10.5,48721.600000000006,0.4
1,299.6,310.1,1455,46.1,76,0,No Failure,10.5,67075.5,0.5987012987012987
0,299.6,310.2,1512,44.0,79,0,No Failure,10.599999999999966,66528.0,0.55
0,299.6,310.2,1473,42.7,81,0,No Failure,10.599999999999966,62897.100000000006,0.5207317073170732
0,299.6,310.1,1553,38.0,83,0,No Failure,10.5,59014.0,0.4523809523809524
0,299.5,310.0,1379,50.4,85,0,No Failure,10.5,69501.59999999999,0.586046511627907
1,299.4,309.9,1567,40.6,87,0,No Failure,10.5,63620.200000000004,0.46136363636363636
0,299.5,310.0,1481,43.1,90,0,No Failure,10.5,63831.1,0.47362637362637366
0,299.5,310.0,1349,52.7,92,0,No Failure,10.5,71092.3,0.5666666666666667
0,299.5,310.0,1388,52.4,94,0,No Failure,10.5,72731.2,0.5515789473684211
1,299.6,310.1,1357,48.7,96,0,No Failure,10.5,66085.90000000001,0.5020618556701031
0,299.6,310.2,1743,24.8,99,0,No Failure,10.599999999999966,43226.4,0.248
0,299.7,310.3,1495,43.1,101,0,No Failure,10.600000000000023,64434.5,0.42254901960784313
0,299.8,310.4,1698,28.3,103,0,No Failure,10.599999999999966,48053.4,0.27211538461538465
1,299.7,310.4,1410,44.5,105,0,No Failure,10.699999999999989,62745.0,0.419811320754717
0,299.7,310.4,1614,36.2,108,0,No Failure,10.699999999999989,58426.8,0.3321100917431193
1,299.8,310.5,1375,53.9,110,0,No Failure,10.699999999999989,74112.5,0.48558558558558557
1,299.8,310.6,1574,31.8,113,0,No Failure,10.800000000000011,50053.200000000004,0.2789473684210526
2,299.8,310.6,1423,44.6,116,0,No Failure,10.800000000000011,63465.8,0.38119658119658123
1,299.8,310.6,1694,31.3,121,0,No Failure,10.800000000000011,53022.200000000004,0.25655737704918036
0,299.8,310.6,1707,32.5,124,0,No Failure,10.800000000000011,55477.5,0.26
1,299.7,310.5,1490,41.2,126,0,No Failure,10.800000000000011,61388.00000000001,0.32440944881889766
0,299.7,310.6,1675,31.3,129,0,No Failure,10.900000000000034,52427.5,0.24076923076923076
1,299.7,310.5,1492,39.3,131,0,No Failure,10.800000000000011,58635.6,0.29772727272727273
1,299.7,310.5,1594,35.4,134,0,No Failure,10.800000000000011,56427.6,0.2622222222222222
0,299.7,310.6,1479,38.0,137,0,No Failure,10.900000000000034,56202.0,0.2753623188405797
1,299.7,310.6,1572,38.0,139,0,No Failure,10.900000000000034,59736.0,0.2714285714285714
0,299.7,310.6,1616,35.1,142,0,No Failure,10.900000000000034,56721.600000000006,0.24545454545454545
0,299.7,310.6,1737,26.1,144,0,No Failure,10.900000000000034,45335.700000000004,0.18000000000000002
1,299.7,310.7,1498,37.8,146,0,No Failure,11.0,56624.399999999994,0.2571428571428571
0,299.6,310.6,1642,35.1,149,0,No Failure,11.0,57634.200000000004,0.234
1,299.6,310.6,1633,34.2,151,0,No Failure,11.0,55848.600000000006,0.225
0,299.8,310.8,1409,51.9,154,0,No Failure,11.0,73127.09999999999,0.33483870967741935
1,299.8,310.8,1463,43.5,156,0,No Failure,11.0,63640.5,0.2770700636942675
0,299.8,310.8,1376,48.6,159,0,No Failure,11.0,66873.6,0.30375
0,299.8,310.8,1553,32.2,161,0,No Failure,11.0,50006.600000000006,0.19876543209876546
1,299.8,310.8,1530,35.2,163,0,No Failure,11.0,53856.00000000001,0.21463414634146344
0,299.8,310.9,1545,40.7,166,0,No Failure,11.099999999999966,62881.50000000001,0.24371257485029943
2,299.8,310.9,1427,47.2,168,0,No Failure,11.099999999999966,67354.40000000001,0.27928994082840236
0,299.9,310.9,1292,51.1,173,0,No Failure,11.0,66021.2,0.29367816091954024
0,299.8,310.9,2084,17.6,175,0,No Failure,11.099999999999966,36678.4,0.1
0,299.9,311.0,1747,27.6,177,0,No Failure,11.100000000000023,48217.200000000004,0.1550561797752809
0,300.0,311.1,1425,47.8,179,0,No Failure,11.100000000000023,68115.0,0.26555555555555554
0,300.0,311.0,1637,33.6,181,0,No Failure,11.0,55003.200000000004,0.18461538461538463
1,300.1,311.1,1616,35.2,183,0,No Failure,11.0,56883.200000000004,0.19130434782608696
0,300.1,311.1,1619,33.4,186,0,No Failure,11.0,54074.6,0.17860962566844918
0,300.1,311.2,1489,39.1,188,0,No Failure,11.099999999999966,58219.9,0.20687830687830688
1,300.1,311.2,1452,42.4,190,0,No Failure,11.099999999999966,61564.799999999996,0.22198952879581152
1,300.1,311.3,1495,41.0,193,0,No Failure,11.199999999999989,61295.0,0.211340206185567
1,300.2,311.4,1427,39.7,196,0,No Failure,11.199999999999989,56651.9,0.2015228426395939
0,300.1,311.4,1572,36.2,199,0,No Failure,11.299999999999955,56906.4,0.18100000000000002
0,300.1,311.3,1547,40.0,201,0,No Failure,11.199999999999989,61880.0,0.19801980198019803
1,300.1,311.4,1342,48.5,203,0,No Failure,11.299999999999955,65087.0,0.23774509803921567
0,300.0,311.2,1351,44.1,206,0,No Failure,11.199999999999989,59579.1,0.21304347826086958
0,300.0,311.3,1407,47.3,208,0,No Failure,11.300000000000011,66551.09999999999,0.2263157894736842
1,300.1,311.4,1575,29.8,210,0,No Failure,11.299999999999955,46935.0,0.14123222748815167
1,300.0,311.4,1791,24.1,213,0,No Failure,11.399999999999977,43163.100000000006,0.11261682242990655
1,300.0,311.4,1692,29.0,216,1,Tool Wear Failure,11.399999999999977,49068.0,0.1336405529953917
0,300.0,311.4,1634,31.9,0,0,No Failure,11.399999999999977,52124.6,31.9
1,300.0,311.4,1864,23.3,2,0,No Failure,11.399999999999977,43431.200000000004,7.766666666666667
0,300.0,311.4,1590,33.6,5,0,No Failure,11.399999999999977,53424.0,5.6000000000000005
1,300.0,311.4,1384,46.1,7,0,No Failure,11.399999999999977,63802.4,5.7625
1,300.0,311.4,1352,61.8,10,0,No Failure,11.399999999999977,83553.59999999999,5.618181818181818
0,300.1,311.4,1484,43.1,13,0,No Failure,11.299999999999955,63960.4,3.0785714285714287
1,300.1,311.4,1913,21.9,15,0,No Failure,11.299999999999955,41894.7,1.36875
0,300.0,311.4,1508,38.2,18,0,No Failure,11.399999999999977,57605.600000000006,2.0105263157894737
0,299.9,311.3,1504,40.7,20,0,No Failure,11.400000000000034,61212.8,1.9380952380952383
0,300.0,311.4,1487,41.2,22,0,No Failure,11.399999999999977,61264.4,1.791304347826087
0,299.8,311.3,1727,30.0,24,0,No Failure,11.5,51810.0,1.2
0,299.9,311.3,1647,27.5,26,0,No Failure,11.400000000000034,45292.5,1.0185185185185186
0,300.0,311.3,1493,41.4,28,0,No Failure,11.300000000000011,61810.2,1.4275862068965517
0,300.0,311.4,1655,29.6,30,0,No Failure,11.399999999999977,48988.0,0.9548387096774194
1,299.9,311.4,1337,54.8,32,0,No Failure,11.5,73267.59999999999,1.6606060606060604
0,300.0,311.5,1601,36.9,35,0,No Failure,11.5,59076.899999999994,1.025
2,300.1,311.6,1589,37.9,37,0,No Failure,11.5,60223.1,0.9973684210526316
0,300.2,311.7,1286,55.1,42,0,No Failure,11.5,70858.6,1.2813953488372094
0,300.2,311.7,1553,41.3,44,0,No Failure,11.5,64138.899999999994,0.9177777777777777
0,300.2,311.8,1379,51.0,46,0,No Failure,11.600000000000023,70329.0,1.0851063829787233
1,300.3,311.9,1677,30.8,48,0,No Failure,11.599999999999966,51651.6,0.6285714285714286
0,300.3,311.8,1488,38.4,51,0,No Failure,11.5,57139.2,0.7384615384615384
0,300.3,311.8,1418,45.9,53,0,No Failure,11.5,65086.2,0.85
0,300.3,311.8,1451,41.0,55,0,No Failure,11.5,59491.0,0.7321428571428571
0,300.3,311.8,1508,43.1,57,0,No Failure,11.5,64994.8,0.743103448275862
0,300.3,311.7,1579,33.6,59,0,No Failure,11.399999999999977,53054.4,0.56
2,300.3,311.7,1432,47.7,61,0,No Failure,11.399999999999977,68306.40000000001,0.7693548387096775
0,300.2,311.6,1446,47.3,66,0,No Failure,11.400000000000034,68395.8,0.7059701492537312
1,300.2,311.7,1597,39.5,68,0,No Failure,11.5,63081.5,0.572463768115942
1,300.2,311.7,1397,50.2,71,0,No Failure,11.5,70129.40000000001,0.6972222222222223
0,300.1,311.6,1530,36.6,74,0,No Failure,11.5,55998.0,0.48800000000000004
1,300.1,311.6,1433,51.4,76,0,No Failure,11.5,73656.2,0.6675324675324675
0,300.0,311.5,1591,32.0,79,0,No Failure,11.5,50912.0,0.4
0,300.0,311.5,1445,41.6,81,0,No Failure,11.5,60112.0,0.5073170731707317
0,300.0,311.5,1749,28.3,83,0,No Failure,11.5,49496.700000000004,0.33690476190476193
0,300.0,311.3,1703,30.4,85,0,No Failure,11.300000000000011,51771.2,0.35348837209302325
2,300.1,311.4,1518,46.9,87,0,No Failure,11.299999999999955,71194.2,0.5329545454545455
0,300.1,311.3,1535,42.3,92,0,No Failure,11.199999999999989,64930.49999999999,0.45483870967741935
1,300.1,311.4,1390,52.1,94,0,No Failure,11.299999999999955,72419.0,0.5484210526315789
2,300.3,311.6,1801,23.6,97,0,No Failure,11.300000000000011,42503.600000000006,0.24081632653061225
2,300.3,311.6,1463,41.6,102,0,No Failure,11.300000000000011,60860.8,0.4038834951456311
0,300.3,311.6,1560,37.7,107,0,No Failure,11.300000000000011,58812.00000000001,0.3490740740740741
0,300.3,311.6,1607,33.5,109,0,No Failure,11.300000000000011,53834.5,0.30454545454545456
0,300.4,311.6,1332,54.6,111,0,No Failure,11.200000000000045,72727.2,0.4875
0,300.3,311.7,1365,53.3,113,0,No Failure,11.399999999999977,72754.5,0.46754385964912276
1,300.3,311.6,1617,32.5,115,0,No Failure,11.300000000000011,52552.5,0.2801724137931034
1,300.3,311.6,1304,62.8,118,0,No Failure,11.300000000000011,81891.2,0.5277310924369748
0,300.3,311.7,1989,22.3,121,0,No Failure,11.399999999999977,44354.700000000004,0.18278688524590164
2,300.3,311.6,1339,53.4,123,0,No Failure,11.300000000000011,71502.59999999999,0.43064516129032254
0,300.2,311.5,1492,41.8,128,0,No Failure,11.300000000000011,62365.6,0.32403100775193794
1,300.1,311.3,1518,40.2,130,0,No Failure,11.199999999999989,61023.600000000006,0.3068702290076336
0,300.1,311.3,1479,39.5,133,0,No Failure,11.199999999999989,58420.5,0.2947761194029851
1,300.1,311.3,1523,34.1,135,0,No Failure,11.199999999999989,51934.3,0.25073529411764706
1,300.2,311.4,1570,35.3,138,0,No Failure,11.199999999999989,55420.99999999999,0.25395683453237405
2,300.2,311.4,1506,36.1,141,0,No Failure,11.199999999999989,54366.6,0.25422535211267605
1,300.2,311.6,1510,47.5,146,0,No Failure,11.400000000000034,71725.0,0.3231292517006803
0,300.2,311.6,1671,28.8,149,0,No Failure,11.400000000000034,48124.8,0.192
1,300.3,311.6,1312,53.4,151,0,No Failure,11.300000000000011,70060.8,0.3513157894736842
0,300.3,311.6,1595,38.8,154,0,No Failure,11.300000000000011,61885.99999999999,0.2503225806451613
0,300.3,311.7,1635,31.8,156,0,No Failure,11.399999999999977,51993.0,0.20254777070063695
0,300.3,311.7,1707,33.6,158,0,No Failure,11.399999999999977,57355.200000000004,0.21132075471698114
0,300.3,311.7,1545,43.5,160,0,No Failure,11.399999999999977,67207.5,0.2701863354037267
1,300.2,311.6,1751,28.0,162,0,No Failure,11.400000000000034,49028.0,0.17177914110429449
1,300.4,311.8,1707,30.0,165,0,No Failure,11.400000000000034,51210.0,0.18072289156626506
0,300.4,311.8,1320,57.9,168,0,No Failure,11.400000000000034,76428.0,0.342603550295858
1,300.3,311.7,1319,51.4,170,0,No Failure,11.399999999999977,67796.59999999999,0.3005847953216374
0,300.2,311.7,1448,54.2,173,0,No Failure,11.5,78481.6,0.31149425287356325
0,300.2,311.8,1436,48.2,175,0,No Failure,11.600000000000023,69215.2,0.27386363636363636
0,300.3,311.9,1609,34.0,177,0,No Failure,11.599999999999966,54706.0,0.19101123595505617
0,300.2,311.8,1464,44.5,179,0,No Failure,11.600000000000023,65148.0,0.24722222222222223
1,300.3,311.8,1483,45.1,181,0,No Failure,11.5,66883.3,0.2478021978021978
1,300.2,311.8,1748,28.5,184,0,No Failure,11.600000000000023,49818.0,0.15405405405405406
0,300.3,311.8,1746,26.3,187,0,No Failure,11.5,45919.8,0.1398936170212766
0,300.2,311.8,1410,51.4,189,0,No Failure,11.600000000000023,72474.0,0.27052631578947367
0,300.2,311.7,1640,30.8,191,0,No Failure,11.5,50512.0,0.16041666666666668
2,300.3,311.7,1655,29.9,193,0,No Failure,11.399999999999977,49484.5,0.15412371134020617
1,300.3,311.7,1646,28.9,198,0,No Failure,11.399999999999977,47569.399999999994,0.1452261306532663
0,300.4,311.8,1589,42.0,201,0,No Failure,11.400000000000034,66738.0,0.2079207920792079
0,300.5,311.9,1546,39.4,203,0,No Failure,11.399999999999977,60912.399999999994,0.19313725490196076
0,300.5,311.9,1511,41.8,205,0,No Failure,11.399999999999977,63159.799999999996,0.20291262135922328
0,300.5,311.9,1750,28.3,207,0,No Failure,11.399999999999977,49525.0,0.13605769230769232
1,300.5,311.9,1730,27.5,209,0,No Failure,11.399999999999977,47575.0,0.13095238095238096
0,300.6,311.9,1372,60.1,212,1,Overstrain Failure,11.299999999999955,82457.2,0.28215962441314557
0,300.5,311.8,1524,38.9,214,1,Tool Wear Failure,11.300000000000011,59283.6,0.18093023255813953
0,300.4,311.8,1601,36.1,0,0,No Failure,11.400000000000034,57796.100000000006,36.1
1,300.5,311.8,1636,34.4,2,0,No Failure,11.300000000000011,56278.399999999994,11.466666666666667
0,300.4,311.8,2261,14.9,5,0,No Failure,11.400000000000034,33688.9,2.4833333333333334
0,300.4,311.8,1636,32.3,7,0,No Failure,11.400000000000034,52842.799999999996,4.0375
1,300.4,311.9,1335,58.3,9,0,No Failure,11.5,77830.5,5.83
1,300.3,311.7,1236,57.5,12,0,No Failure,11.399999999999977,71070.0,4.423076923076923
0,300.3,311.7,1445,47.3,15,0,No Failure,11.399999999999977,68348.5,2.95625
0,300.2,311.5,1500,40.8,17,0,No Failure,11.300000000000011,61199.99999999999,2.2666666666666666
0,300.2,311.6,1999,21.0,19,0,No Failure,11.400000000000034,41979.0,1.05
0,300.2,311.6,1529,35.5,21,0,No Failure,11.400000000000034,54279.5,1.6136363636363635
1,300.2,311.6,1467,40.7,23,0,No Failure,11.400000000000034,59706.9,1.6958333333333335
0,300.1,311.5,1334,54.0,26,0,No Failure,11.399999999999977,72036.0,2.0
1,300.1,311.5,1343,46.2,28,0,No Failure,11.399999999999977,62046.600000000006,1.5931034482758621
0,300.2,311.5,1639,31.1,31,0,No Failure,11.300000000000011,50972.9,0.971875
2,300.1,311.5,1383,49.1,33,0,No Failure,11.399999999999977,67905.3,1.4441176470588235
0,300.1,311.4,1660,31.4,38,0,No Failure,11.299999999999955,52124.0,0.805128205128205
0,300.1,311.3,1470,45.2,40,0,No Failure,11.199999999999989,66444.0,1.102439024390244
1,300.1,311.3,1748,26.6,42,0,No Failure,11.199999999999989,46496.8,0.6186046511627907
0,300.1,311.4,1467,35.7,45,0,No Failure,11.299999999999955,52371.9,0.7760869565217392
1,300.1,311.4,1617,39.3,47,0,No Failure,11.299999999999955,63548.1,0.81875
2,300.1,311.4,1377,56.7,50,0,No Failure,11.299999999999955,78075.90000000001,1.111764705882353
1,300.0,311.3,1629,32.1,55,0,No Failure,11.300000000000011,52290.9,0.5732142857142858
0,300.0,311.2,1504,37.9,58,0,No Failure,11.199999999999989,57001.6,0.6423728813559322
0,300.0,311.2,1418,47.3,60,0,No Failure,11.199999999999989,67071.4,0.7754098360655737
0,300.0,311.2,1629,31.7,62,0,No Failure,11.199999999999989,51639.299999999996,0.5031746031746032
0,300.1,311.3,2579,12.5,64,1,Power Failure,11.199999999999989,32237.5,0.19230769230769232
0,300.1,311.3,1305,64.7,66,0,No Failure,11.199999999999989,84433.5,0.9656716417910448
1,300.2,311.4,1450,38.5,68,0,No Failure,11.199999999999989,55825.0,0.5579710144927537
0,300.2,311.3,1487,36.9,71,0,No Failure,11.100000000000023,54870.299999999996,0.5125
1,300.2,311.3,1587,31.2,73,0,No Failure,11.100000000000023,49514.4,0.4216216216216216
1,300.3,311.5,1528,40.9,76,0,No Failure,11.199999999999989,62495.2,0.5311688311688312
1,300.4,311.6,1401,49.9,79,0,No Failure,11.200000000000045,69909.9,0.62375
0,300.3,311.5,1446,45.0,82,0,No Failure,11.199999999999989,65070.0,0.5421686746987951
0,300.2,311.4,1425,44.2,84,0,No Failure,11.199999999999989,62985.00000000001,0.52
0,300.2,311.4,1891,22.6,86,0,No Failure,11.199999999999989,42736.600000000006,0.2597701149425288
2,300.2,311.5,1454,42.8,88,0,No Failure,11.300000000000011,62231.2,0.48089887640449436
0,300.1,311.4,1430,40.9,93,0,No Failure,11.299999999999955,58487.0,0.4351063829787234
0,300.2,311.4,1495,43.6,95,0,No Failure,11.199999999999989,65182.0,0.45416666666666666
0,300.3,311.4,1544,41.6,97,0,No Failure,11.099999999999966,64230.4,0.4244897959183674
1,300.3,311.4,1554,34.3,99,0,No Failure,11.099999999999966,53302.2,0.34299999999999997
1,300.2,311.3,1491,37.3,102,0,No Failure,11.100000000000023,55614.299999999996,0.36213592233009706
0,300.3,311.3,1525,40.7,105,0,No Failure,11.0,62067.50000000001,0.3839622641509434
0,300.3,311.3,1505,39.6,107,0,No Failure,11.0,59598.0,0.3666666666666667
1,300.3,311.4,1371,50.2,109,0,No Failure,11.099999999999966,68824.2,0.4563636363636364
0,300.3,311.3,1332,60.5,112,0,No Failure,11.0,80586.0,0.5353982300884956
0,300.3,311.4,1471,37.0,114,0,No Failure,11.099999999999966,54427.0,0.3217391304347826
1,300.4,311.5,1750,27.3,116,0,No Failure,11.100000000000023,47775.0,0.23333333333333334
1,300.3,311.4,1386,48.1,119,0,No Failure,11.099999999999966,66666.6,0.4008333333333333
1,300.4,311.4,1355,56.2,122,0,No Failure,11.0,76151.0,0.45691056910569106
1,300.3,311.3,1377,53.8,125,0,No Failure,11.0,74082.59999999999,0.42698412698412697
0,300.3,311.1,1388,49.4,128,0,No Failure,10.800000000000011,68567.2,0.3829457364341085
1,300.3,311.1,1350,58.7,130,0,No Failure,10.800000000000011,79245.0,0.44809160305343515
1,300.4,311.2,1831,23.4,133,0,No Failure,10.800000000000011,42845.399999999994,0.1746268656716418
1,300.3,311.2,1381,65.2,136,1,Power Failure,10.899999999999977,90041.2,0.4759124087591241
1,300.3,311.2,1783,25.6,139,0,No Failure,10.899999999999977,45644.8,0.18285714285714286
0,300.3,311.0,1613,34.7,142,0,No Failure,10.699999999999989,55971.100000000006,0.24265734265734268
1,300.2,311.0,2370,14.7,144,0,No Failure,10.800000000000011,34839.0,0.10137931034482758
0,300.2,311.0,1627,33.7,147,0,No Failure,10.800000000000011,54829.9,0.2277027027027027
0,300.2,311.0,1255,71.8,149,1,Power Failure,10.800000000000011,90109.0,0.47866666666666663
2,300.2,311.0,1777,27.5,151,0,No Failure,10.800000000000011,48867.5,0.18092105263157895
0,300.3,311.1,1606,30.9,156,0,No Failure,10.800000000000011,49625.399999999994,0.1968152866242038
0,300.3,311.1,1676,28.6,158,0,No Failure,10.800000000000011,47933.600000000006,0.179874213836478
0,300.3,311.1,1605,37.1,160,0,No Failure,10.800000000000011,59545.5,0.23043478260869565
0,300.4,311.1,1487,37.4,162,0,No Failure,10.700000000000045,55613.799999999996,0.22944785276073618
0,300.4,311.2,1471,46.5,164,0,No Failure,10.800000000000011,68401.5,0.2818181818181818
1,300.3,311.1,1477,44.2,166,0,No Failure,10.800000000000011,65283.4,0.26467065868263473
0,300.4,311.2,1530,32.0,169,0,No Failure,10.800000000000011,48960.0,0.18823529411764706
0,300.4,311.2,1673,28.9,171,0,No Failure,10.800000000000011,48349.7,0.16802325581395347
0,300.4,311.2,1436,56.8,173,0,No Failure,10.800000000000011,81564.8,0.32643678160919537
0,300.4,311.3,1495,51.2,175,0,No Failure,10.900000000000034,76544.0,0.29090909090909095
1,300.4,311.2,1366,56.1,177,0,No Failure,10.800000000000011,76632.6,0.3151685393258427
2,300.4,311.2,1489,45.3,180,0,No Failure,10.800000000000011,67451.7,0.25027624309392266
0,300.3,311.1,1480,46.6,185,0,No Failure,10.800000000000011,68968.0,0.25053763440860216
0,300.4,311.2,1472,37.3,187,0,No Failure,10.800000000000011,54905.6,0.19840425531914893
0,300.4,311.1,1397,50.8,189,0,No Failure,10.700000000000045,70967.59999999999,0.2673684210526316
0,300.4,311.1,1589,35.5,191,0,No Failure,10.700000000000045,56409.5,0.18489583333333334
0,300.4,311.1,1405,54.1,193,0,No Failure,10.700000000000045,76010.5,0.2788659793814433
0,300.4,311.1,2013,20.1,195,0,No Failure,10.700000000000045,40461.3,0.10255102040816327
0,300.4,311.0,1802,26.0,197,0,No Failure,10.600000000000023,46852.0,0.13131313131313133
1,300.4,311.0,1433,46.1,199,0,No Failure,10.600000000000023,66061.3,0.2305
1,300.5,311.1,1296,61.3,202,1,Overstrain Failure,10.600000000000023,79444.8,0.3019704433497537
1,300.5,311.2,1551,36.6,205,0,No Failure,10.699999999999989,56766.600000000006,0.17766990291262136
0,300.5,311.2,1270,67.5,208,1,Overstrain Failure,10.699999999999989,85725.0,0.3229665071770335
0,300.6,311.3,1531,38.5,0,0,No Failure,10.699999999999989,58943.5,38.5
2,300.5,311.2,1397,45.2,2,0,No Failure,10.699999999999989,63144.4,15.066666666666668
0,300.5,311.1,1547,37.2,7,0,No Failure,10.600000000000023,57548.4,4.65
0,300.5,311.0,2074,18.9,9,0,No Failure,10.5,39198.6,1.89
0,300.5,311.1,1491,42.6,11,0,No Failure,10.600000000000023,63516.6,3.5500000000000003
0,300.5,311.0,1759,28.3,13,0,No Failure,10.5,49779.700000000004,2.0214285714285714
1,300.4,311.0,1595,35.4,15,0,No Failure,10.600000000000023,56463.0,2.2125
0,300.4,311.2,1351,62.0,18,0,No Failure,10.800000000000011,83762.0,3.263157894736842
0,300.4,311.2,1705,28.7,20,0,No Failure,10.800000000000011,48933.5,1.3666666666666667
0,300.4,311.2,1406,43.6,22,0,No Failure,10.800000000000011,61301.6,1.8956521739130436
0,300.4,311.3,1639,34.6,24,0,No Failure,10.900000000000034,56709.4,1.3840000000000001
2,300.4,311.3,2026,20.3,26,0,No Failure,10.900000000000034,41127.8,0.7518518518518519
1,300.4,311.3,1350,56.5,31,0,No Failure,10.900000000000034,76275.0,1.765625
1,300.5,311.3,1468,41.1,34,0,No Failure,10.800000000000011,60334.8,1.1742857142857144
0,300.5,311.4,1642,27.1,37,0,No Failure,10.899999999999977,44498.200000000004,0.7131578947368421
0,300.5,311.3,1490,41.8,39,0,No Failure,10.800000000000011,62281.99999999999,1.045
1,300.5,311.3,1507,43.4,41,0,No Failure,10.800000000000011,65403.799999999996,1.0333333333333332
0,300.5,311.4,1611,32.7,44,0,No Failure,10.899999999999977,52679.700000000004,0.7266666666666667
1,300.5,311.4,1743,27.6,46,0,No Failure,10.899999999999977,48106.8,0.5872340425531916
0,300.5,311.3,1475,46.3,49,0,No Failure,10.800000000000011,68292.5,0.9259999999999999
0,300.5,311.4,1432,47.5,51,0,No Failure,10.899999999999977,68020.0,0.9134615384615384
0,300.5,311.4,1442,47.0,53,0,No Failure,10.899999999999977,67774.0,0.8703703703703703
1,300.6,311.4,1468,40.4,55,0,No Failure,10.799999999999955,59307.2,0.7214285714285714
0,300.5,311.4,1556,45.3,58,0,No Failure,10.899999999999977,70486.79999999999,0.7677966101694915
1,300.5,311.4,1312,51.4,60,0,No Failure,10.899999999999977,67436.8,0.8426229508196721
0,300.6,311.5,1459,47.0,63,0,No Failure,10.899999999999977,68573.0,0.734375
0,300.5,311.5,1651,36.9,65,0,No Failure,11.0,60921.899999999994,0.5590909090909091
0,300.5,311.5,1490,38.4,67,0,No Failure,11.0,57216.0,0.5647058823529412
1,300.6,311.6,1473,31.5,69,0,No Failure,11.0,46399.5,0.45
0,300.6,311.7,1734,29.9,72,0,No Failure,11.099999999999966,51846.6,0.4095890410958904
0,300.6,311.7,1507,45.5,74,0,No Failure,11.099999999999966,68568.5,0.6066666666666667
0,300.6,311.7,1556,34.9,76,0,No Failure,11.099999999999966,54304.399999999994,0.45324675324675323
2,300.5,311.6,1351,53.5,78,0,No Failure,11.100000000000023,72278.5,0.6772151898734177
0,300.5,311.7,1445,44.8,83,0,No Failure,11.199999999999989,64735.99999999999,0.5333333333333333
0,300.5,311.7,1619,32.7,85,0,No Failure,11.199999999999989,52941.3,0.38023255813953494
1,300.5,311.7,1269,64.0,87,0,No Failure,11.199999999999989,81216.0,0.7272727272727273
0,300.5,311.6,1534,37.7,90,0,No Failure,11.100000000000023,57831.8,0.4142857142857143
0,300.5,311.6,1444,49.3,92,0,No Failure,11.100000000000023,71189.2,0.5301075268817204
0,300.5,311.6,1744,26.8,94,0,No Failure,11.100000000000023,46739.200000000004,0.28210526315789475
0,300.4,311.5,1441,44.6,96,0,No Failure,11.100000000000023,64268.6,0.4597938144329897
1,300.3,311.3,1506,40.7,98,0,No Failure,11.0,61294.200000000004,0.41111111111111115
0,300.3,311.4,1526,38.5,101,0,No Failure,11.099999999999966,58751.0,0.37745098039215685
0,300.4,311.5,1704,29.7,103,0,No Failure,11.100000000000023,50608.799999999996,0.28557692307692306
2,300.4,311.4,1445,52.4,105,0,No Failure,11.0,75718.0,0.49433962264150944
0,300.5,311.5,1661,35.9,110,0,No Failure,11.0,59629.899999999994,0.3234234234234234
0,300.5,311.4,1466,41.8,112,0,No Failure,10.899999999999977,61278.799999999996,0.3699115044247787
0,300.4,311.3,1608,35.1,114,0,No Failure,10.900000000000034,56440.8,0.30521739130434783
1,300.4,311.4,1352,57.3,116,0,No Failure,11.0,77469.59999999999,0.4897435897435897
1,300.4,311.4,1604,31.7,119,0,No Failure,11.0,50846.799999999996,0.26416666666666666
2,300.4,311.4,1427,50.7,122,0,No Failure,11.0,72348.90000000001,0.41219512195121955
0,300.4,311.4,1424,44.6,127,0,No Failure,11.0,63510.4,0.3484375
0,300.4,311.4,1662,29.3,129,0,No Failure,11.0,48696.6,0.22538461538461538
0,300.4,311.4,1936,23.9,131,0,No Failure,11.0,46270.399999999994,0.18106060606060606
0,300.4,311.4,1728,31.7,133,0,No Failure,11.0,54777.6,0.23656716417910448
0,300.4,311.4,1552,28.8,135,0,No Failure,11.0,44697.6,0.21176470588235294
2,300.4,311.5,1662,29.0,137,0,No Failure,11.100000000000023,48198.0,0.21014492753623187
0,300.3,311.4,1343,57.7,142,0,No Failure,11.099999999999966,77491.1,0.4034965034965035
1,300.4,311.5,1476,32.6,144,0,No Failure,11.100000000000023,48117.6,0.22482758620689655
0,300.3,311.4,1346,51.1,147,0,No Failure,11.099999999999966,68780.6,0.3452702702702703
0,300.4,311.5,1492,44.6,149,0,No Failure,11.100000000000023,66543.2,0.29733333333333334
1,300.3,311.5,1540,41.5,151,0,No Failure,11.199999999999989,63910.0,0.2730263157894737
0,300.4,311.5,1596,32.5,154,0,No Failure,11.100000000000023,51870.0,0.20967741935483872
0,300.5,311.6,1541,47.8,156,0,No Failure,11.100000000000023,73659.79999999999,0.30445859872611464
0,300.5,311.6,1661,30.0,158,0,No Failure,11.100000000000023,49830.0,0.18867924528301888
1,300.4,311.6,1359,55.4,160,0,No Failure,11.200000000000045,75288.59999999999,0.34409937888198755
0,300.5,311.6,1528,42.4,163,0,No Failure,11.100000000000023,64787.2,0.25853658536585367
1,300.5,311.6,1246,52.9,165,0,No Failure,11.100000000000023,65913.4,0.31867469879518073
0,300.5,311.6,1575,32.5,168,0,No Failure,11.100000000000023,51187.5,0.19230769230769232
1,300.5,311.6,1658,30.4,170,0,No Failure,11.100000000000023,50403.2,0.17777777777777776
0,300.5,311.6,1385,54.8,173,0,No Failure,11.100000000000023,75898.0,0.31494252873563217
2,300.5,311.7,1454,50.3,175,0,No Failure,11.199999999999989,73136.2,0.2857954545454545
0,300.5,311.6,1497,40.5,180,0,No Failure,11.100000000000023,60628.5,0.22375690607734808
1,300.6,311.7,1424,50.8,182,0,No Failure,11.099999999999966,72339.2,0.27759562841530055
0,300.6,311.7,1528,43.9,185,0,No Failure,11.099999999999966,67079.2,0.2360215053763441
0,300.6,311.8,1539,37.0,187,0,No Failure,11.199999999999989,56943.0,0.19680851063829788
0,300.7,311.8,1336,58.4,189,1,Overstrain Failure,11.100000000000023,78022.4,0.30736842105263157
0,300.5,311.6,1525,37.6,191,0,No Failure,11.100000000000023,57340.0,0.19583333333333333
1,300.5,311.6,1456,51.1,193,0,No Failure,11.100000000000023,74401.6,0.2634020618556701
1,300.5,311.7,2141,17.2,196,0,No Failure,11.199999999999989,36825.2,0.08730964467005076
1,300.5,311.6,1476,39.1,199,0,No Failure,11.100000000000023,57711.6,0.1955
0,300.5,311.6,1509,47.2,202,0,No Failure,11.100000000000023,71224.8,0.23251231527093597
0,300.5,311.6,1447,45.4,204,0,No Failure,11.100000000000023,65693.8,0.22146341463414634
0,300.6,311.7,1448,49.1,206,0,No Failure,11.099999999999966,71096.8,0.23719806763285026
0,300.6,311.7,1428,52.6,208,0,No Failure,11.099999999999966,75112.8,0.2516746411483254
1,300.6,311.7,1389,52.1,210,0,No Failure,11.099999999999966,72366.90000000001,0.24691943127962085
0,300.7,311.7,1635,32.4,213,0,No Failure,11.0,52974.0,0.1514018691588785
0,300.7,311.7,1395,43.7,215,0,No Failure,11.0,60961.50000000001,0.20231481481481484
0,300.7,311.8,1443,43.7,217,0,No Failure,11.100000000000023,63059.100000000006,0.2004587155963303
1,300.7,311.7,1412,49.1,219,0,No Failure,11.0,69329.2,0.22318181818181818
0,300.7,311.7,1524,43.5,222,0,No Failure,11.0,66294.0,0.19506726457399104
1,300.7,311.8,1407,42.4,224,0,No Failure,11.100000000000023,59656.799999999996,0.18844444444444444
0,300.8,311.7,1397,43.5,227,0,No Failure,10.899999999999977,60769.5,0.19078947368421054
1,300.7,311.7,1504,36.9,229,0,No Failure,11.0,55497.6,0.16043478260869565
1,300.7,311.7,2097,18.9,232,1,Tool Wear Failure,11.0,39633.299999999996,0.08111587982832617
0,300.6,311.7,1553,39.8,0,0,No Failure,11.099999999999966,61809.399999999994,39.8
0,300.6,311.7,1432,39.2,2,0,No Failure,11.099999999999966,56134.4,13.066666666666668
1,300.5,311.6,1577,36.5,4,0,No Failure,11.100000000000023,57560.5,7.3
1,300.5,311.5,1370,56.1,7,0,No Failure,11.0,76857.0,7.0125
2,300.5,311.6,1506,36.2,10,0,No Failure,11.100000000000023,54517.200000000004,3.290909090909091
0,300.6,311.6,1964,21.4,15,0,No Failure,11.0,42029.6,1.3375
2,300.6,311.7,1500,36.7,17,0,No Failure,11.099999999999966,55050.00000000001,2.038888888888889
0,300.6,311.7,1488,47.7,22,0,No Failure,11.099999999999966,70977.6,2.073913043478261
2,300.6,311.5,1282,60.2,24,0,No Failure,10.899999999999977,77176.40000000001,2.408
0,300.5,311.4,1400,45.1,29,0,No Failure,10.899999999999977,63140.0,1.5033333333333334
0,300.6,311.5,1419,38.6,31,0,No Failure,10.899999999999977,54773.4,1.20625
1,300.7,311.5,1441,40.6,33,0,No Failure,10.800000000000011,58504.6,1.1941176470588235
1,300.7,311.6,1348,62.5,36,0,No Failure,10.900000000000034,84250.0,1.6891891891891893
2,300.8,311.7,1468,38.7,39,0,No Failure,10.899999999999977,56811.600000000006,0.9675
1,300.7,311.7,1701,30.8,44,0,No Failure,11.0,52390.8,0.6844444444444444
2,300.7,311.7,1864,23.6,47,0,No Failure,11.0,43990.4,0.4916666666666667
1,300.6,311.6,1630,31.8,52,0,No Failure,11.0,51834.0,0.6
0,300.5,311.5,1316,49.7,55,0,No Failure,11.0,65405.200000000004,0.8875000000000001
0,300.5,311.5,1708,31.2,57,0,No Failure,11.0,53289.6,0.5379310344827586
2,300.5,311.4,1679,27.5,59,0,No Failure,10.899999999999977,46172.5,0.4583333333333333
0,300.5,311.4,1709,32.3,64,0,No Failure,10.899999999999977,55200.7,0.49692307692307686
0,300.5,311.4,1445,41.5,66,0,No Failure,10.899999999999977,59967.5,0.6194029850746269
1,300.5,311.4,1390,51.9,68,0,No Failure,10.899999999999977,72141.0,0.7521739130434782
0,300.4,311.4,1309,55.5,71,0,No Failure,11.0,72649.5,0.7708333333333334
0,300.5,311.5,1499,37.6,73,0,No Failure,11.0,56362.4,0.5081081081081081
1,300.5,311.4,2072,18.8,75,0,No Failure,10.899999999999977,38953.6,0.2473684210526316
0,300.5,311.5,1487,43.0,78,0,No Failure,11.0,63941.0,0.5443037974683544
0,300.5,311.5,1302,49.6,80,0,No Failure,11.0,64579.200000000004,0.6123456790123457
1,300.5,311.5,1378,48.2,82,0,No Failure,11.0,66419.6,0.5807228915662651
0,300.5,311.6,1365,53.0,85,0,No Failure,11.100000000000023,72345.0,0.6162790697674418
2,300.6,311.7,1427,44.6,87,0,No Failure,11.099999999999966,63644.200000000004,0.5068181818181818
2,300.6,311.7,1535,33.3,92,0,No Failure,11.099999999999966,51115.49999999999,0.35806451612903223
2,300.5,311.6,1476,41.7,97,0,No Failure,11.100000000000023,61549.200000000004,0.4255102040816327
0,300.5,311.6,1425,42.4,102,0,No Failure,11.100000000000023,60420.0,0.4116504854368932
0,300.5,311.7,1409,54.7,104,0,No Failure,11.199999999999989,77072.3,0.520952380952381
0,300.5,311.6,1730,30.2,106,0,No Failure,11.100000000000023,52246.0,0.2822429906542056
1,300.5,311.6,1454,41.4,108,0,No Failure,11.100000000000023,60195.6,0.37981651376146786
0,300.6,311.7,1744,26.9,111,0,No Failure,11.099999999999966,46913.6,0.2401785714285714
1,300.8,311.9,1761,29.0,113,0,No Failure,11.099999999999966,51069.0,0.2543859649122807
1,300.7,311.9,1657,30.9,116,0,No Failure,11.199999999999989,51201.299999999996,0.2641025641025641
0,300.7,311.8,1420,47.0,119,0,No Failure,11.100000000000023,66740.0,0.39166666666666666
2,300.7,311.9,1329,59.2,121,0,No Failure,11.199999999999989,78676.8,0.4852459016393443
0,300.6,311.9,1472,44.2,126,0,No Failure,11.299999999999955,65062.4,0.34803149606299216
0,300.6,312.0,1566,30.1,128,0,No Failure,11.399999999999977,47136.600000000006,0.23333333333333334
0,300.6,312.0,1430,42.7,130,0,No Failure,11.399999999999977,61061.00000000001,0.32595419847328244
0,300.6,312.0,1481,40.9,132,0,No Failure,11.399999999999977,60572.9,0.3075187969924812
0,300.6,312.0,1670,29.4,134,0,No Failure,11.399999999999977,49098.0,0.21777777777777776
0,300.6,312.0,1406,55.1,136,0,No Failure,11.399999999999977,77470.6,0.40218978102189784
2,300.6,312.1,1354,46.9,138,0,No Failure,11.5,63502.6,0.33741007194244604
1,300.5,312.0,1985,19.3,143,0,No Failure,11.5,38310.5,0.13402777777777777
1,300.5,312.0,1263,60.8,146,0,No Failure,11.5,76790.4,0.41360544217687073
0,300.5,311.9,1576,31.1,149,0,No Failure,11.399999999999977,49013.600000000006,0.20733333333333334
0,300.5,312.0,1453,45.1,151,0,No Failure,11.5,65530.3,0.2967105263157895
0,300.5,312.0,1478,39.0,153,0,No Failure,11.5,57642.0,0.2532467532467532
1,300.5,311.9,1323,57.9,155,0,No Failure,11.399999999999977,76601.7,0.37115384615384617
0,300.5,311.9,1710,28.4,158,0,No Failure,11.399999999999977,48564.0,0.17861635220125785
0,300.4,311.7,1314,59.5,160,0,No Failure,11.300000000000011,78183.0,0.3695652173913043
0,300.4,311.7,1460,39.6,162,0,No Failure,11.300000000000011,57816.0,0.24294478527607363
1,300.4,311.7,1508,45.4,164,0,No Failure,11.300000000000011,68463.2,0.27515151515151515
1,300.5,311.8,1331,55.3,167,0,No Failure,11.300000000000011,73604.3,0.32916666666666666
0,300.4,311.7,1515,47.4,170,0,No Failure,11.300000000000011,71811.0,0.2771929824561403
0,300.4,311.6,1674,33.0,172,0,No Failure,11.200000000000045,55242.0,0.1907514450867052
0,300.4,311.7,1444,51.2,174,0,No Failure,11.300000000000011,73932.8,0.2925714285714286
1,300.4,311.7,1398,42.6,176,0,No Failure,11.300000000000011,59554.8,0.24067796610169492
1,300.4,311.7,1832,24.2,179,0,No Failure,11.300000000000011,44334.4,0.13444444444444445
1,300.5,311.8,1591,42.0,182,0,No Failure,11.300000000000011,66822.0,0.22950819672131148
1,300.4,311.7,1478,39.9,185,0,No Failure,11.300000000000011,58972.2,0.21451612903225806
1,300.4,311.8,1362,47.6,188,0,No Failure,11.400000000000034,64831.200000000004,0.2518518518518519
0,300.5,311.8,1368,57.9,191,1,Overstrain Failure,11.300000000000011,79207.2,0.3015625
1,300.3,311.7,1723,28.3,193,0,No Failure,11.399999999999977,48760.9,0.14587628865979382
0,300.4,311.8,1689,30.8,196,0,No Failure,11.400000000000034,52021.200000000004,0.15634517766497463
0,300.4,311.8,1272,59.2,198,1,Overstrain Failure,11.400000000000034,75302.40000000001,0.2974874371859297
1,300.4,311.7,1511,33.0,200,0,No Failure,11.300000000000011,49863.0,0.16417910447761194
2,300.4,311.6,1715,30.8,203,0,No Failure,11.200000000000045,52822.0,0.15098039215686274
1,300.3,311.5,1400,43.8,0,0,No Failure,11.199999999999989,61319.99999999999,43.8
0,300.4,311.6,1200,76.6,3,1,Power Failure,11.200000000000045,91920.0,19.15
1,300.4,311.7,1555,38.7,5,0,No Failure,11.300000000000011,60178.50000000001,6.45
2,300.3,311.6,1427,56.2,8,0,No Failure,11.300000000000011,80197.40000000001,6.2444444444444445
0,300.3,311.4,1318,52.7,13,0,No Failure,11.099999999999966,69458.6,3.7642857142857147
2,300.2,311.4,1319,54.6,15,0,No Failure,11.199999999999989,72017.40000000001,3.4125
1,300.2,311.4,1960,20.9,20,0,No Failure,11.199999999999989,40964.0,0.9952380952380951
0,300.3,311.5,1552,38.9,23,0,No Failure,11.199999999999989,60372.799999999996,1.6208333333333333
0,300.3,311.5,1548,32.2,25,0,No Failure,11.199999999999989,49845.600000000006,1.2384615384615385
0,300.3,311.6,1709,29.5,27,0,No Failure,11.300000000000011,50415.5,1.0535714285714286
2,300.3,311.5,1464,41.0,29,0,No Failure,11.199999999999989,60024.0,1.3666666666666667
0,300.3,311.4,1759,24.8,34,0,No Failure,11.099999999999966,43623.200000000004,0.7085714285714286
0,300.3,311.5,1634,31.9,36,0,No Failure,11.199999999999989,52124.6,0.8621621621621621
0,300.3,311.5,1663,33.6,38,0,No Failure,11.199999999999989,55876.8,0.8615384615384616
1,300.3,311.5,1445,47.3,40,0,No Failure,11.199999999999989,68348.5,1.1536585365853658
0,300.3,311.5,1695,25.6,43,0,No Failure,11.199999999999989,43392.0,0.5818181818181819
0,300.4,311.6,1517,39.0,45,0,No Failure,11.200000000000045,59163.0,0.8478260869565217
0,300.5,311.7,1811,26.8,47,0,No Failure,11.199999999999989,48534.8,0.5583333333333333
0,300.4,311.6,1815,23.5,49,0,No Failure,11.200000000000045,42652.5,0.47
0,300.4,311.7,1513,40.0,51,0,No Failure,11.300000000000011,60520.0,0.7692307692307693
1,300.4,311.6,1518,36.4,53,0,No Failure,11.200000000000045,55255.2,0.674074074074074
0,300.3,311.5,1667,28.8,56,0,No Failure,11.199999999999989,48009.6,0.5052631578947369
0,300.3,311.5,1403,60.1,58,0,No Failure,11.199999999999989,84320.3,1.0186440677966102
0,300.2,311.5,1383,42.1,60,0,No Failure,11.300000000000011,58224.3,0.6901639344262296
0,300.3,311.5,1466,46.2,62,0,No Failure,11.199999999999989,67729.2,0.7333333333333334
0,300.3,311.5,1378,47.5,64,0,No Failure,11.199999999999989,65455.0,0.7307692307692307
1,300.2,311.5,1547,40.9,66,0,No Failure,11.300000000000011,63272.299999999996,0.6104477611940299
0,300.2,311.5,1495,38.5,69,0,No Failure,11.300000000000011,57557.5,0.55
0,300.1,311.4,1729,29.3,71,0,No Failure,11.299999999999955,50659.700000000004,0.40694444444444444
0,300.1,311.4,1418,47.7,73,0,No Failure,11.299999999999955,67638.6,0.6445945945945947
2,300.1,311.4,1485,40.4,75,0,No Failure,11.299999999999955,59994.0,0.531578947368421
0,300.1,311.5,1434,40.8,80,0,No Failure,11.399999999999977,58507.2,0.5037037037037037
1,300.2,311.6,1415,55.8,82,0,No Failure,11.400000000000034,78957.0,0.672289156626506
2,300.1,311.6,1674,29.6,85,0,No Failure,11.5,49550.4,0.34418604651162793
0,300.1,311.5,1454,52.4,90,0,No Failure,11.399999999999977,76189.59999999999,0.5758241758241758
0,300.0,311.4,1476,39.0,92,0,No Failure,11.399999999999977,57564.0,0.41935483870967744
0,300.0,311.5,1812,28.3,94,0,No Failure,11.5,51279.6,0.29789473684210527
0,300.0,311.4,1374,41.9,96,0,No Failure,11.399999999999977,57570.6,0.4319587628865979
1,300.1,311.4,1524,40.6,98,0,No Failure,11.299999999999955,61874.4,0.41010101010101013
0,300.0,311.4,1383,49.6,101,0,No Failure,11.399999999999977,68596.8,0.48627450980392156
0,299.9,311.3,1429,58.2,103,0,No Failure,11.400000000000034,83167.8,0.5596153846153846
1,299.8,311.3,1517,41.2,105,0,No Failure,11.5,62500.4,0.3886792452830189
1,299.9,311.4,1480,44.9,108,0,No Failure,11.5,66452.0,0.41192660550458715
0,299.9,311.4,1706,28.8,111,0,No Failure,11.5,49132.8,0.2571428571428572
0,300.0,311.5,1349,48.6,113,0,No Failure,11.5,65561.40000000001,0.4263157894736842
1,300.0,311.5,1451,49.0,115,0,No Failure,11.5,71099.0,0.4224137931034483
0,299.9,311.4,1627,36.7,118,0,No Failure,11.5,59710.9,0.30840336134453783
1,300.0,311.4,1537,35.4,120,0,No Failure,11.399999999999977,54409.799999999996,0.29256198347107437
0,300.1,311.5,2218,17.0,123,0,No Failure,11.399999999999977,37706.0,0.13709677419354838
1,300.0,311.4,1466,39.0,125,0,No Failure,11.399999999999977,57174.0,0.30952380952380953
0,300.0,311.5,1666,32.0,128,0,No Failure,11.5,53312.0,0.24806201550387597
0,300.0,311.5,1455,41.7,130,0,No Failure,11.5,60673.50000000001,0.31832061068702294
0,300.0,311.4,1927,24.6,132,0,No Failure,11.399999999999977,47404.200000000004,0.1849624060150376
1,299.9,311.3,1703,28.4,134,0,No Failure,11.400000000000034,48365.2,0.21037037037037035
0,299.8,311.2,1533,35.9,137,0,No Failure,11.399999999999977,55034.7,0.26014492753623186
2,299.8,311.3,1785,25.4,139,0,No Failure,11.5,45339.0,0.1814285714285714
0,299.8,311.2,2142,16.6,144,0,No Failure,11.399999999999977,35557.200000000004,0.11448275862068967
0,299.8,311.2,1369,46.2,146,0,No Failure,11.399999999999977,63247.8,0.3142857142857143
1,299.8,311.2,1706,29.2,148,0,No Failure,11.399999999999977,49815.2,0.1959731543624161
0,299.9,311.3,1802,24.4,151,0,No Failure,11.400000000000034,43968.799999999996,0.16052631578947368
2,299.9,311.3,1413,41.8,153,0,No Failure,11.400000000000034,59063.399999999994,0.2714285714285714
0,300.0,311.3,1484,53.2,158,0,No Failure,11.300000000000011,78948.8,0.3345911949685535
0,299.9,311.3,1535,38.1,160,0,No Failure,11.400000000000034,58483.5,0.23664596273291927
1,299.9,311.2,1579,35.5,162,0,No Failure,11.300000000000011,56054.5,0.21779141104294478
0,299.8,311.1,1300,64.2,165,0,No Failure,11.300000000000011,83460.0,0.38674698795180723
1,299.8,311.1,1452,44.3,167,0,No Failure,11.300000000000011,64323.6,0.2636904761904762
1,299.8,311.1,1562,35.7,170,0,No Failure,11.300000000000011,55763.4,0.20877192982456141
0,299.8,311.2,1664,28.3,173,0,No Failure,11.399999999999977,47091.200000000004,0.16264367816091954
2,299.9,311.2,1495,35.8,175,0,No Failure,11.300000000000011,53520.99999999999,0.2034090909090909
1,300.0,311.4,1533,42.6,180,0,No Failure,11.399999999999977,65305.8,0.23535911602209947
0,300.0,311.4,1484,37.0,183,0,No Failure,11.399999999999977,54908.0,0.20108695652173914
0,300.0,311.4,1604,38.7,185,0,No Failure,11.399999999999977,62074.8,0.20806451612903226
0,300.0,311.4,1483,45.6,187,0,No Failure,11.399999999999977,67624.8,0.24255319148936172
0,300.1,311.5,1549,34.7,189,0,No Failure,11.399999999999977,53750.3,0.18263157894736842
0,300.1,311.4,1604,35.0,191,0,No Failure,11.299999999999955,56140.0,0.18229166666666666
0,300.2,311.5,1685,31.0,193,0,No Failure,11.300000000000011,52235.0,0.15979381443298968
0,300.2,311.6,1372,49.2,195,0,No Failure,11.400000000000034,67502.40000000001,0.2510204081632653
0,300.3,311.6,1374,47.4,197,0,No Failure,11.300000000000011,65127.6,0.23939393939393938
0,300.2,311.6,1606,31.0,199,0,No Failure,11.400000000000034,49786.0,0.155
0,300.1,311.5,1471,47.2,201,0,No Failure,11.399999999999977,69431.2,0.23366336633663368
0,300.1,311.5,1659,31.1,203,0,No Failure,11.399999999999977,51594.9,0.15245098039215688
1,300.1,311.7,1400,48.5,205,0,No Failure,11.599999999999966,67900.0,0.2354368932038835
0,300.1,311.7,1503,42.6,208,0,No Failure,11.599999999999966,64027.8,0.20382775119617225
0,300.2,311.8,1798,23.2,210,0,No Failure,11.600000000000023,41713.6,0.10995260663507109
1,300.2,311.6,1608,35.0,212,0,No Failure,11.400000000000034,56280.0,0.1643192488262911
0,300.2,311.6,1322,50.9,215,0,No Failure,11.400000000000034,67289.8,0.23564814814814813
2,300.2,311.6,1547,37.7,217,0,No Failure,11.400000000000034,58321.9,0.17293577981651378
1,300.3,311.7,1374,47.9,222,1,Tool Wear Failure,11.399999999999977,65814.59999999999,0.2147982062780269
1,300.3,311.7,1447,36.8,0,0,No Failure,11.399999999999977,53249.6,36.8
0,300.4,311.7,1373,47.2,3,0,No Failure,11.300000000000011,64805.600000000006,11.8
0,300.3,311.7,1515,37.5,5,0,No Failure,11.399999999999977,56812.5,6.25
0,300.3,311.7,1317,56.5,7,0,No Failure,11.399999999999977,74410.5,7.0625
0,300.3,311.8,1551,37.2,9,0,No Failure,11.5,57697.200000000004,3.72
1,300.3,311.8,1592,32.1,11,0,No Failure,11.5,51103.200000000004,2.6750000000000003
0,300.4,311.8,1433,42.2,14,0,No Failure,11.400000000000034,60472.600000000006,2.8133333333333335
0,300.5,311.9,1432,43.1,16,0,No Failure,11.399999999999977,61719.200000000004,2.5352941176470587
0,300.5,311.9,1350,51.7,18,0,No Failure,11.399999999999977,69795.0,2.7210526315789476
1,300.5,311.9,1370,44.8,20,0,No Failure,11.399999999999977,61375.99999999999,2.1333333333333333
0,300.5,312.0,1415,44.6,23,0,No Failure,11.5,63109.0,1.8583333333333334
0,300.5,312.0,1498,42.9,25,0,No Failure,11.5,64264.2,1.65
1,300.5,312.0,1382,54.1,27,0,No Failure,11.5,74766.2,1.9321428571428572
1,300.5,311.9,1511,44.5,30,0,No Failure,11.399999999999977,67239.5,1.435483870967742
0,300.5,311.9,1330,59.5,33,0,No Failure,11.399999999999977,79135.0,1.75
0,300.5,311.9,1383,50.5,35,0,No Failure,11.399999999999977,69841.5,1.4027777777777777
0,300.5,311.9,1431,49.4,37,0,No Failure,11.399999999999977,70691.4,1.3
0,300.5,312.0,1461,38.1,39,0,No Failure,11.5,55664.1,0.9525
2,300.4,311.9,1438,46.7,41,0,No Failure,11.5,67154.6,1.111904761904762
1,300.5,312.0,1779,27.7,46,0,No Failure,11.5,49278.299999999996,0.5893617021276596
1,300.6,312.1,1293,52.3,49,0,No Failure,11.5,67623.9,1.046
0,300.6,312.2,1308,54.7,52,0,No Failure,11.599999999999966,71547.6,1.0320754716981133
0,300.6,312.3,1532,37.2,54,0,No Failure,11.699999999999989,56990.4,0.6763636363636364
0,300.7,312.4,1470,38.6,56,0,No Failure,11.699999999999989,56742.0,0.6771929824561403
0,300.7,312.3,1548,37.9,58,0,No Failure,11.600000000000023,58669.2,0.6423728813559322
0,300.7,312.3,1898,24.0,60,0,No Failure,11.600000000000023,45552.0,0.39344262295081966
2,300.7,312.2,1335,49.0,62,0,No Failure,11.5,65415.0,0.7777777777777778
0,300.7,312.3,1420,53.8,67,0,No Failure,11.600000000000023,76396.0,0.7911764705882353
0,300.7,312.3,1418,49.0,69,0,No Failure,11.600000000000023,69482.0,0.7
1,300.8,312.3,1535,40.3,71,0,No Failure,11.5,61860.49999999999,0.5597222222222222
2,300.7,312.4,1457,47.2,74,0,No Failure,11.699999999999989,68770.40000000001,0.6293333333333334
0,300.8,312.4,1493,39.1,79,0,No Failure,11.599999999999966,58376.3,0.48875
2,300.7,312.3,1670,27.3,81,0,No Failure,11.600000000000023,45591.0,0.3329268292682927
2,300.7,312.3,1446,45.4,86,0,No Failure,11.600000000000023,65648.4,0.5218390804597701
0,300.8,312.4,1465,59.1,91,1,Power Failure,11.599999999999966,86581.5,0.6423913043478261
0,300.7,312.3,1590,36.3,93,0,No Failure,11.600000000000023,57716.99999999999,0.3861702127659574
1,300.6,312.2,2174,18.5,95,0,No Failure,11.599999999999966,40219.0,0.19270833333333334
0,300.7,312.4,1590,37.9,98,0,No Failure,11.699999999999989,60261.0,0.3828282828282828
0,300.7,312.3,1577,33.2,100,0,No Failure,11.600000000000023,52356.4,0.3287128712871287
1,300.7,312.4,1371,61.7,102,0,No Failure,11.699999999999989,84590.7,0.5990291262135923
0,300.8,312.4,1767,25.6,105,0,No Failure,11.599999999999966,45235.200000000004,0.24150943396226415
0,300.8,312.5,1517,39.2,107,0,No Failure,11.699999999999989,59466.4,0.362962962962963
1,300.9,312.6,1555,40.6,109,0,No Failure,11.700000000000045,63133.0,0.3690909090909091
0,300.9,312.7,1416,43.8,112,0,No Failure,11.800000000000011,62020.799999999996,0.38761061946902653
1,300.8,312.6,1588,35.6,114,0,No Failure,11.800000000000011,56532.8,0.3095652173913044
0,300.8,312.6,1422,50.0,117,0,No Failure,11.800000000000011,71100.0,0.423728813559322
0,300.8,312.6,1376,53.6,119,0,No Failure,11.800000000000011,73753.6,0.44666666666666666
0,300.8,312.5,1434,50.7,121,0,No Failure,11.699999999999989,72703.8,0.41557377049180333
0,300.8,312.5,1423,47.3,123,0,No Failure,11.699999999999989,67307.9,0.38145161290322577
0,300.9,312.4,1364,52.5,125,0,No Failure,11.5,71610.0,0.4166666666666667
0,300.8,312.4,1825,23.8,127,0,No Failure,11.599999999999966,43435.0,0.1859375
0,300.8,312.4,1365,44.5,129,0,No Failure,11.599999999999966,60742.5,0.3423076923076923
1,300.7,312.3,1430,47.2,131,0,No Failure,11.600000000000023,67496.0,0.3575757575757576
0,300.8,312.3,1435,44.8,134,0,No Failure,11.5,64287.99999999999,0.33185185185185184
1,300.8,312.4,1811,25.1,136,0,No Failure,11.599999999999966,45456.100000000006,0.1832116788321168
1,300.8,312.4,1465,43.7,139,0,No Failure,11.599999999999966,64020.50000000001,0.31214285714285717
0,300.9,312.4,1372,51.0,142,0,No Failure,11.5,69972.0,0.35664335664335667
0,300.8,312.3,1858,26.3,144,0,No Failure,11.5,48865.4,0.1813793103448276
0,300.7,312.3,1715,26.8,146,0,No Failure,11.600000000000023,45962.0,0.18231292517006803
0,300.7,312.2,1590,38.5,148,0,No Failure,11.5,61215.0,0.25838926174496646
1,300.8,312.2,1664,25.7,150,0,No Failure,11.399999999999977,42764.799999999996,0.17019867549668874
0,300.7,312.1,1512,36.9,153,0,No Failure,11.400000000000034,55792.799999999996,0.2396103896103896
0,300.7,312.1,1498,44.0,155,0,No Failure,11.400000000000034,65912.0,0.28205128205128205
0,300.7,312.1,1395,41.9,157,0,No Failure,11.400000000000034,58450.5,0.2651898734177215
2,300.7,312.1,1490,43.1,159,0,No Failure,11.400000000000034,64219.0,0.26937500000000003
2,300.8,312.1,1527,35.1,164,0,No Failure,11.300000000000011,53597.700000000004,0.21272727272727274
0,300.8,312.1,1512,37.1,169,0,No Failure,11.300000000000011,56095.200000000004,0.21823529411764706
0,300.9,312.1,1474,42.4,171,0,No Failure,11.200000000000045,62497.6,0.24651162790697673
0,300.8,312.1,1505,41.3,173,0,No Failure,11.300000000000011,62156.49999999999,0.23735632183908045
0,300.8,312.0,1496,40.0,175,0,No Failure,11.199999999999989,59840.0,0.22727272727272727
0,300.8,312.0,1382,49.3,177,0,No Failure,11.199999999999989,68132.59999999999,0.2769662921348314
0,300.7,311.9,1419,47.7,179,0,No Failure,11.199999999999989,67686.3,0.265
0,300.7,311.9,1462,39.7,181,0,No Failure,11.199999999999989,58041.4,0.21813186813186813
1,300.8,312.0,1450,45.0,183,0,No Failure,11.199999999999989,65250.0,0.24456521739130435
2,300.7,311.9,1389,46.5,186,0,No Failure,11.199999999999989,64588.5,0.24866310160427807
1,300.7,311.9,1697,28.2,191,0,No Failure,11.199999999999989,47855.4,0.146875
0,300.7,311.9,1335,57.1,194,1,Overstrain Failure,11.199999999999989,76228.5,0.2928205128205128
0,300.7,311.9,1476,42.0,196,0,No Failure,11.199999999999989,61992.0,0.2131979695431472
0,300.6,311.7,1497,43.6,198,0,No Failure,11.099999999999966,65269.200000000004,0.2190954773869347
1,300.6,311.6,1669,29.2,200,0,No Failure,11.0,48734.799999999996,0.145273631840796
0,300.6,311.6,1455,48.0,203,0,No Failure,11.0,69840.0,0.23529411764705882
0,300.7,311.7,1499,38.4,205,0,No Failure,11.0,57561.6,0.18640776699029127
0,300.7,311.8,1478,41.9,207,0,No Failure,11.100000000000023,61928.2,0.2014423076923077
0,300.8,311.8,1928,21.8,209,0,No Failure,11.0,42030.4,0.10380952380952381
1,300.8,311.9,1621,28.3,211,0,No Failure,11.099999999999966,45874.3,0.13349056603773585
1,300.8,311.9,1356,44.3,214,0,No Failure,11.099999999999966,60070.799999999996,0.20604651162790696
0,300.8,311.7,1490,46.4,217,0,No Failure,10.899999999999977,69136.0,0.2128440366972477
0,300.8,311.7,1578,31.4,219,0,No Failure,10.899999999999977,49549.2,0.14272727272727273
0,300.8,311.7,1681,31.3,221,0,No Failure,10.899999999999977,52615.3,0.140990990990991
0,300.8,311.8,1417,43.4,223,0,No Failure,11.0,61497.799999999996,0.19375
1,300.7,311.7,1532,40.0,0,0,No Failure,11.0,61280.0,40.0
1,300.7,311.7,1499,38.9,3,0,No Failure,11.0,58311.1,9.725
0,300.8,311.7,1432,45.8,6,0,No Failure,10.899999999999977,65585.59999999999,6.542857142857143
0,300.8,311.7,1753,29.0,8,0,No Failure,10.899999999999977,50837.0,3.2222222222222223
0,300.8,311.7,1414,49.0,10,0,No Failure,10.899999999999977,69286.0,4.454545454545454
0,300.8,311.7,1655,32.2,12,0,No Failure,10.899999999999977,53291.00000000001,2.476923076923077
0,300.8,311.6,1516,35.6,14,0,No Failure,10.800000000000011,53969.6,2.3733333333333335
0,300.8,311.7,1426,45.5,16,0,No Failure,10.899999999999977,64883.0,2.676470588235294
0,300.8,311.7,1479,39.4,18,0,No Failure,10.899999999999977,58272.6,2.0736842105263156
1,300.7,311.5,1569,36.4,20,0,No Failure,10.800000000000011,57111.6,1.7333333333333332
0,300.8,311.6,1568,36.0,23,0,No Failure,10.800000000000011,56448.0,1.5
1,300.9,311.8,1843,24.5,25,0,No Failure,10.900000000000034,45153.5,0.9423076923076923
1,300.9,311.9,1480,40.9,28,0,No Failure,11.0,60532.0,1.410344827586207
0,301.0,312.0,1447,36.8,31,0,No Failure,11.0,53249.6,1.15
0,301.0,311.9,1454,41.9,33,0,No Failure,10.899999999999977,60922.6,1.2323529411764707
1,300.9,311.9,1310,56.1,35,0,No Failure,11.0,73491.0,1.5583333333333333
2,300.9,311.9,1513,38.0,38,0,No Failure,11.0,57494.0,0.9743589743589743
2,300.9,311.9,2140,16.5,43,0,No Failure,11.0,35310.0,0.375
0,301.0,312.1,1377,49.9,48,0,No Failure,11.100000000000023,68712.3,1.0183673469387755
0,301.0,312.1,1585,32.3,50,0,No Failure,11.100000000000023,51195.49999999999,0.6333333333333333
2,301.1,312.2,1491,42.6,52,0,No Failure,11.099999999999966,63516.6,0.8037735849056604
0,301.0,312.2,1264,59.0,57,0,No Failure,11.199999999999989,74576.0,1.0172413793103448
0,301.0,312.2,1372,47.0,59,0,No Failure,11.199999999999989,64484.0,0.7833333333333333
0,301.0,312.2,1510,39.9,61,0,No Failure,11.199999999999989,60249.0,0.6435483870967742
0,300.9,312.1,1423,40.2,63,0,No Failure,11.200000000000045,57204.600000000006,0.628125
0,301.1,312.3,1464,35.3,65,0,No Failure,11.199999999999989,51679.2,0.5348484848484848
0,301.0,312.2,1602,35.9,67,0,No Failure,11.199999999999989,57511.799999999996,0.5279411764705882
1,301.0,312.2,1629,32.6,69,0,No Failure,11.199999999999989,53105.4,0.46571428571428575
0,300.9,312.2,1811,23.2,72,0,No Failure,11.300000000000011,42015.2,0.31780821917808216
0,300.9,312.1,1711,28.8,74,0,No Failure,11.200000000000045,49276.8,0.384
1,300.9,312.1,1297,48.6,76,0,No Failure,11.200000000000045,63034.200000000004,0.6311688311688312
0,301.0,312.1,1405,46.1,79,0,No Failure,11.100000000000023,64770.5,0.57625
0,301.1,312.2,1397,54.9,81,0,No Failure,11.099999999999966,76695.3,0.6695121951219511
0,301.1,312.3,1682,29.7,83,0,No Failure,11.199999999999989,49955.4,0.35357142857142854
0,301.2,312.3,1528,38.4,85,0,No Failure,11.100000000000023,58675.2,0.44651162790697674
1,301.2,312.3,1548,38.3,87,0,No Failure,11.100000000000023,59288.399999999994,0.4352272727272727
2,301.2,312.4,1395,47.8,90,0,No Failure,11.199999999999989,66681.0,0.5252747252747253
0,301.2,312.4,1378,59.0,95,0,No Failure,11.199999999999989,81302.0,0.6145833333333334
0,301.2,312.4,1480,53.5,97,0,No Failure,11.199999999999989,79180.0,0.5459183673469388
1,301.2,312.4,1428,36.6,99,0,No Failure,11.199999999999989,52264.8,0.366
1,301.2,312.4,1505,39.6,102,0,No Failure,11.199999999999989,59598.0,0.38446601941747577
0,301.0,312.3,1445,36.4,105,0,No Failure,11.300000000000011,52598.0,0.3433962264150943
0,301.0,312.3,1488,42.6,107,0,No Failure,11.300000000000011,63388.8,0.39444444444444443
0,301.0,312.2,1601,33.0,109,0,No Failure,11.199999999999989,52833.0,0.3
0,301.0,312.3,1550,34.9,111,0,No Failure,11.300000000000011,54095.0,0.31160714285714286
0,301.0,312.2,1540,34.1,113,0,No Failure,11.199999999999989,52514.0,0.29912280701754385
0,301.1,312.3,1587,34.5,115,0,No Failure,11.199999999999989,54751.5,0.2974137931034483
2,301.0,312.2,1489,40.3,117,0,No Failure,11.199999999999989,60006.7,0.34152542372881356
0,301.1,312.3,1486,34.9,122,0,No Failure,11.199999999999989,51861.4,0.283739837398374
0,301.1,312.4,1430,37.9,124,0,No Failure,11.299999999999955,54197.0,0.30319999999999997
1,301.1,312.4,1809,25.1,126,0,No Failure,11.299999999999955,45405.9,0.19763779527559056
0,301.1,312.3,1534,39.0,129,0,No Failure,11.199999999999989,59826.0,0.3
1,301.1,312.3,1852,25.9,131,0,No Failure,11.199999999999989,47966.799999999996,0.1962121212121212
0,301.1,312.3,1595,31.9,134,0,No Failure,11.199999999999989,50880.5,0.23629629629629628
0,301.0,312.3,1424,43.5,136,0,No Failure,11.300000000000011,61944.0,0.3175182481751825
0,301.0,312.2,1776,28.8,138,0,No Failure,11.199999999999989,51148.8,0.20719424460431654
1,301.0,312.2,1499,41.5,140,0,No Failure,11.199999999999989,62208.5,0.29432624113475175
1,301.0,312.2,2710,9.7,143,1,Power Failure,11.199999999999989,26286.999999999996,0.06736111111111111
0,300.9,312.1,1359,51.7,146,0,No Failure,11.200000000000045,70260.3,0.3517006802721089
1,300.9,312.1,1617,31.0,148,0,No Failure,11.200000000000045,50127.0,0.2080536912751678
1,300.8,312.0,1443,53.3,151,0,No Failure,11.199999999999989,76911.9,0.3506578947368421
0,300.8,312.0,1374,50.2,154,0,No Failure,11.199999999999989,68974.8,0.3238709677419355
1,300.9,312.1,1851,23.0,156,0,No Failure,11.200000000000045,42573.0,0.1464968152866242
1,300.8,312.0,1274,67.3,159,0,No Failure,11.199999999999989,85740.2,0.42062499999999997
0,300.9,312.0,1533,44.0,162,0,No Failure,11.100000000000023,67452.0,0.26993865030674846
0,300.8,312.0,1477,37.3,164,0,No Failure,11.199999999999989,55092.1,0.22606060606060605
0,300.9,312.1,1462,46.0,166,0,No Failure,11.200000000000045,67252.0,0.2754491017964072
1,301.0,312.1,1664,28.4,168,0,No Failure,11.100000000000023,47257.6,0.1680473372781065
0,300.8,311.9,1414,41.1,171,0,No Failure,11.099999999999966,58115.4,0.23895348837209304
2,300.9,312.0,2129,17.8,173,0,No Failure,11.100000000000023,37896.200000000004,0.10229885057471265
0,300.8,311.8,1323,61.1,178,0,No Failure,11.0,80835.3,0.34134078212290503
0,300.8,311.8,1427,43.3,180,0,No Failure,11.0,61789.1,0.23922651933701655
1,300.9,312.0,1375,56.1,182,0,No Failure,11.100000000000023,77137.5,0.30655737704918035
1,300.9,312.0,1402,50.7,185,0,No Failure,11.100000000000023,71081.40000000001,0.2725806451612903
0,300.9,312.0,1500,44.2,188,0,No Failure,11.100000000000023,66300.0,0.23386243386243388
1,301.0,312.0,1558,37.5,190,0,No Failure,11.0,58425.0,0.19633507853403143
1,300.9,312.0,1447,41.4,193,0,No Failure,11.100000000000023,59905.799999999996,0.2134020618556701
0,301.0,312.0,1518,39.3,196,0,No Failure,11.0,59657.399999999994,0.199492385786802
0,301.0,311.9,1889,23.5,198,0,No Failure,10.899999999999977,44391.5,0.11809045226130653
0,301.0,312.1,1675,30.7,200,0,No Failure,11.100000000000023,51422.5,0.1527363184079602
2,300.9,312.0,1720,27.9,202,0,No Failure,11.100000000000023,47988.0,0.1374384236453202
1,301.0,312.0,1499,34.6,207,0,No Failure,11.0,51865.4,0.16634615384615387
0,300.9,312.0,1441,43.8,210,0,No Failure,11.100000000000023,63115.799999999996,0.20758293838862557
2,300.9,312.0,1397,42.7,212,0,No Failure,11.100000000000023,59651.9,0.20046948356807512
0,300.9,312.0,1493,38.7,217,0,No Failure,11.100000000000023,57779.100000000006,0.17752293577981654
1,300.8,312.0,1422,50.7,219,0,No Failure,11.199999999999989,72095.40000000001,0.23045454545454547
0,300.7,311.9,1399,50.2,222,1,Overstrain Failure,11.199999999999989,70229.8,0.2251121076233184
0,300.6,311.9,1425,44.9,224,0,No Failure,11.299999999999955,63982.5,0.19955555555555554
0,300.6,311.8,1501,44.8,226,0,No Failure,11.199999999999989,67244.8,0.19735682819383257
1,300.6,311.9,1629,35.3,0,0,No Failure,11.299999999999955,57503.7,35.3
0,300.6,312.0,1490,42.2,3,0,No Failure,11.399999999999977,62878.00000000001,10.55
0,300.7,312.0,1550,32.4,5,0,No Failure,11.300000000000011,50220.0,5.3999999999999995
0,300.8,312.0,1416,46.5,7,0,No Failure,11.199999999999989,65844.0,5.8125
0,300.7,311.9,1485,38.8,9,0,No Failure,11.199999999999989,57617.99999999999,3.88
0,300.7,311.8,1564,36.8,11,0,No Failure,11.100000000000023,57555.2,3.0666666666666664
0,300.7,311.7,1910,19.7,13,0,No Failure,11.0,37627.0,1.407142857142857
0,300.7,311.7,1460,46.1,15,0,No Failure,11.0,67306.0,2.88125
0,300.7,311.8,1603,34.1,17,0,No Failure,11.100000000000023,54662.3,1.8944444444444446
0,300.7,311.8,1486,47.3,19,0,No Failure,11.100000000000023,70287.8,2.3649999999999998
0,300.8,311.9,1560,31.8,21,0,No Failure,11.099999999999966,49608.0,1.4454545454545455
0,300.8,311.9,1498,39.3,23,0,No Failure,11.099999999999966,58871.399999999994,1.6375
2,300.8,311.9,1431,48.5,25,0,No Failure,11.099999999999966,69403.5,1.8653846153846154
0,300.8,311.9,1486,45.1,30,0,No Failure,11.099999999999966,67018.6,1.4548387096774194
0,300.7,311.9,1486,35.8,32,0,No Failure,11.199999999999989,53198.799999999996,1.0848484848484847
0,300.7,311.8,1441,38.1,34,0,No Failure,11.100000000000023,54902.1,1.0885714285714285
1,300.7,311.9,1366,55.1,36,0,No Failure,11.199999999999989,75266.6,1.4891891891891893
0,300.6,311.8,1471,41.4,39,0,No Failure,11.199999999999989,60899.4,1.035
0,300.6,311.9,1463,38.2,41,0,No Failure,11.299999999999955,55886.600000000006,0.9095238095238096
0,300.6,311.9,1413,41.3,43,0,No Failure,11.299999999999955,58356.899999999994,0.9386363636363636
2,300.6,311.9,1604,30.5,45,0,No Failure,11.299999999999955,48922.0,0.6630434782608695
0,300.7,312.0,1401,51.1,50,0,No Failure,11.300000000000011,71591.1,1.0019607843137255
0,300.6,311.8,1652,27.2,52,0,No Failure,11.199999999999989,44934.4,0.5132075471698113
0,300.5,311.9,1403,45.7,54,0,No Failure,11.399999999999977,64117.100000000006,0.8309090909090909
0,300.5,311.9,1887,21.7,56,0,No Failure,11.399999999999977,40947.9,0.3807017543859649
0,300.4,311.8,1405,47.9,58,0,No Failure,11.400000000000034,67299.5,0.811864406779661
2,300.2,311.6,1496,41.1,60,0,No Failure,11.400000000000034,61485.6,0.6737704918032787
0,300.1,311.5,1499,43.4,65,0,No Failure,11.399999999999977,65056.6,0.6575757575757576
0,300.2,311.5,1549,37.2,67,0,No Failure,11.300000000000011,57622.8,0.5470588235294118
0,300.3,311.6,1515,44.9,69,0,No Failure,11.300000000000011,68023.5,0.6414285714285715
0,300.2,311.6,1540,37.7,71,0,No Failure,11.400000000000034,58058.00000000001,0.5236111111111111
2,300.2,311.5,1426,44.3,73,0,No Failure,11.300000000000011,63171.799999999996,0.5986486486486486
1,300.2,311.6,1465,41.4,78,0,No Failure,11.400000000000034,60651.0,0.5240506329113924
1,300.3,311.6,1359,54.1,81,0,No Failure,11.300000000000011,73521.90000000001,0.6597560975609756
1,300.3,311.7,1551,36.4,84,0,No Failure,11.399999999999977,56456.399999999994,0.42823529411764705
0,300.5,311.8,1596,34.8,87,0,No Failure,11.300000000000011,55540.799999999996,0.39545454545454545
1,300.5,311.9,1670,26.3,89,0,No Failure,11.399999999999977,43921.0,0.2922222222222222
0,300.4,311.9,1868,21.3,92,0,No Failure,11.5,39788.4,0.22903225806451613
1,300.6,312.0,1490,39.8,94,0,No Failure,11.399999999999977,59301.99999999999,0.4189473684210526
1,300.5,311.9,1676,35.2,97,0,No Failure,11.399999999999977,58995.200000000004,0.3591836734693878
1,300.5,311.9,1875,22.1,100,0,No Failure,11.399999999999977,41437.5,0.21881188118811884
1,300.5,312.0,1867,23.0,103,0,No Failure,11.5,42941.0,0.22115384615384615
0,300.5,312.0,1646,29.5,106,0,No Failure,11.5,48557.0,0.2757009345794392
2,300.5,312.0,1375,43.2,108,0,No Failure,11.5,59400.00000000001,0.3963302752293578
0,300.5,312.0,1558,36.7,113,0,No Failure,11.5,57178.600000000006,0.3219298245614035
0,300.4,312.0,1631,34.9,115,0,No Failure,11.600000000000023,56921.899999999994,0.3008620689655172
0,300.4,312.0,1366,43.0,117,0,No Failure,11.600000000000023,58738.0,0.3644067796610169
0,300.3,311.8,1360,48.0,119,0,No Failure,11.5,65280.0,0.4
0,300.3,311.8,1547,39.7,121,0,No Failure,11.5,61415.9,0.3254098360655738
0,300.3,311.7,1571,31.2,123,0,No Failure,11.399999999999977,49015.2,0.25161290322580643
0,300.2,311.5,1528,36.1,125,0,No Failure,11.300000000000011,55160.8,0.28650793650793654
2,300.2,311.5,1432,43.6,127,0,No Failure,11.300000000000011,62435.200000000004,0.340625
0,300.2,311.6,1356,53.5,132,0,No Failure,11.400000000000034,72546.0,0.40225563909774437
2,300.1,311.5,1422,46.2,134,0,No Failure,11.399999999999977,65696.40000000001,0.34222222222222226
0,300.1,311.4,1438,42.2,139,0,No Failure,11.299999999999955,60683.600000000006,0.30142857142857143
0,300.2,311.4,1483,44.4,141,0,No Failure,11.199999999999989,65845.2,0.31267605633802814
0,300.2,311.4,1331,49.8,143,0,No Failure,11.199999999999989,66283.8,0.3458333333333333
0,300.2,311.4,1463,37.5,145,0,No Failure,11.199999999999989,54862.5,0.2568493150684932
0,300.1,311.4,1446,40.6,147,0,No Failure,11.299999999999955,58707.6,0.27432432432432435
0,300.1,311.4,1356,45.7,149,0,No Failure,11.299999999999955,61969.200000000004,0.3046666666666667
0,300.1,311.3,1676,30.3,151,0,No Failure,11.199999999999989,50782.8,0.1993421052631579
0,300.1,311.4,1910,23.0,153,0,No Failure,11.299999999999955,43930.0,0.14935064935064934
0,300.2,311.6,1375,56.9,155,0,No Failure,11.400000000000034,78237.5,0.3647435897435897
1,300.2,311.6,1513,40.8,157,0,No Failure,11.400000000000034,61730.399999999994,0.2582278481012658
0,300.2,311.6,1511,35.7,160,0,No Failure,11.400000000000034,53942.700000000004,0.22173913043478263
2,300.2,311.6,1662,28.8,162,0,No Failure,11.400000000000034,47865.6,0.17668711656441718
0,300.2,311.7,1493,48.3,167,0,No Failure,11.5,72111.9,0.2875
1,300.2,311.7,1555,37.4,169,0,No Failure,11.5,58157.0,0.22
0,300.3,311.7,1452,41.5,172,0,No Failure,11.399999999999977,60258.0,0.2398843930635838
0,300.2,311.6,1500,39.0,174,0,No Failure,11.400000000000034,58500.0,0.22285714285714286
0,300.2,311.7,1603,30.5,176,0,No Failure,11.5,48891.5,0.17231638418079095
0,300.3,311.7,1682,27.8,178,0,No Failure,11.399999999999977,46759.6,0.1553072625698324
0,300.3,311.8,1567,37.7,180,0,No Failure,11.5,59075.9,0.20828729281767958
0,300.3,311.8,1413,46.0,182,0,No Failure,11.5,64998.0,0.25136612021857924
1,300.3,311.9,1429,41.6,184,0,No Failure,11.599999999999966,59446.4,0.22486486486486487
0,300.3,311.9,1692,31.5,187,0,No Failure,11.599999999999966,53298.0,0.1675531914893617
0,300.4,311.9,1476,48.7,189,0,No Failure,11.5,71881.2,0.2563157894736842
1,300.4,312.0,1596,30.4,191,0,No Failure,11.600000000000023,48518.399999999994,0.15833333333333333
2,300.3,311.9,1390,49.0,194,0,No Failure,11.599999999999966,68110.0,0.2512820512820513
1,300.3,311.8,1607,33.7,199,0,No Failure,11.5,54155.9,0.1685
0,300.3,311.7,1821,26.3,202,0,No Failure,11.399999999999977,47892.3,0.12955665024630542
2,300.3,311.8,2141,18.5,204,0,No Failure,11.5,39608.5,0.09024390243902439
1,300.4,311.8,1553,33.1,209,1,Tool Wear Failure,11.400000000000034,51404.3,0.15761904761904763
1,300.4,311.8,1442,45.1,0,0,No Failure,11.400000000000034,65034.200000000004,45.1
0,300.4,311.7,1459,45.6,3,0,No Failure,11.300000000000011,66530.40000000001,11.4
2,300.4,311.8,2496,13.5,5,0,No Failure,11.400000000000034,33696.0,2.25
0,300.4,311.8,1367,57.2,10,0,No Failure,11.400000000000034,78192.40000000001,5.2
0,300.3,311.8,2004,19.6,12,0,No Failure,11.5,39278.4,1.5076923076923079
0,300.3,311.7,1406,47.5,14,0,No Failure,11.399999999999977,66785.0,3.1666666666666665
0,300.3,311.8,1548,33.0,16,0,No Failure,11.5,51084.0,1.9411764705882353
0,300.3,311.7,1333,55.2,18,0,No Failure,11.399999999999977,73581.6,2.905263157894737
0,300.2,311.6,1767,26.4,20,0,No Failure,11.400000000000034,46648.799999999996,1.2571428571428571
0,300.2,311.6,1827,27.0,22,0,No Failure,11.400000000000034,49329.0,1.173913043478261
1,300.2,311.6,1533,46.4,24,0,No Failure,11.400000000000034,71131.2,1.8559999999999999
2,300.2,311.5,1515,36.8,27,0,No Failure,11.300000000000011,55751.99999999999,1.3142857142857143
0,300.2,311.4,1568,41.0,32,0,No Failure,11.199999999999989,64288.0,1.2424242424242424
0,300.2,311.4,1452,47.8,34,0,No Failure,11.199999999999989,69405.59999999999,1.3657142857142857
0,300.2,311.4,1433,37.9,36,0,No Failure,11.199999999999989,54310.7,1.0243243243243243
1,300.1,311.3,1650,33.8,38,0,No Failure,11.199999999999989,55769.99999999999,0.8666666666666666
0,300.1,311.4,1629,31.3,41,0,No Failure,11.299999999999955,50987.700000000004,0.7452380952380953
0,300.0,311.3,1520,39.2,43,0,No Failure,11.300000000000011,59584.00000000001,0.890909090909091
2,300.0,311.2,1393,43.1,45,0,No Failure,11.199999999999989,60038.3,0.9369565217391305
2,299.9,311.2,1364,49.6,50,0,No Failure,11.300000000000011,67654.40000000001,0.9725490196078431
1,299.9,311.3,1389,50.0,55,0,No Failure,11.400000000000034,69450.0,0.8928571428571429
0,299.8,311.1,1466,46.1,58,0,No Failure,11.300000000000011,67582.6,0.7813559322033898
0,299.7,311.1,1650,32.4,60,0,No Failure,11.400000000000034,53460.0,0.5311475409836065
0,299.6,311.0,1554,36.3,62,0,No Failure,11.399999999999977,56410.2,0.5761904761904761
1,299.6,310.9,1474,39.7,64,0,No Failure,11.299999999999955,58517.8,0.6107692307692308
2,299.5,310.8,1600,32.4,67,0,No Failure,11.300000000000011,51840.0,0.4764705882352941
0,299.5,310.8,1356,54.9,72,0,No Failure,11.300000000000011,74444.4,0.7520547945205479
0,299.5,310.8,1571,38.2,74,0,No Failure,11.300000000000011,60012.200000000004,0.5093333333333334
0,299.6,310.9,1658,28.0,76,0,No Failure,11.299999999999955,46424.0,0.36363636363636365
0,299.6,310.8,1393,49.9,78,0,No Failure,11.199999999999989,69510.7,0.6316455696202532
1,299.7,311.0,1448,49.8,80,0,No Failure,11.300000000000011,72110.4,0.6148148148148148
0,299.7,310.9,1477,40.4,83,0,No Failure,11.199999999999989,59670.799999999996,0.4809523809523809
1,299.7,311.0,1506,42.7,85,0,No Failure,11.300000000000011,64306.200000000004,0.4965116279069768
1,299.7,310.9,1685,32.1,88,0,No Failure,11.199999999999989,54088.5,0.3606741573033708
0,299.6,310.9,1533,31.8,91,0,No Failure,11.299999999999955,48749.4,0.3456521739130435
0,299.5,310.8,1447,41.0,93,0,No Failure,11.300000000000011,59327.0,0.43617021276595747
1,299.5,310.7,1488,39.5,95,0,No Failure,11.199999999999989,58776.0,0.4114583333333333
1,299.6,310.8,1427,50.4,98,0,No Failure,11.199999999999989,71920.8,0.509090909090909
1,299.5,310.7,1424,41.3,101,0,No Failure,11.199999999999989,58811.2,0.4049019607843137
0,299.5,310.7,1472,40.9,104,0,No Failure,11.199999999999989,60204.799999999996,0.3895238095238095
0,299.5,310.7,1438,45.7,106,0,No Failure,11.199999999999989,65716.6,0.42710280373831777
0,299.6,310.8,1507,42.4,108,0,No Failure,11.199999999999989,63896.799999999996,0.38899082568807336
0,299.6,310.7,1393,52.1,110,0,No Failure,11.099999999999966,72575.3,0.4693693693693694
0,299.5,310.8,1283,52.4,112,0,No Failure,11.300000000000011,67229.2,0.463716814159292
0,299.6,310.8,1644,30.9,114,0,No Failure,11.199999999999989,50799.6,0.26869565217391306
0,299.6,310.8,1498,46.9,116,0,No Failure,11.199999999999989,70256.2,0.4008547008547008
0,299.6,310.8,1400,40.8,118,0,No Failure,11.199999999999989,57119.99999999999,0.34285714285714286
2,299.6,310.9,1679,31.2,120,0,No Failure,11.299999999999955,52384.799999999996,0.2578512396694215
1,299.7,311.1,1618,30.3,125,0,No Failure,11.400000000000034,49025.4,0.24047619047619048
2,299.6,311.0,1714,30.2,128,0,No Failure,11.399999999999977,51762.799999999996,0.23410852713178293
0,299.6,311.0,1574,35.0,133,0,No Failure,11.399999999999977,55090.0,0.26119402985074625
0,299.7,311.1,1574,36.4,135,0,No Failure,11.400000000000034,57293.6,0.2676470588235294
0,299.6,310.9,1472,40.9,137,0,No Failure,11.299999999999955,60204.799999999996,0.29637681159420287
0,299.6,311.0,1552,33.2,139,0,No Failure,11.399999999999977,51526.4,0.23714285714285716
0,299.7,311.1,1603,31.4,141,0,No Failure,11.400000000000034,50334.2,0.22112676056338026
2,299.7,311.1,1353,47.1,143,0,No Failure,11.400000000000034,63726.3,0.32708333333333334
0,299.7,311.1,1690,30.6,148,0,No Failure,11.400000000000034,51714.0,0.20536912751677852
1,299.8,311.2,1745,26.3,150,0,No Failure,11.399999999999977,45893.5,0.1741721854304636
0,299.9,311.3,1522,45.7,153,0,No Failure,11.400000000000034,69555.40000000001,0.29675324675324677
2,300.0,311.4,1641,34.5,155,0,No Failure,11.399999999999977,56614.5,0.22115384615384615
0,299.9,311.4,1596,28.9,160,0,No Failure,11.5,46124.399999999994,0.1795031055900621
2,299.9,311.4,1497,37.0,162,0,No Failure,11.5,55389.0,0.22699386503067484
0,299.9,311.3,1371,52.3,167,0,No Failure,11.400000000000034,71703.3,0.3113095238095238
1,299.9,311.3,1445,41.2,169,0,No Failure,11.400000000000034,59534.00000000001,0.2423529411764706
0,299.8,311.2,1564,40.0,172,0,No Failure,11.399999999999977,62560.0,0.23121387283236994
0,299.7,311.1,1439,44.9,174,0,No Failure,11.400000000000034,64611.1,0.25657142857142856
0,299.7,311.2,1352,52.1,176,0,No Failure,11.5,70439.2,0.2943502824858757
0,299.8,311.3,1560,35.4,178,0,No Failure,11.5,55224.0,0.1977653631284916
1,299.7,311.2,1616,42.3,180,0,No Failure,11.5,68356.79999999999,0.23370165745856353
0,299.7,311.2,1835,23.7,183,0,No Failure,11.5,43489.5,0.12880434782608696
1,299.7,311.1,1649,32.7,185,0,No Failure,11.400000000000034,53922.3,0.17580645161290323
0,299.8,311.1,1452,47.3,188,0,No Failure,11.300000000000011,68679.59999999999,0.25026455026455025
0,299.8,311.1,2144,17.7,190,0,No Failure,11.300000000000011,37948.799999999996,0.09267015706806282
0,299.7,311.1,1554,41.0,192,0,No Failure,11.400000000000034,63714.0,0.21243523316062177
0,299.7,311.0,1827,25.4,194,0,No Failure,11.300000000000011,46405.799999999996,0.13025641025641024
0,299.6,310.9,1448,46.3,196,0,No Failure,11.299999999999955,67042.4,0.23502538071065987
1,299.6,310.9,1530,38.8,198,0,No Failure,11.299999999999955,59363.99999999999,0.19497487437185929
0,299.7,311.0,1983,21.0,201,0,No Failure,11.300000000000011,41643.0,0.10396039603960396
1,299.7,310.9,1620,37.2,203,0,No Failure,11.199999999999989,60264.00000000001,0.1823529411764706
1,299.6,310.9,1630,29.8,206,0,No Failure,11.299999999999955,48574.0,0.14396135265700483
0,299.6,310.9,1229,65.2,209,1,Overstrain Failure,11.299999999999955,80130.8,0.3104761904761905
0,299.5,310.8,1873,22.3,211,0,No Failure,11.300000000000011,41767.9,0.10518867924528302
0,299.4,310.7,1426,45.7,213,0,No Failure,11.300000000000011,65168.200000000004,0.21355140186915889
0,299.4,310.8,1376,53.9,215,1,Overstrain Failure,11.400000000000034,74166.4,0.24953703703703703
0,299.4,310.8,1622,33.6,217,0,No Failure,11.400000000000034,54499.200000000004,0.15412844036697249
1,299.4,310.7,1492,45.7,219,0,No Failure,11.300000000000011,68184.40000000001,0.20772727272727273
1,299.3,310.7,1374,48.9,222,0,No Failure,11.399999999999977,67188.59999999999,0.21928251121076234
0,299.2,310.7,1737,27.0,225,1,Tool Wear Failure,11.5,46899.0,0.11946902654867257
0,299.3,310.8,1426,42.4,0,0,No Failure,11.5,60462.4,42.4
1,299.3,310.9,1826,25.1,2,0,No Failure,11.599999999999966,45832.600000000006,8.366666666666667
0,299.3,310.9,1669,32.4,5,0,No Failure,11.599999999999966,54075.6,5.3999999999999995
1,299.4,310.9,1473,40.1,7,0,No Failure,11.5,59067.3,5.0125
0,299.4,310.9,1751,27.8,10,0,No Failure,11.5,48677.8,2.5272727272727273
1,299.4,310.9,1446,47.3,12,0,No Failure,11.5,68395.8,3.6384615384615384
0,299.3,310.8,1483,43.5,15,0,No Failure,11.5,64510.5,2.71875
0,299.2,310.7,1535,42.6,17,0,No Failure,11.5,65391.0,2.3666666666666667
0,299.2,310.7,1477,44.0,19,0,No Failure,11.5,64988.0,2.2
0,299.3,310.8,1391,46.9,21,0,No Failure,11.5,65237.9,2.131818181818182
2,299.2,310.7,1636,29.4,23,0,No Failure,11.5,48098.399999999994,1.2249999999999999
0,299.2,310.6,1675,33.3,28,0,No Failure,11.400000000000034,55777.49999999999,1.1482758620689655
2,299.2,310.5,1329,48.9,30,0,No Failure,11.300000000000011,64988.1,1.5774193548387097
1,299.2,310.5,1548,33.5,35,0,No Failure,11.300000000000011,51858.0,0.9305555555555556
0,299.2,310.5,1391,45.8,38,0,No Failure,11.300000000000011,63707.799999999996,1.1743589743589742
0,299.1,310.5,1437,43.1,40,0,No Failure,11.399999999999977,61934.700000000004,1.051219512195122
0,299.2,310.6,1370,61.9,42,0,No Failure,11.400000000000034,84803.0,1.4395348837209303
0,299.1,310.6,1577,37.1,44,0,No Failure,11.5,58506.700000000004,0.8244444444444444
0,299.1,310.5,1485,37.8,46,0,No Failure,11.399999999999977,56132.99999999999,0.8042553191489361
0,299.0,310.4,1504,34.3,48,0,No Failure,11.399999999999977,51587.2,0.7
1,298.9,310.3,1551,35.2,50,0,No Failure,11.400000000000034,54595.200000000004,0.6901960784313727
1,299.1,310.5,1428,43.0,53,0,No Failure,11.399999999999977,61404.0,0.7962962962962963
0,299.0,310.5,1755,27.9,56,0,No Failure,11.5,48964.5,0.4894736842105263
0,299.1,310.5,1329,54.9,58,0,No Failure,11.399999999999977,72962.09999999999,0.9305084745762712
0,299.1,310.5,1496,35.2,60,0,No Failure,11.399999999999977,52659.200000000004,0.5770491803278689
0,299.1,310.5,1532,36.6,62,0,No Failure,11.399999999999977,56071.200000000004,0.580952380952381
0,299.1,310.5,1389,61.4,64,0,No Failure,11.399999999999977,85284.59999999999,0.9446153846153846
1,299.1,310.4,1524,51.4,66,0,No Failure,11.299999999999955,78333.59999999999,0.7671641791044775
1,299.1,310.4,1422,49.3,69,0,No Failure,11.299999999999955,70104.59999999999,0.7042857142857143
0,299.1,310.5,1739,27.4,72,0,No Failure,11.399999999999977,47648.6,0.3753424657534246
0,299.1,310.5,1736,26.9,74,0,No Failure,11.399999999999977,46698.399999999994,0.35866666666666663
0,299.1,310.5,1419,48.8,76,0,No Failure,11.399999999999977,69247.2,0.6337662337662338
0,299.1,310.6,1326,49.7,78,0,No Failure,11.5,65902.2,0.6291139240506329
1,299.1,310.6,1449,43.2,80,0,No Failure,11.5,62596.8,0.5333333333333333
0,299.2,310.6,1534,39.7,83,0,No Failure,11.400000000000034,60899.8,0.47261904761904766
1,299.2,310.6,1443,50.9,85,0,No Failure,11.400000000000034,73448.7,0.5918604651162791
0,299.2,310.6,1498,41.1,88,0,No Failure,11.400000000000034,61567.8,0.46179775280898877
0,299.1,310.6,1796,26.0,90,0,No Failure,11.5,46696.0,0.2857142857142857
0,299.1,310.4,1519,45.3,92,0,No Failure,11.299999999999955,68810.7,0.48709677419354835
0,299.0,310.4,1339,49.6,94,0,No Failure,11.399999999999977,66414.40000000001,0.5221052631578947
0,299.0,310.4,1483,41.5,96,0,No Failure,11.399999999999977,61544.5,0.42783505154639173
1,298.9,310.2,2099,20.0,98,0,No Failure,11.300000000000011,41980.0,0.20202020202020202
1,299.0,310.3,1689,29.7,101,0,No Failure,11.300000000000011,50163.299999999996,0.2911764705882353
2,299.1,310.4,1369,54.5,104,0,No Failure,11.299999999999955,74610.5,0.5190476190476191
0,299.0,310.4,1512,38.8,109,0,No Failure,11.399999999999977,58665.6,0.3527272727272727
1,299.0,310.3,1303,68.6,111,1,Power Failure,11.300000000000011,89385.79999999999,0.6124999999999999
0,299.0,310.3,1552,39.9,114,0,No Failure,11.300000000000011,61924.799999999996,0.34695652173913044
0,299.0,310.4,1713,28.0,116,0,No Failure,11.399999999999977,47964.0,0.23931623931623933
0,298.9,310.3,1456,44.1,118,0,No Failure,11.400000000000034,64209.6,0.37058823529411766
0,299.0,310.4,1524,39.8,120,0,No Failure,11.399999999999977,60655.2,0.32892561983471075
1,299.0,310.4,1394,45.2,122,0,No Failure,11.399999999999977,63008.8,0.367479674796748
0,299.0,310.4,1981,21.2,125,0,No Failure,11.399999999999977,41997.2,0.16825396825396824
0,299.0,310.4,1565,36.1,127,0,No Failure,11.399999999999977,56496.5,0.28203125
0,299.1,310.4,1657,31.0,129,0,No Failure,11.299999999999955,51367.0,0.23846153846153847
1,299.0,310.4,1625,37.1,131,0,No Failure,11.399999999999977,60287.5,0.28106060606060607
0,299.0,310.4,1606,31.1,134,0,No Failure,11.399999999999977,49946.600000000006,0.2303703703703704
2,299.0,310.5,1336,56.8,136,0,No Failure,11.5,75884.8,0.4145985401459854
1,299.0,310.6,1587,34.2,141,0,No Failure,11.600000000000023,54275.4,0.24084507042253522
0,299.1,310.6,1602,39.7,144,0,No Failure,11.5,63599.4,0.2737931034482759
0,299.1,310.5,1471,38.4,146,0,No Failure,11.399999999999977,56486.4,0.26122448979591834
2,299.1,310.6,1332,48.0,148,0,No Failure,11.5,63936.0,0.3221476510067114
2,299.2,310.6,1434,48.4,153,0,No Failure,11.400000000000034,69405.59999999999,0.3142857142857143
0,299.1,310.6,1921,23.9,158,0,No Failure,11.5,45911.899999999994,0.15031446540880503
2,299.2,310.6,1704,30.6,160,0,No Failure,11.400000000000034,52142.4,0.19006211180124225
1,299.1,310.6,1397,49.5,165,0,No Failure,11.5,69151.5,0.29819277108433734
2,299.1,310.6,1791,28.0,168,0,No Failure,11.5,50148.0,0.16568047337278108
0,299.1,310.6,1818,24.1,173,0,No Failure,11.5,43813.8,0.1385057471264368
0,299.2,310.7,1540,36.3,175,0,No Failure,11.5,55901.99999999999,0.20625
1,299.2,310.8,1502,39.8,177,0,No Failure,11.600000000000023,59779.6,0.2235955056179775
2,299.2,310.8,1761,30.4,180,0,No Failure,11.600000000000023,53534.399999999994,0.16795580110497238
1,299.1,310.8,1517,38.4,185,0,No Failure,11.699999999999989,58252.799999999996,0.2064516129032258
0,299.1,310.7,1309,51.1,188,0,No Failure,11.599999999999966,66889.90000000001,0.27037037037037037
0,298.9,310.6,1363,52.6,190,0,No Failure,11.700000000000045,71693.8,0.2753926701570681
1,299.0,310.6,1787,22.2,192,0,No Failure,11.600000000000023,39671.4,0.11502590673575129
0,298.9,310.5,1640,29.2,195,0,No Failure,11.600000000000023,47888.0,0.1489795918367347
1,298.9,310.6,1720,25.3,197,0,No Failure,11.700000000000045,43516.0,0.12777777777777777
0,298.8,310.5,1384,52.8,200,0,No Failure,11.699999999999989,73075.2,0.2626865671641791
2,298.8,310.5,1294,55.8,202,0,No Failure,11.699999999999989,72205.2,0.2748768472906404
0,298.8,310.5,1464,46.4,207,0,No Failure,11.699999999999989,67929.59999999999,0.22307692307692306
0,298.8,310.6,1803,25.4,209,0,No Failure,11.800000000000011,45796.2,0.12095238095238095
0,298.8,310.6,1602,39.1,211,0,No Failure,11.800000000000011,62638.200000000004,0.18443396226415096
2,298.9,310.6,1519,38.8,213,0,No Failure,11.700000000000045,58937.2,0.18130841121495325
1,298.9,310.7,1638,33.6,218,0,No Failure,11.800000000000011,55036.8,0.15342465753424658
2,298.9,310.6,1615,33.0,221,0,No Failure,11.700000000000045,53295.0,0.14864864864864866
0,298.8,310.6,1651,33.3,0,0,No Failure,11.800000000000011,54978.299999999996,33.3
0,298.9,310.6,1387,52.7,2,0,No Failure,11.700000000000045,73094.90000000001,17.566666666666666
1,298.8,310.5,1678,32.8,4,0,No Failure,11.699999999999989,55038.399999999994,6.56
0,298.9,310.6,1585,38.1,7,0,No Failure,11.700000000000045,60388.5,4.7625
1,298.8,310.6,1640,33.8,9,0,No Failure,11.800000000000011,55431.99999999999,3.38
0,298.9,310.6,1406,43.8,12,0,No Failure,11.700000000000045,61582.799999999996,3.369230769230769
1,298.9,310.6,1679,35.8,14,0,No Failure,11.700000000000045,60108.2,2.3866666666666663
0,298.9,310.5,1717,26.9,17,0,No Failure,11.600000000000023,46187.299999999996,1.4944444444444445
2,298.9,310.5,1429,39.9,19,0,No Failure,11.600000000000023,57017.1,1.9949999999999999
1,298.9,310.4,1533,44.4,24,0,No Failure,11.5,68065.2,1.776
1,298.9,310.5,1525,38.5,27,0,No Failure,11.600000000000023,58712.5,1.375
0,298.9,310.4,1739,26.3,30,0,No Failure,11.5,45735.700000000004,0.8483870967741935
0,298.9,310.3,1436,39.0,32,0,No Failure,11.400000000000034,56004.0,1.1818181818181819
1,298.8,310.2,1595,33.1,34,0,No Failure,11.399999999999977,52794.5,0.9457142857142857
2,298.7,310.1,1435,45.6,37,0,No Failure,11.400000000000034,65436.0,1.2
0,298.7,310.0,1637,31.8,42,0,No Failure,11.300000000000011,52056.6,0.7395348837209302
0,298.7,310.1,1558,37.6,44,0,No Failure,11.400000000000034,58580.8,0.8355555555555556
1,298.7,310.1,1644,34.1,46,0,No Failure,11.400000000000034,56060.4,0.725531914893617
0,298.7,310.1,1641,31.1,49,0,No Failure,11.400000000000034,51035.100000000006,0.622
0,298.8,310.2,1504,41.0,51,0,No Failure,11.399999999999977,61664.0,0.7884615384615384
1,298.7,310.1,1506,50.7,53,0,No Failure,11.400000000000034,76354.2,0.938888888888889
2,298.8,310.1,1380,44.0,56,0,No Failure,11.300000000000011,60720.0,0.7719298245614035
1,298.7,310.1,1549,42.5,61,0,No Failure,11.400000000000034,65832.5,0.6854838709677419
1,298.7,310.1,1402,69.7,64,1,Power Failure,11.400000000000034,97719.40000000001,1.0723076923076924
0,298.7,310.1,1401,45.3,67,0,No Failure,11.400000000000034,63465.299999999996,0.6661764705882353
1,298.7,310.0,1459,40.2,69,0,No Failure,11.300000000000011,58651.8,0.5742857142857143
0,298.7,309.9,1465,39.7,72,0,No Failure,11.199999999999989,58160.50000000001,0.5438356164383562
1,298.8,310.0,1295,52.7,74,0,No Failure,11.199999999999989,68246.5,0.7026666666666667
1,298.8,310.0,1529,38.5,77,0,No Failure,11.199999999999989,58866.5,0.4935897435897436
1,298.8,310.0,1484,44.9,80,0,No Failure,11.199999999999989,66631.59999999999,0.5543209876543209
0,298.8,309.9,1739,30.6,83,0,No Failure,11.099999999999966,53213.4,0.3642857142857143
2,298.7,309.8,1422,40.7,85,0,No Failure,11.100000000000023,57875.4,0.4732558139534884
0,298.8,309.8,1463,40.0,90,0,No Failure,11.0,58520.0,0.43956043956043955
0,298.7,309.7,1667,30.4,92,0,No Failure,11.0,50676.799999999996,0.3268817204301075
2,298.7,309.7,1565,39.3,94,0,No Failure,11.0,61504.49999999999,0.41368421052631577
0,298.7,309.7,1393,45.7,99,0,No Failure,11.0,63660.100000000006,0.457
1,298.8,309.7,1453,47.7,101,0,No Failure,10.899999999999977,69308.1,0.4676470588235294
0,298.8,309.6,1442,50.0,104,0,No Failure,10.800000000000011,72100.0,0.47619047619047616
0,298.7,309.6,1364,44.9,106,0,No Failure,10.900000000000034,61243.6,0.41962616822429905
2,298.7,309.5,1453,40.4,108,0,No Failure,10.800000000000011,58701.2,0.37064220183486235
1,298.7,309.5,1394,46.0,113,0,No Failure,10.800000000000011,64124.0,0.40350877192982454
1,298.7,309.5,1500,38.8,116,0,No Failure,10.800000000000011,58199.99999999999,0.3316239316239316
2,298.6,309.5,1523,34.2,119,0,No Failure,10.899999999999977,52086.600000000006,0.28500000000000003
1,298.7,309.6,1254,57.1,124,0,No Failure,10.900000000000034,71603.40000000001,0.4568
0,298.6,309.5,1325,52.2,127,0,No Failure,10.899999999999977,69165.0,0.4078125
0,298.8,309.7,1424,49.6,129,0,No Failure,10.899999999999977,70630.40000000001,0.38153846153846155
0,298.8,309.7,1505,39.0,131,0,No Failure,10.899999999999977,58695.0,0.29545454545454547
1,298.8,309.7,1392,48.7,133,0,No Failure,10.899999999999977,67790.40000000001,0.36343283582089553
0,298.8,309.7,1529,44.0,136,0,No Failure,10.899999999999977,67276.0,0.32116788321167883
1,298.8,309.7,1477,48.5,138,0,No Failure,10.899999999999977,71634.5,0.3489208633093525
1,298.8,309.7,1459,47.3,141,0,No Failure,10.899999999999977,69010.7,0.3330985915492958
1,299.0,309.8,2240,15.9,144,0,No Failure,10.800000000000011,35616.0,0.1096551724137931
0,298.9,309.7,1449,48.8,147,0,No Failure,10.800000000000011,70711.2,0.3297297297297297
1,298.8,309.7,1589,35.3,149,0,No Failure,10.899999999999977,56091.7,0.2353333333333333
0,298.8,309.7,1740,28.5,152,0,No Failure,10.899999999999977,49590.0,0.18627450980392157
1,298.8,309.7,1499,40.3,154,0,No Failure,10.899999999999977,60409.7,0.26
1,298.8,309.7,1480,38.1,157,0,No Failure,10.899999999999977,56388.0,0.24113924050632912
0,298.8,309.7,1751,29.6,160,0,No Failure,10.899999999999977,51829.600000000006,0.18385093167701863
0,298.7,309.7,1510,40.6,162,0,No Failure,11.0,61306.0,0.249079754601227
2,298.8,309.8,1437,48.2,164,0,No Failure,11.0,69263.40000000001,0.2921212121212121
0,298.8,309.7,1609,40.4,169,0,No Failure,10.899999999999977,65003.6,0.2376470588235294
2,298.8,309.8,1490,35.9,171,0,No Failure,11.0,53491.0,0.20872093023255814
0,298.7,309.7,1601,35.7,176,0,No Failure,11.0,57155.700000000004,0.2016949152542373
0,298.7,309.6,1665,31.1,178,0,No Failure,10.900000000000034,51781.5,0.17374301675977655
1,298.7,309.6,1452,42.7,180,0,No Failure,10.900000000000034,62000.4,0.23591160220994475
1,298.7,309.5,1487,33.6,183,0,No Failure,10.800000000000011,49963.200000000004,0.1826086956521739
1,298.7,309.6,1382,48.1,186,0,No Failure,10.900000000000034,66474.2,0.2572192513368984
1,298.7,309.6,1686,26.2,189,0,No Failure,10.900000000000034,44173.2,0.13789473684210526
0,298.6,309.6,1491,36.9,192,0,No Failure,11.0,55017.9,0.19119170984455958
0,298.7,309.6,1442,55.6,194,0,No Failure,10.900000000000034,80175.2,0.28512820512820514
0,298.6,309.6,1390,50.3,196,0,No Failure,11.0,69917.0,0.25532994923857866
0,298.7,309.6,1502,46.7,198,0,No Failure,10.900000000000034,70143.40000000001,0.23467336683417087
1,298.6,309.6,1344,59.4,200,0,No Failure,11.0,79833.59999999999,0.2955223880597015
0,298.5,309.5,1385,46.3,203,1,Tool Wear Failure,11.0,64125.49999999999,0.2269607843137255
0,298.7,309.7,1547,37.4,0,0,No Failure,11.0,57857.799999999996,37.4
1,298.6,309.6,1525,42.4,2,0,No Failure,11.0,64660.0,14.133333333333333
0,298.6,309.6,1540,35.8,5,0,No Failure,11.0,55131.99999999999,5.966666666666666
0,298.6,309.5,1450,44.3,7,0,No Failure,10.899999999999977,64234.99999999999,5.5375
0,298.6,309.6,1353,62.5,9,0,No Failure,11.0,84562.5,6.25
0,298.8,309.7,1582,45.0,11,0,No Failure,10.899999999999977,71190.0,3.75
0,298.9,309.8,1396,49.0,13,0,No Failure,10.900000000000034,68404.0,3.5
1,298.8,309.8,1551,36.6,15,0,No Failure,11.0,56766.600000000006,2.2875
1,298.9,309.8,1836,22.8,18,0,No Failure,10.900000000000034,41860.8,1.2
0,298.9,309.8,1390,49.9,21,0,No Failure,10.900000000000034,69361.0,2.268181818181818
0,298.9,309.8,1534,42.1,23,0,No Failure,10.900000000000034,64581.4,1.7541666666666667
0,298.8,309.7,1953,20.6,25,0,No Failure,10.899999999999977,40231.8,0.7923076923076924
0,298.8,309.8,1634,33.6,27,0,No Failure,11.0,54902.4,1.2
0,298.7,309.7,1881,21.7,29,0,No Failure,11.0,40817.7,0.7233333333333333
1,298.8,309.7,1448,44.8,31,0,No Failure,10.899999999999977,64870.399999999994,1.4
1,298.7,309.7,1362,50.5,34,0,No Failure,11.0,68781.0,1.4428571428571428
0,298.8,309.7,1225,63.4,37,0,No Failure,10.899999999999977,77665.0,1.6684210526315788
1,298.8,309.6,1384,48.2,39,0,No Failure,10.800000000000011,66708.8,1.205
0,298.8,309.8,1334,49.3,42,0,No Failure,11.0,65766.2,1.1465116279069767
0,298.8,309.7,1336,50.3,44,0,No Failure,10.899999999999977,67200.8,1.1177777777777778
1,298.8,309.9,1331,61.6,46,0,No Failure,11.099999999999966,81989.6,1.3106382978723405
0,298.8,309.9,1629,31.9,49,0,No Failure,11.099999999999966,51965.1,0.638
0,298.9,310.0,1776,25.7,51,0,No Failure,11.100000000000023,45643.2,0.4942307692307692
2,298.8,310.0,1530,38.3,53,0,No Failure,11.199999999999989,58598.99999999999,0.7092592592592593
0,298.9,310.0,1719,27.3,58,0,No Failure,11.100000000000023,46928.700000000004,0.4627118644067797
1,298.8,309.9,1495,35.2,60,0,No Failure,11.099999999999966,52624.00000000001,0.5770491803278689
0,298.8,309.7,1450,43.1,63,0,No Failure,10.899999999999977,62495.0,0.6734375
2,298.8,309.8,1563,38.8,65,0,No Failure,11.0,60644.399999999994,0.5878787878787879
1,298.9,309.9,1501,37.1,70,0,No Failure,11.0,55687.1,0.5225352112676056
0,298.8,309.9,1351,47.2,73,0,No Failure,11.099999999999966,63767.200000000004,0.6378378378378379
0,298.9,309.9,1365,46.5,75,0,No Failure,11.0,63472.5,0.6118421052631579
0,298.8,309.9,1525,39.7,77,0,No Failure,11.099999999999966,60542.50000000001,0.508974358974359
1,298.8,309.8,1288,61.9,79,0,No Failure,11.0,79727.2,0.7737499999999999
0,298.6,309.6,1423,42.7,82,0,No Failure,11.0,60762.100000000006,0.5144578313253012
1,298.5,309.6,1502,39.4,84,0,No Failure,11.100000000000023,59178.799999999996,0.46352941176470586
0,298.5,309.5,1428,43.5,87,0,No Failure,11.0,62118.0,0.4943181818181818
1,298.6,309.5,1566,38.1,89,0,No Failure,10.899999999999977,59664.600000000006,0.42333333333333334
1,298.5,309.5,1483,44.8,92,0,No Failure,11.0,66438.4,0.48172043010752685
2,298.6,309.6,1593,33.3,95,0,No Failure,11.0,53046.899999999994,0.346875
0,298.5,309.6,1724,26.4,100,0,No Failure,11.100000000000023,45513.6,0.2613861386138614
0,298.5,309.7,2617,12.1,102,1,Power Failure,11.199999999999989,31665.7,0.1174757281553398
0,298.6,309.7,1294,59.4,104,0,No Failure,11.099999999999966,76863.59999999999,0.5657142857142857
0,298.6,309.6,1533,40.7,106,0,No Failure,11.0,62393.100000000006,0.38037383177570094
2,298.5,309.4,1671,31.8,108,0,No Failure,10.899999999999977,53137.8,0.29174311926605506
0,298.5,309.5,1370,52.4,113,0,No Failure,11.0,71788.0,0.45964912280701753
0,298.5,309.6,1462,45.1,115,0,No Failure,11.100000000000023,65936.2,0.3887931034482759
0,298.4,309.5,1545,36.6,117,0,No Failure,11.100000000000023,56547.0,0.3101694915254237
1,298.4,309.5,1484,41.7,119,0,No Failure,11.100000000000023,61882.8,0.34750000000000003
1,298.4,309.5,1344,45.3,122,0,No Failure,11.100000000000023,60883.2,0.36829268292682926
0,298.4,309.5,1357,50.1,125,0,No Failure,11.100000000000023,67985.7,0.39761904761904765
1,298.5,309.6,1572,33.0,127,0,No Failure,11.100000000000023,51876.0,0.2578125
0,298.5,309.6,1861,26.9,130,0,No Failure,11.100000000000023,50060.899999999994,0.20534351145038165
0,298.5,309.5,1548,44.5,132,0,No Failure,11.0,68886.0,0.33458646616541354
0,298.6,309.8,1496,37.7,134,0,No Failure,11.199999999999989,56399.200000000004,0.27925925925925926
1,298.6,309.7,1314,49.7,136,0,No Failure,11.099999999999966,65305.8,0.36277372262773727
1,298.6,309.7,1422,49.7,139,0,No Failure,11.099999999999966,70673.40000000001,0.35500000000000004
0,298.6,309.8,1842,20.1,142,0,No Failure,11.199999999999989,37024.200000000004,0.14055944055944056
1,298.7,309.9,1434,53.0,144,0,No Failure,11.199999999999989,76002.0,0.36551724137931035
1,298.8,310.1,1585,31.3,147,0,No Failure,11.300000000000011,49610.5,0.2114864864864865
2,298.8,310.1,1704,30.7,150,0,No Failure,11.300000000000011,52312.799999999996,0.2033112582781457
0,298.9,310.2,1971,23.2,155,0,No Failure,11.300000000000011,45727.2,0.14871794871794872
0,299.0,310.3,1431,39.9,157,0,No Failure,11.300000000000011,57096.9,0.25253164556962027
0,298.9,310.4,1546,37.7,159,0,No Failure,11.5,58284.200000000004,0.23562500000000003
0,298.9,310.3,1496,36.3,161,0,No Failure,11.400000000000034,54304.799999999996,0.22407407407407406
2,298.9,310.3,1243,63.0,163,0,No Failure,11.400000000000034,78309.0,0.38414634146341464
0,299.0,310.4,1452,46.2,168,0,No Failure,11.399999999999977,67082.40000000001,0.2733727810650888
0,299.1,310.6,1380,44.7,170,0,No Failure,11.5,61686.00000000001,0.26140350877192986
0,299.2,310.6,1567,38.4,172,0,No Failure,11.400000000000034,60172.799999999996,0.22196531791907514
0,299.1,310.5,1628,35.9,174,0,No Failure,11.399999999999977,58445.2,0.20514285714285713
0,299.1,310.4,1505,46.1,176,0,No Failure,11.299999999999955,69380.5,0.26045197740112996
1,299.0,310.3,1827,28.0,178,0,No Failure,11.300000000000011,51156.0,0.1564245810055866
0,299.0,310.3,1577,40.0,181,0,No Failure,11.300000000000011,63080.0,0.21978021978021978
0,298.9,310.2,1304,57.2,183,0,No Failure,11.300000000000011,74588.8,0.31086956521739134
2,298.9,310.1,1324,54.6,185,0,No Failure,11.200000000000045,72290.40000000001,0.2935483870967742
0,298.8,310.0,1537,39.9,190,0,No Failure,11.199999999999989,61326.299999999996,0.2089005235602094
1,298.8,310.1,1501,48.7,192,0,No Failure,11.300000000000011,73098.7,0.2523316062176166
1,298.7,309.9,1654,29.1,195,0,No Failure,11.199999999999989,48131.4,0.14846938775510204
1,298.7,310.0,1519,38.1,198,0,No Failure,11.300000000000011,57873.9,0.1914572864321608
0,298.7,309.9,1371,51.3,201,0,No Failure,11.199999999999989,70332.3,0.25396039603960396
0,298.7,309.8,1181,65.9,203,1,Overstrain Failure,11.100000000000023,77827.90000000001,0.32303921568627453
0,298.6,309.8,1469,42.8,205,0,No Failure,11.199999999999989,62873.2,0.2077669902912621
0,298.6,309.8,1637,34.6,207,0,No Failure,11.199999999999989,56640.200000000004,0.16634615384615387
0,298.6,309.8,1370,56.0,0,0,No Failure,11.199999999999989,76720.0,56.0
0,298.6,309.9,1630,30.6,2,0,No Failure,11.299999999999955,49878.0,10.200000000000001
0,298.6,310.0,1517,39.0,4,0,No Failure,11.399999999999977,59163.0,7.8
1,298.6,309.9,1668,32.3,6,0,No Failure,11.299999999999955,53876.399999999994,4.614285714285714
1,298.6,309.9,1818,24.9,9,0,No Failure,11.299999999999955,45268.2,2.4899999999999998
1,298.6,310.0,1541,36.9,12,0,No Failure,11.399999999999977,56862.899999999994,2.838461538461538
0,298.5,309.9,1482,42.1,15,0,No Failure,11.399999999999977,62392.200000000004,2.63125
0,298.6,310.1,1439,49.9,17,0,No Failure,11.5,71806.09999999999,2.772222222222222
0,298.5,310.0,1492,41.2,19,0,No Failure,11.5,61470.4,2.06
0,298.4,309.9,1725,27.8,21,0,No Failure,11.5,47955.0,1.2636363636363637
0,298.4,310.0,1559,44.2,23,0,No Failure,11.600000000000023,68907.8,1.8416666666666668
0,298.5,310.0,1435,42.5,25,0,No Failure,11.5,60987.5,1.6346153846153846
1,298.6,310.0,1512,37.5,27,0,No Failure,11.399999999999977,56700.0,1.3392857142857142
0,298.6,309.9,1564,37.1,30,0,No Failure,11.299999999999955,58024.4,1.196774193548387
0,298.6,310.0,1522,40.3,32,0,No Failure,11.399999999999977,61336.6,1.2212121212121212
0,298.6,309.9,1356,59.5,34,0,No Failure,11.299999999999955,80682.0,1.7
0,298.6,309.9,1556,38.6,36,0,No Failure,11.299999999999955,60061.600000000006,1.0432432432432432
0,298.6,309.9,1393,45.5,38,0,No Failure,11.299999999999955,63381.5,1.1666666666666667
0,298.7,309.9,1753,26.8,40,0,No Failure,11.199999999999989,46980.4,0.6536585365853659
0,298.7,309.9,1651,29.5,42,0,No Failure,11.199999999999989,48704.5,0.686046511627907
0,298.7,309.9,1372,54.7,44,0,No Failure,11.199999999999989,75048.40000000001,1.2155555555555557
0,298.7,309.9,1446,43.3,46,0,No Failure,11.199999999999989,62611.799999999996,0.9212765957446808
1,298.7,309.8,1501,44.7,48,0,No Failure,11.100000000000023,67094.7,0.9122448979591837
1,298.7,309.9,1411,45.1,51,0,No Failure,11.199999999999989,63636.1,0.8673076923076923
2,298.6,309.7,1672,27.5,54,0,No Failure,11.099999999999966,45980.0,0.5
1,298.7,309.8,1475,40.5,59,0,No Failure,11.100000000000023,59737.5,0.675
0,298.7,309.8,1469,38.4,62,0,No Failure,11.100000000000023,56409.6,0.6095238095238095
0,298.6,309.8,1704,28.3,64,0,No Failure,11.199999999999989,48223.200000000004,0.43538461538461537
2,298.6,309.7,1463,39.1,66,0,No Failure,11.099999999999966,57203.3,0.5835820895522388
1,298.6,309.7,1280,64.1,71,0,No Failure,11.099999999999966,82048.0,0.8902777777777777
0,298.7,309.9,1464,38.0,74,0,No Failure,11.199999999999989,55632.0,0.5066666666666667
0,298.6,309.8,1332,46.4,76,0,No Failure,11.199999999999989,61804.799999999996,0.6025974025974026
0,298.5,309.7,1634,37.8,78,0,No Failure,11.199999999999989,61765.2,0.4784810126582278
1,298.6,309.8,1430,43.1,80,0,No Failure,11.199999999999989,61633.0,0.5320987654320988
1,298.5,309.7,1523,44.6,83,0,No Failure,11.199999999999989,67925.8,0.530952380952381
1,298.5,309.7,1557,37.7,86,0,No Failure,11.199999999999989,58698.9,0.43333333333333335
0,298.5,309.6,1585,32.2,89,0,No Failure,11.100000000000023,51037.00000000001,0.3577777777777778
2,298.5,309.6,1579,33.5,91,0,No Failure,11.100000000000023,52896.5,0.3641304347826087
1,298.5,309.7,1354,60.8,96,0,No Failure,11.199999999999989,82323.2,0.6268041237113402
0,298.6,309.7,1627,33.4,99,0,No Failure,11.099999999999966,54341.799999999996,0.33399999999999996
0,298.4,309.6,1477,35.6,101,0,No Failure,11.200000000000045,52581.200000000004,0.3490196078431373
1,298.3,309.4,1595,29.0,103,0,No Failure,11.099999999999966,46255.0,0.27884615384615385
0,298.4,309.5,1520,38.1,106,0,No Failure,11.100000000000023,57912.0,0.3560747663551402
0,298.3,309.4,1618,31.5,108,0,No Failure,11.099999999999966,50967.0,0.2889908256880734
0,298.4,309.5,1397,50.3,110,0,No Failure,11.100000000000023,70269.09999999999,0.45315315315315313
0,298.4,309.5,1450,47.9,112,0,No Failure,11.100000000000023,69455.0,0.42389380530973453
1,298.5,309.5,1501,40.2,114,0,No Failure,11.0,60340.200000000004,0.34956521739130436
0,298.4,309.4,1392,50.1,117,0,No Failure,11.0,69739.2,0.4245762711864407
0,298.4,309.4,1385,43.2,119,0,No Failure,11.0,59832.00000000001,0.36000000000000004
0,298.4,309.4,1461,46.3,121,0,No Failure,11.0,67644.3,0.3795081967213115
1,298.5,309.6,1364,58.7,123,0,No Failure,11.100000000000023,80066.8,0.47338709677419355
0,298.5,309.5,1579,38.6,126,0,No Failure,11.0,60949.4,0.3039370078740158
1,298.4,309.5,1514,38.8,128,0,No Failure,11.100000000000023,58743.2,0.3007751937984496
1,298.3,309.5,1560,36.9,131,0,No Failure,11.199999999999989,57564.0,0.27954545454545454
0,298.3,309.5,1542,36.7,134,0,No Failure,11.199999999999989,56591.4,0.2718518518518519
0,298.3,309.4,1668,27.1,136,0,No Failure,11.099999999999966,45202.8,0.1978102189781022
1,298.3,309.4,1816,22.6,138,0,No Failure,11.099999999999966,41041.600000000006,0.16258992805755396
1,298.3,309.4,1509,34.2,141,0,No Failure,11.099999999999966,51607.8,0.24084507042253522
0,298.4,309.6,1479,37.8,144,0,No Failure,11.200000000000045,55906.2,0.26068965517241377
0,298.4,309.6,1655,30.2,146,0,No Failure,11.200000000000045,49981.0,0.20544217687074828
0,298.3,309.5,1711,30.3,148,0,No Failure,11.199999999999989,51843.3,0.20335570469798658
0,298.4,309.7,1581,34.6,150,0,No Failure,11.300000000000011,54702.600000000006,0.22913907284768212
2,298.6,309.8,1279,55.9,152,0,No Failure,11.199999999999989,71496.09999999999,0.365359477124183
0,298.5,309.8,1468,40.9,157,0,No Failure,11.300000000000011,60041.2,0.2588607594936709
0,298.4,309.7,1419,41.3,159,0,No Failure,11.300000000000011,58604.7,0.258125
0,298.4,309.7,1530,38.6,161,0,No Failure,11.300000000000011,59058.0,0.23827160493827163
0,298.4,309.6,1710,27.3,163,1,Unknown Failure,11.200000000000045,46683.0,0.16646341463414635
0,298.4,309.7,1518,39.8,165,0,No Failure,11.300000000000011,60416.399999999994,0.2397590361445783
1,298.4,309.7,1679,33.3,167,0,No Failure,11.300000000000011,55910.7,0.1982142857142857
1,298.4,309.7,1870,22.5,170,0,No Failure,11.300000000000011,42075.0,0.13157894736842105
0,298.3,309.7,1484,44.3,173,0,No Failure,11.399999999999977,65741.2,0.25459770114942526
0,298.4,309.7,1457,44.2,175,0,No Failure,11.300000000000011,64399.4,0.25113636363636366
2,298.3,309.6,1546,36.2,177,0,No Failure,11.300000000000011,55965.200000000004,0.20337078651685395
1,298.2,309.5,1478,36.5,182,0,No Failure,11.300000000000011,53947.0,0.1994535519125683
0,298.2,309.4,1447,47.1,185,0,No Failure,11.199999999999989,68153.7,0.2532258064516129
0,298.2,309.4,1443,45.4,187,0,No Failure,11.199999999999989,65512.2,0.24148936170212765
0,298.3,309.6,1527,30.9,189,0,No Failure,11.300000000000011,47184.299999999996,0.1626315789473684
1,298.3,309.6,1469,54.8,191,0,No Failure,11.300000000000011,80501.2,0.28541666666666665
1,298.3,309.6,1681,27.1,194,0,No Failure,11.300000000000011,45555.100000000006,0.13897435897435897
0,298.3,309.6,1420,44.1,197,0,No Failure,11.300000000000011,62622.0,0.22272727272727275
1,298.3,309.5,1543,49.9,199,0,No Failure,11.199999999999989,76995.7,0.2495
0,298.4,309.5,1376,50.4,202,0,No Failure,11.100000000000023,69350.4,0.2482758620689655
2,298.3,309.4,1631,29.8,0,0,No Failure,11.099999999999966,48603.8,29.8
2,298.3,309.3,1529,41.7,5,0,No Failure,11.0,63759.3,6.95
0,298.3,309.4,1468,46.2,10,0,No Failure,11.099999999999966,67821.6,4.2
0,298.3,309.4,1378,52.3,12,0,No Failure,11.099999999999966,72069.4,4.023076923076923
0,298.3,309.3,1401,51.9,14,0,No Failure,11.0,72711.9,3.46
0,298.4,309.3,1531,37.4,16,0,No Failure,10.900000000000034,57259.4,2.1999999999999997
0,298.4,309.3,1512,35.8,18,0,No Failure,10.900000000000034,54129.6,1.8842105263157893
1,298.5,309.4,1522,47.4,20,0,No Failure,10.899999999999977,72142.8,2.257142857142857
1,298.5,309.3,1615,31.8,23,0,No Failure,10.800000000000011,51357.0,1.325
0,298.6,309.3,1449,46.5,26,0,No Failure,10.699999999999989,67378.5,1.7222222222222223
0,298.6,309.4,1315,55.5,28,0,No Failure,10.799999999999955,72982.5,1.9137931034482758
1,298.6,309.4,1465,41.1,30,0,No Failure,10.799999999999955,60211.5,1.3258064516129033
1,298.6,309.5,1404,43.3,33,0,No Failure,10.899999999999977,60793.2,1.2735294117647058
0,298.6,309.5,1547,44.8,36,0,No Failure,10.899999999999977,69305.59999999999,1.2108108108108107
1,298.6,309.5,1426,45.4,38,0,No Failure,10.899999999999977,64740.4,1.164102564102564
0,298.6,309.5,1730,30.2,41,0,No Failure,10.899999999999977,52246.0,0.719047619047619
0,298.5,309.4,1548,37.7,43,0,No Failure,10.899999999999977,58359.600000000006,0.8568181818181819
0,298.5,309.4,1517,40.2,45,0,No Failure,10.899999999999977,60983.4,0.8739130434782609
0,298.6,309.5,1687,29.3,47,0,No Failure,10.899999999999977,49429.1,0.6104166666666667
0,298.5,309.5,1738,25.2,49,0,No Failure,11.0,43797.6,0.504
2,298.4,309.4,1512,35.3,51,0,No Failure,11.0,53373.6,0.6788461538461538
1,298.5,309.4,1365,48.7,56,0,No Failure,10.899999999999977,66475.5,0.8543859649122808
2,298.5,309.4,2011,21.0,59,0,No Failure,10.899999999999977,42231.0,0.35
0,298.4,309.3,1806,27.6,64,0,No Failure,10.900000000000034,49845.600000000006,0.4246153846153846
0,298.4,309.3,1716,28.4,66,0,No Failure,10.900000000000034,48734.399999999994,0.42388059701492536
1,298.4,309.4,1666,24.3,68,0,No Failure,11.0,40483.8,0.3521739130434783
0,298.5,309.4,1578,36.3,71,0,No Failure,10.899999999999977,57281.399999999994,0.5041666666666667
0,298.3,309.3,1558,37.2,73,0,No Failure,11.0,57957.600000000006,0.5027027027027028
0,298.3,309.2,1456,45.5,75,0,No Failure,10.899999999999977,66248.0,0.5986842105263158
1,298.2,309.1,1457,49.0,77,0,No Failure,10.900000000000034,71393.0,0.6282051282051282
0,298.2,309.1,1467,44.5,80,0,No Failure,10.900000000000034,65281.5,0.5493827160493827
1,298.1,309.0,1661,38.2,82,0,No Failure,10.899999999999977,63450.200000000004,0.46024096385542174
0,298.1,309.0,1592,33.9,85,0,No Failure,10.899999999999977,53968.799999999996,0.39418604651162786
0,298.2,309.0,1596,37.2,87,0,No Failure,10.800000000000011,59371.200000000004,0.4227272727272728
0,298.2,309.0,1489,40.6,89,0,No Failure,10.800000000000011,60453.4,0.45111111111111113
0,298.3,309.0,1471,48.3,91,0,No Failure,10.699999999999989,71049.3,0.525
1,298.3,309.0,1505,41.3,93,0,No Failure,10.699999999999989,62156.49999999999,0.43936170212765957
0,298.3,309.0,1519,40.0,96,0,No Failure,10.699999999999989,60760.0,0.41237113402061853
0,298.3,309.0,1408,45.4,98,0,No Failure,10.699999999999989,63923.2,0.4585858585858586
0,298.2,308.9,1332,44.4,100,0,No Failure,10.699999999999989,59140.799999999996,0.4396039603960396
0,298.1,308.9,1351,52.4,102,0,No Failure,10.799999999999955,70792.4,0.5087378640776699
0,298.0,308.9,1500,36.7,104,0,No Failure,10.899999999999977,55050.00000000001,0.34952380952380957
1,298.0,308.7,1614,30.7,106,0,No Failure,10.699999999999989,49549.799999999996,0.2869158878504673
0,298.0,308.8,1489,36.5,109,0,No Failure,10.800000000000011,54348.5,0.33181818181818185
1,297.9,308.7,1751,26.6,111,0,No Failure,10.800000000000011,46576.600000000006,0.23750000000000002
0,298.0,308.7,1511,45.8,114,0,No Failure,10.699999999999989,69203.8,0.3982608695652174
0,297.9,308.6,1691,29.6,116,0,No Failure,10.700000000000045,50053.600000000006,0.252991452991453
0,297.9,308.6,1757,27.5,118,0,No Failure,10.700000000000045,48317.5,0.23109243697478993
2,297.9,308.7,1545,35.9,120,0,No Failure,10.800000000000011,55465.5,0.29669421487603304
0,297.9,308.6,2262,15.7,125,0,No Failure,10.700000000000045,35513.4,0.12460317460317459
1,297.7,308.5,1559,35.2,127,0,No Failure,10.800000000000011,54876.8,0.275
0,297.6,308.4,1626,32.4,130,0,No Failure,10.799999999999955,52682.399999999994,0.24732824427480915
0,297.6,308.3,1424,53.9,132,0,No Failure,10.699999999999989,76753.59999999999,0.4052631578947368
1,297.6,308.3,1648,29.1,134,0,No Failure,10.699999999999989,47956.8,0.21555555555555556
0,297.6,308.3,1523,39.5,137,0,No Failure,10.699999999999989,60158.5,0.286231884057971
0,297.6,308.3,1502,43.2,139,0,No Failure,10.699999999999989,64886.4,0.3085714285714286
0,297.5,308.2,1489,40.7,141,0,No Failure,10.699999999999989,60602.3,0.28661971830985916
1,297.4,308.1,1620,31.2,143,0,No Failure,10.700000000000045,50544.0,0.21666666666666667
0,297.5,308.1,1631,30.6,146,0,No Failure,10.600000000000023,49908.600000000006,0.20816326530612245
1,297.5,308.0,1429,45.8,148,0,No Failure,10.5,65448.2,0.30738255033557044
1,297.5,308.1,1334,72.0,151,1,Power Failure,10.600000000000023,96048.0,0.47368421052631576
0,297.4,308.0,1423,38.0,154,0,No Failure,10.600000000000023,54074.0,0.24516129032258063
0,297.4,307.9,1390,47.7,156,0,No Failure,10.5,66303.0,0.30382165605095546
1,297.4,307.9,1338,48.5,158,0,No Failure,10.5,64893.0,0.3050314465408805
2,297.3,307.9,1461,37.5,161,0,No Failure,10.599999999999966,54787.5,0.23148148148148148
1,297.4,307.9,1627,34.3,166,0,No Failure,10.5,55806.1,0.20538922155688621
0,297.3,307.8,1385,44.4,169,0,No Failure,10.5,61494.0,0.2611764705882353
1,297.3,307.8,1538,48.0,171,0,No Failure,10.5,73824.0,0.27906976744186046
0,297.4,307.9,1557,35.5,174,0,No Failure,10.5,55273.5,0.20285714285714285
0,297.4,307.9,1606,33.4,176,0,No Failure,10.5,53640.399999999994,0.18870056497175142
1,297.5,308.0,1430,44.5,178,0,No Failure,10.5,63635.0,0.24860335195530725
1,297.4,308.0,1601,34.6,181,0,No Failure,10.600000000000023,55394.600000000006,0.19010989010989013
0,297.4,308.0,1356,51.9,184,0,No Failure,10.600000000000023,70376.4,0.2805405405405405
1,297.5,308.2,1624,30.9,186,0,No Failure,10.699999999999989,50181.6,0.16524064171122993
0,297.5,308.2,1327,56.5,189,0,No Failure,10.699999999999989,74975.5,0.29736842105263156
0,297.6,308.3,1410,47.0,191,0,No Failure,10.699999999999989,66270.0,0.24479166666666666
0,297.6,308.3,1478,42.3,193,0,No Failure,10.699999999999989,62519.399999999994,0.21804123711340204
0,297.6,308.4,1460,40.3,195,0,No Failure,10.799999999999955,58837.99999999999,0.20561224489795918
0,297.5,308.3,1435,40.3,197,0,No Failure,10.800000000000011,57830.49999999999,0.2035353535353535
2,297.4,308.2,1359,46.9,199,0,No Failure,10.800000000000011,63737.1,0.2345
0,297.4,308.1,1729,31.7,204,0,No Failure,10.700000000000045,54809.299999999996,0.1546341463414634
2,297.3,308.0,1384,49.1,206,0,No Failure,10.699999999999989,67954.40000000001,0.23719806763285026
0,297.4,308.2,1297,52.1,211,0,No Failure,10.800000000000011,67573.7,0.24575471698113208
0,297.5,308.4,1633,33.3,213,0,No Failure,10.899999999999977,54378.899999999994,0.155607476635514
1,297.5,308.4,1505,37.2,215,0,No Failure,10.899999999999977,55986.00000000001,0.17222222222222225
0,297.5,308.4,1433,50.0,218,0,No Failure,10.899999999999977,71650.0,0.228310502283105
0,297.4,308.4,1369,50.6,220,1,Overstrain Failure,11.0,69271.40000000001,0.22895927601809957
0,297.4,308.3,1475,40.5,222,1,Tool Wear Failure,10.900000000000034,59737.5,0.18161434977578475
0,297.4,308.3,1561,38.3,0,0,No Failure,10.900000000000034,59786.299999999996,38.3
0,297.4,308.3,1472,45.5,2,0,No Failure,10.900000000000034,66976.0,15.166666666666666
0,297.5,308.4,1441,44.5,4,0,No Failure,10.899999999999977,64124.5,8.9
1,297.5,308.5,1401,50.5,6,0,No Failure,11.0,70750.5,7.214285714285714
0,297.5,308.5,1691,33.1,9,0,No Failure,11.0,55972.100000000006,3.31
0,297.6,308.6,1382,47.1,11,0,No Failure,11.0,65092.200000000004,3.9250000000000003
0,297.6,308.6,1355,46.4,13,0,No Failure,11.0,62872.0,3.314285714285714
0,297.6,308.6,1529,45.3,15,0,No Failure,11.0,69263.7,2.83125
0,297.7,308.7,1829,24.9,17,0,No Failure,11.0,45542.1,1.3833333333333333
2,297.6,308.6,1480,39.8,19,0,No Failure,11.0,58903.99999999999,1.9899999999999998
0,297.6,308.5,1475,42.4,24,0,No Failure,10.899999999999977,62540.0,1.696
1,297.6,308.5,1431,52.6,26,0,No Failure,10.899999999999977,75270.6,1.9481481481481482
0,297.5,308.3,1437,42.3,29,0,No Failure,10.800000000000011,60785.1,1.41
1,297.5,308.3,1476,45.6,31,0,No Failure,10.800000000000011,67305.6,1.425
2,297.5,308.4,1490,39.7,34,0,No Failure,10.899999999999977,59153.00000000001,1.1342857142857143
0,297.4,308.3,1632,33.5,39,0,No Failure,10.900000000000034,54672.0,0.8375
0,297.4,308.2,1402,49.7,41,0,No Failure,10.800000000000011,69679.40000000001,1.1833333333333333
0,297.4,308.3,1347,45.8,43,0,No Failure,10.900000000000034,61692.6,1.0409090909090908
0,297.5,308.4,1747,31.0,45,0,No Failure,10.899999999999977,54157.0,0.6739130434782609
2,297.5,308.5,1557,39.1,47,0,No Failure,11.0,60878.700000000004,0.8145833333333333
0,297.4,308.4,1371,57.4,52,0,No Failure,11.0,78695.4,1.0830188679245283
2,297.3,308.3,1506,37.0,54,0,No Failure,11.0,55722.0,0.6727272727272727
0,297.3,308.3,1590,35.5,59,0,No Failure,11.0,56445.0,0.5916666666666667
0,297.4,308.3,1336,53.7,61,0,No Failure,10.900000000000034,71743.2,0.8661290322580646
0,297.3,308.3,1411,43.2,63,0,No Failure,11.0,60955.200000000004,0.675
0,297.4,308.3,1704,27.3,65,0,No Failure,10.900000000000034,46519.200000000004,0.41363636363636364
0,297.5,308.4,1723,27.3,67,0,No Failure,10.899999999999977,47037.9,0.40147058823529413
0,297.5,308.5,1459,39.7,69,0,No Failure,11.0,57922.3,0.5671428571428572
0,297.6,308.5,1572,35.9,71,0,No Failure,10.899999999999977,56434.799999999996,0.4986111111111111
0,297.5,308.4,1384,56.0,73,0,No Failure,10.899999999999977,77504.0,0.7567567567567568
0,297.6,308.6,1383,47.5,75,0,No Failure,11.0,65692.5,0.625
1,297.6,308.5,1360,48.6,77,0,No Failure,10.899999999999977,66096.0,0.6230769230769231
1,297.5,308.4,1596,36.6,80,0,No Failure,10.899999999999977,58413.600000000006,0.4518518518518519
0,297.5,308.5,1448,54.3,83,0,No Failure,11.0,78626.4,0.6464285714285714
1,297.6,308.5,1443,38.2,85,0,No Failure,10.899999999999977,55122.600000000006,0.44418604651162796
1,297.6,308.6,1492,35.5,88,0,No Failure,11.0,52966.0,0.398876404494382
0,297.5,308.6,1497,43.9,91,0,No Failure,11.100000000000023,65718.3,0.4771739130434782
0,297.5,308.5,1530,38.5,93,0,No Failure,11.0,58905.0,0.4095744680851064
1,297.4,308.4,1478,46.2,95,0,No Failure,11.0,68283.6,0.48125
0,297.4,308.4,1328,61.8,98,0,No Failure,11.0,82070.4,0.6242424242424243
2,297.4,308.3,1771,27.4,100,0,No Failure,10.900000000000034,48525.399999999994,0.27128712871287125
1,297.4,308.4,1564,35.0,105,0,No Failure,11.0,54740.0,0.330188679245283
2,297.3,308.3,1461,41.5,108,0,No Failure,11.0,60631.5,0.38073394495412843
1,297.4,308.3,1335,57.9,113,0,No Failure,10.900000000000034,77296.5,0.5078947368421053
1,297.4,308.4,1441,46.8,116,0,No Failure,11.0,67438.8,0.39999999999999997
0,297.3,308.3,1268,60.6,119,0,No Failure,11.0,76840.8,0.505
1,297.3,308.3,1697,27.4,121,0,No Failure,11.0,46497.799999999996,0.2245901639344262
0,297.4,308.4,1421,46.0,124,0,No Failure,11.0,65366.0,0.368
0,297.4,308.5,1496,36.4,126,0,No Failure,11.100000000000023,54454.4,0.2866141732283464
0,297.5,308.5,1375,55.6,128,0,No Failure,11.0,76450.0,0.4310077519379845
0,297.4,308.5,1295,52.1,130,0,No Failure,11.100000000000023,67469.5,0.39770992366412217
0,297.4,308.5,1643,33.8,132,0,No Failure,11.100000000000023,55533.399999999994,0.25413533834586466
0,297.5,308.6,1514,36.9,134,0,No Failure,11.100000000000023,55866.6,0.2733333333333333
0,297.5,308.6,1671,29.4,136,0,No Failure,11.100000000000023,49127.399999999994,0.2145985401459854
2,297.5,308.6,1355,58.9,138,0,No Failure,11.100000000000023,79809.5,0.42374100719424457
0,297.6,308.7,1365,50.6,143,0,No Failure,11.099999999999966,69069.0,0.3513888888888889
0,297.5,308.7,1407,42.5,145,0,No Failure,11.199999999999989,59797.5,0.2910958904109589
1,297.5,308.8,1455,46.1,147,0,No Failure,11.300000000000011,67075.5,0.31148648648648647
0,297.5,308.8,1502,45.9,150,0,No Failure,11.300000000000011,68941.8,0.3039735099337748
1,297.5,308.8,1471,52.3,152,0,No Failure,11.300000000000011,76933.3,0.34183006535947713
0,297.5,308.9,1581,30.4,155,0,No Failure,11.399999999999977,48062.399999999994,0.19487179487179487
0,297.5,308.8,1530,37.8,157,0,No Failure,11.300000000000011,57833.99999999999,0.2392405063291139
0,297.5,308.8,1312,50.3,159,0,No Failure,11.300000000000011,65993.59999999999,0.31437499999999996
0,297.4,308.6,1494,42.6,161,0,No Failure,11.200000000000045,63644.4,0.26296296296296295
1,297.4,308.6,1528,29.1,163,0,No Failure,11.200000000000045,44464.8,0.17743902439024392
2,297.3,308.6,1688,29.4,166,0,No Failure,11.300000000000011,49627.2,0.17604790419161676
1,297.3,308.5,1520,42.4,171,0,No Failure,11.199999999999989,64448.0,0.24651162790697673
1,297.3,308.5,1664,28.9,174,0,No Failure,11.199999999999989,48089.6,0.16514285714285715
0,297.3,308.5,1514,44.5,177,0,No Failure,11.199999999999989,67373.0,0.25
0,297.3,308.5,1456,54.2,179,0,No Failure,11.199999999999989,78915.2,0.3011111111111111
0,297.2,308.5,1494,39.6,181,0,No Failure,11.300000000000011,59162.4,0.2175824175824176
0,297.2,308.4,1605,30.0,183,0,No Failure,11.199999999999989,48150.0,0.16304347826086957
1,297.2,308.5,1353,46.5,185,0,No Failure,11.300000000000011,62914.5,0.25
0,297.2,308.5,1447,47.9,188,0,No Failure,11.300000000000011,69311.3,0.2534391534391534
0,297.2,308.5,1588,40.4,190,0,No Failure,11.300000000000011,64155.2,0.21151832460732983
2,297.2,308.5,1524,41.4,192,0,No Failure,11.300000000000011,63093.6,0.21450777202072538
1,297.2,308.5,1611,31.6,197,0,No Failure,11.300000000000011,50907.600000000006,0.1595959595959596
1,297.2,308.5,1604,34.9,200,0,No Failure,11.300000000000011,55979.6,0.1736318407960199
0,297.1,308.5,1483,46.9,203,0,No Failure,11.399999999999977,69552.7,0.2299019607843137
0,297.1,308.4,1543,39.6,205,0,No Failure,11.299999999999955,61102.8,0.19223300970873788
0,297.1,308.5,1323,44.4,207,1,Tool Wear Failure,11.399999999999977,58741.2,0.21346153846153845
0,297.1,308.5,1555,36.2,0,0,No Failure,11.399999999999977,56291.00000000001,36.2
0,297.1,308.4,1583,31.9,2,0,No Failure,11.299999999999955,50497.7,10.633333333333333
1,297.2,308.5,1584,40.0,4,0,No Failure,11.300000000000011,63360.0,8.0
0,297.2,308.5,1766,25.8,7,0,No Failure,11.300000000000011,45562.8,3.225
1,297.2,308.6,1498,44.4,9,0,No Failure,11.400000000000034,66511.2,4.4399999999999995
0,297.2,308.6,1413,49.8,12,0,No Failure,11.400000000000034,70367.4,3.8307692307692305
0,297.3,308.6,1505,33.5,14,0,No Failure,11.300000000000011,50417.5,2.2333333333333334
2,297.3,308.7,1438,46.2,16,0,No Failure,11.399999999999977,66435.6,2.7176470588235295
1,297.3,308.7,1655,34.1,21,0,No Failure,11.399999999999977,56435.5,1.55
1,297.3,308.7,1451,43.8,24,0,No Failure,11.399999999999977,63553.799999999996,1.7519999999999998
1,297.3,308.7,1466,38.4,27,0,No Failure,11.399999999999977,56294.4,1.3714285714285714
0,297.2,308.6,1774,23.0,30,0,No Failure,11.400000000000034,40802.0,0.7419354838709677
1,297.2,308.6,1284,51.3,32,0,No Failure,11.400000000000034,65869.2,1.5545454545454545
0,297.1,308.5,1425,40.0,35,0,No Failure,11.399999999999977,57000.0,1.1111111111111112
0,297.2,308.6,1437,52.4,37,0,No Failure,11.400000000000034,75298.8,1.3789473684210527
0,297.2,308.6,1335,53.0,39,0,No Failure,11.400000000000034,70755.0,1.325
0,297.2,308.5,1471,41.7,41,0,No Failure,11.300000000000011,61340.700000000004,0.9928571428571429
1,297.2,308.5,1364,54.0,43,0,No Failure,11.300000000000011,73656.0,1.2272727272727273
0,297.1,308.5,1578,35.6,46,0,No Failure,11.399999999999977,56176.8,0.7574468085106383
0,297.1,308.5,1712,32.1,48,0,No Failure,11.399999999999977,54955.200000000004,0.6551020408163266
0,297.1,308.5,1733,28.7,50,0,No Failure,11.399999999999977,49737.1,0.5627450980392157
0,297.2,308.6,1652,32.1,52,0,No Failure,11.400000000000034,53029.200000000004,0.6056603773584905
0,297.2,308.6,1917,24.1,54,0,No Failure,11.400000000000034,46199.700000000004,0.43818181818181823
1,297.2,308.6,1444,41.1,56,0,No Failure,11.400000000000034,59348.4,0.7210526315789474
0,297.1,308.6,1442,37.1,59,0,No Failure,11.5,53498.200000000004,0.6183333333333334
1,297.1,308.6,1717,31.3,61,0,No Failure,11.5,53742.1,0.5048387096774194
0,297.1,308.7,1474,42.3,64,0,No Failure,11.599999999999966,62350.2,0.6507692307692308
0,297.2,308.7,1509,39.3,66,0,No Failure,11.5,59303.7,0.5865671641791045
0,297.2,308.8,1451,43.1,68,0,No Failure,11.600000000000023,62538.1,0.6246376811594203
0,297.3,308.8,1554,36.1,70,0,No Failure,11.5,56099.4,0.5084507042253521
0,297.2,308.7,1669,30.7,72,0,No Failure,11.5,51238.299999999996,0.42054794520547945
0,297.2,308.6,1366,50.4,74,0,No Failure,11.400000000000034,68846.4,0.6719999999999999
0,297.2,308.6,1578,34.4,76,0,No Failure,11.400000000000034,54283.2,0.44675324675324674
1,297.2,308.6,1513,39.0,78,0,No Failure,11.400000000000034,59007.0,0.4936708860759494
1,297.1,308.5,1515,42.1,81,0,No Failure,11.399999999999977,63781.5,0.5134146341463415
0,297.2,308.6,1562,33.0,84,0,No Failure,11.400000000000034,51546.0,0.38823529411764707
0,297.2,308.7,1501,38.5,86,0,No Failure,11.5,57788.5,0.4425287356321839
1,297.2,308.7,1398,38.1,88,0,No Failure,11.5,53263.8,0.4280898876404495
0,297.3,308.7,1352,53.8,91,0,No Failure,11.399999999999977,72737.59999999999,0.5847826086956521
2,297.3,308.7,1569,33.9,93,0,No Failure,11.399999999999977,53189.1,0.3606382978723404
2,297.2,308.6,1486,46.6,98,0,No Failure,11.400000000000034,69247.6,0.47070707070707074
0,297.2,308.6,1864,23.6,103,0,No Failure,11.400000000000034,43990.4,0.22692307692307695
1,297.3,308.7,1447,44.5,105,0,No Failure,11.399999999999977,64391.5,0.419811320754717
0,297.2,308.6,1392,41.5,108,0,No Failure,11.400000000000034,57768.0,0.38073394495412843
0,297.3,308.6,1358,47.6,110,0,No Failure,11.300000000000011,64640.8,0.42882882882882883
0,297.3,308.7,1491,40.2,112,0,No Failure,11.399999999999977,59938.200000000004,0.35575221238938054
0,297.3,308.7,1556,36.7,114,0,No Failure,11.399999999999977,57105.200000000004,0.3191304347826087
0,297.3,308.7,1531,36.7,116,0,No Failure,11.399999999999977,56187.700000000004,0.3136752136752137
2,297.4,308.7,1429,37.6,118,0,No Failure,11.300000000000011,53730.4,0.31596638655462184
1,297.4,308.8,1573,33.9,123,0,No Failure,11.400000000000034,53324.7,0.27338709677419354
0,297.4,308.8,1538,41.2,126,0,No Failure,11.400000000000034,63365.600000000006,0.32440944881889766
0,297.4,308.8,1467,39.0,128,0,No Failure,11.400000000000034,57213.0,0.3023255813953488
2,297.4,308.7,1323,51.1,130,0,No Failure,11.300000000000011,67605.3,0.3900763358778626
1,297.4,308.7,1798,23.0,135,0,No Failure,11.300000000000011,41354.0,0.16911764705882354
0,297.4,308.6,1411,46.3,138,0,No Failure,11.200000000000045,65329.299999999996,0.3330935251798561
0,297.3,308.5,1528,44.5,140,0,No Failure,11.199999999999989,67996.0,0.31560283687943264
0,297.3,308.5,1504,42.0,142,0,No Failure,11.199999999999989,63168.0,0.2937062937062937
0,297.3,308.5,1384,39.6,144,0,No Failure,11.199999999999989,54806.4,0.2731034482758621
0,297.2,308.4,1677,26.4,146,0,No Failure,11.199999999999989,44272.799999999996,0.17959183673469387
0,297.3,308.5,1764,30.8,148,0,No Failure,11.199999999999989,54331.200000000004,0.20671140939597316
1,297.4,308.5,1472,42.0,150,0,No Failure,11.100000000000023,61824.0,0.2781456953642384
1,297.4,308.5,1465,55.9,153,0,No Failure,11.100000000000023,81893.5,0.36298701298701297
1,297.4,308.6,1657,33.1,156,0,No Failure,11.200000000000045,54846.700000000004,0.21082802547770702
0,297.4,308.6,1635,30.5,159,0,No Failure,11.200000000000045,49867.5,0.190625
1,297.4,308.7,1582,31.9,161,0,No Failure,11.300000000000011,50465.799999999996,0.19691358024691358
0,297.5,308.7,1761,26.2,164,0,No Failure,11.199999999999989,46138.2,0.15878787878787878
0,297.5,308.8,1587,34.9,166,0,No Failure,11.300000000000011,55386.299999999996,0.2089820359281437
1,297.5,308.7,1446,53.0,168,0,No Failure,11.199999999999989,76638.0,0.3136094674556213
1,297.5,308.7,1352,53.0,171,0,No Failure,11.199999999999989,71656.0,0.3081395348837209
1,297.4,308.7,1392,46.4,174,0,No Failure,11.300000000000011,64588.799999999996,0.2651428571428571
0,297.5,308.8,1417,49.8,177,0,No Failure,11.300000000000011,70566.59999999999,0.2797752808988764
2,297.5,308.8,1824,24.0,179,0,No Failure,11.300000000000011,43776.0,0.13333333333333333
0,297.5,308.8,1603,36.7,184,0,No Failure,11.300000000000011,58830.100000000006,0.1983783783783784
0,297.4,308.8,1620,33.4,186,0,No Failure,11.400000000000034,54108.0,0.17860962566844918
0,297.4,308.8,1353,49.4,188,0,No Failure,11.400000000000034,66838.2,0.2613756613756614
0,297.5,308.8,1360,50.7,190,0,No Failure,11.300000000000011,68952.0,0.26544502617801047
0,297.5,308.6,1380,53.5,192,0,No Failure,11.100000000000023,73830.0,0.2772020725388601
1,297.5,308.7,1363,53.6,194,0,No Failure,11.199999999999989,73056.8,0.27487179487179486
1,297.4,308.6,1452,41.2,197,0,No Failure,11.200000000000045,59822.4,0.2080808080808081
0,297.4,308.6,1680,32.8,200,0,No Failure,11.200000000000045,55103.99999999999,0.16318407960199002
0,297.5,308.6,1536,39.0,202,0,No Failure,11.100000000000023,59904.0,0.1921182266009852
0,297.5,308.6,1621,28.9,0,0,No Failure,11.100000000000023,46846.899999999994,28.9
0,297.5,308.6,1585,37.6,2,0,No Failure,11.100000000000023,59596.0,12.533333333333333
1,297.6,308.7,1408,51.5,4,0,No Failure,11.099999999999966,72512.0,10.3
2,297.5,308.6,1536,38.7,7,0,No Failure,11.100000000000023,59443.200000000004,4.8375
0,297.5,308.6,1352,52.6,12,0,No Failure,11.100000000000023,71115.2,4.046153846153846
2,297.5,308.6,1481,38.8,14,0,No Failure,11.100000000000023,57462.799999999996,2.5866666666666664
0,297.5,308.7,1454,45.0,19,0,No Failure,11.199999999999989,65430.0,2.25
1,297.5,308.6,1349,51.5,21,0,No Failure,11.100000000000023,69473.5,2.340909090909091
1,297.5,308.6,1327,52.1,24,0,No Failure,11.100000000000023,69136.7,2.084
0,297.6,308.7,1552,42.3,27,0,No Failure,11.099999999999966,65649.59999999999,1.5107142857142857
0,297.5,308.7,1456,44.7,29,0,No Failure,11.199999999999989,65083.200000000004,1.49
1,297.6,308.6,1254,45.8,31,0,No Failure,11.0,57433.2,1.43125
0,297.5,308.6,1437,43.3,34,0,No Failure,11.100000000000023,62222.1,1.237142857142857
0,297.5,308.6,1694,27.1,36,0,No Failure,11.100000000000023,45907.4,0.7324324324324325
0,297.5,308.5,1306,50.7,38,0,No Failure,11.0,66214.2,1.3
1,297.5,308.5,1699,30.1,40,0,No Failure,11.0,51139.9,0.7341463414634146
0,297.4,308.5,1369,53.2,43,0,No Failure,11.100000000000023,72830.8,1.2090909090909092
0,297.4,308.5,1471,43.9,45,0,No Failure,11.100000000000023,64576.9,0.9543478260869565
0,297.4,308.5,1410,43.9,47,0,No Failure,11.100000000000023,61899.0,0.9145833333333333
1,297.4,308.5,1412,45.5,49,0,No Failure,11.100000000000023,64246.0,0.91
0,297.4,308.5,1418,51.2,52,0,No Failure,11.100000000000023,72601.6,0.9660377358490566
0,297.4,308.5,1782,25.9,54,0,No Failure,11.100000000000023,46153.799999999996,0.4709090909090909
1,297.4,308.5,1497,36.4,56,0,No Failure,11.100000000000023,54490.799999999996,0.6385964912280702
0,297.3,308.4,1459,39.4,59,0,No Failure,11.099999999999966,57484.6,0.6566666666666666
0,297.2,308.3,1796,23.8,61,0,No Failure,11.100000000000023,42744.8,0.3838709677419355
0,297.2,308.3,1569,31.2,63,0,No Failure,11.100000000000023,48952.799999999996,0.4875
0,297.3,308.4,1469,46.7,65,0,No Failure,11.099999999999966,68602.3,0.7075757575757576
0,297.3,308.4,1472,41.3,67,0,No Failure,11.099999999999966,60793.6,0.6073529411764705
0,297.4,308.5,1475,47.2,69,0,No Failure,11.100000000000023,69620.0,0.6742857142857144
0,297.4,308.6,1488,36.4,71,0,No Failure,11.200000000000045,54163.2,0.5055555555555555
0,297.4,308.6,1524,43.1,73,0,No Failure,11.200000000000045,65684.40000000001,0.5824324324324325
0,297.4,308.5,1486,48.6,75,0,No Failure,11.100000000000023,72219.6,0.6394736842105263
1,297.5,308.6,1255,60.7,77,0,No Failure,11.100000000000023,76178.5,0.7782051282051282
1,297.4,308.6,1469,42.6,80,0,No Failure,11.200000000000045,62579.4,0.5259259259259259
0,297.4,308.5,1692,34.3,83,0,No Failure,11.100000000000023,58035.6,0.4083333333333333
1,297.4,308.6,1604,32.8,85,0,No Failure,11.200000000000045,52611.2,0.38139534883720927
0,297.4,308.6,1446,48.1,88,0,No Failure,11.200000000000045,69552.6,0.5404494382022472
0,297.3,308.5,1503,43.3,90,0,No Failure,11.199999999999989,65079.899999999994,0.4758241758241758
1,297.3,308.5,1625,32.8,92,0,No Failure,11.199999999999989,53299.99999999999,0.35268817204301073
0,297.2,308.5,1574,35.8,95,0,No Failure,11.300000000000011,56349.2,0.3729166666666666
1,297.2,308.4,1378,41.9,97,0,No Failure,11.199999999999989,57738.2,0.42755102040816323
0,297.1,308.4,1693,29.5,100,0,No Failure,11.299999999999955,49943.5,0.29207920792079206
0,297.2,308.4,1462,51.2,102,0,No Failure,11.199999999999989,74854.40000000001,0.49708737864077673
2,297.3,308.5,1435,55.0,104,0,No Failure,11.199999999999989,78925.0,0.5238095238095238
1,297.2,308.5,1425,45.8,109,0,No Failure,11.300000000000011,65264.99999999999,0.4163636363636363
2,297.3,308.6,1376,53.5,112,0,No Failure,11.300000000000011,73616.0,0.47345132743362833
1,297.4,308.7,1481,48.0,117,0,No Failure,11.300000000000011,71088.0,0.4067796610169492
2,297.4,308.7,1349,48.9,120,0,No Failure,11.300000000000011,65966.09999999999,0.4041322314049587
0,297.3,308.7,1551,40.0,125,0,No Failure,11.399999999999977,62040.0,0.31746031746031744
2,297.4,308.7,1623,33.8,127,0,No Failure,11.300000000000011,54857.399999999994,0.2640625
0,297.4,308.8,1462,49.7,132,0,No Failure,11.400000000000034,72661.40000000001,0.3736842105263158
1,297.3,308.8,1447,57.4,134,0,No Failure,11.5,83057.8,0.42518518518518517
1,297.3,308.9,1799,24.5,137,0,No Failure,11.599999999999966,44075.5,0.17753623188405798
1,297.3,308.8,1548,41.3,140,0,No Failure,11.5,63932.399999999994,0.2929078014184397
1,297.2,308.8,1485,47.9,143,0,No Failure,11.600000000000023,71131.5,0.3326388888888889
0,297.2,308.7,1463,49.9,146,0,No Failure,11.5,73003.7,0.33945578231292517
0,297.3,308.7,1587,35.8,148,0,No Failure,11.399999999999977,56814.6,0.2402684563758389
1,297.3,308.8,1469,44.1,150,0,No Failure,11.5,64782.9,0.29205298013245035
2,297.3,308.7,1430,42.8,153,0,No Failure,11.399999999999977,61203.99999999999,0.2779220779220779
2,297.4,308.7,1726,26.8,158,0,No Failure,11.300000000000011,46256.8,0.16855345911949687
0,297.4,308.8,1651,34.1,163,0,No Failure,11.400000000000034,56299.100000000006,0.2079268292682927
0,297.4,308.8,1529,41.3,165,0,No Failure,11.400000000000034,63147.7,0.24879518072289156
0,297.4,308.8,1473,46.2,167,0,No Failure,11.400000000000034,68052.6,0.275
2,297.4,308.8,1324,53.5,169,0,No Failure,11.400000000000034,70834.0,0.31470588235294117
0,297.4,308.9,1708,28.8,174,0,No Failure,11.5,49190.4,0.16457142857142856
1,297.5,309.1,1540,38.5,176,0,No Failure,11.600000000000023,59290.0,0.2175141242937853
0,297.5,309.0,1320,54.7,179,0,No Failure,11.5,72204.0,0.30388888888888893
1,297.4,308.9,1376,39.0,181,0,No Failure,11.5,53664.0,0.21428571428571427
1,297.3,308.7,1542,37.0,184,0,No Failure,11.399999999999977,57054.0,0.2
0,297.3,308.7,1506,39.3,187,0,No Failure,11.399999999999977,59185.799999999996,0.20904255319148934
0,297.3,308.7,1492,43.6,189,0,No Failure,11.399999999999977,65051.200000000004,0.22947368421052633
2,297.3,308.8,1564,38.0,191,0,No Failure,11.5,59432.0,0.19791666666666666
2,297.4,308.9,1645,30.8,196,0,No Failure,11.5,50666.0,0.15634517766497463
1,297.4,308.9,1348,59.1,201,0,No Failure,11.5,79666.8,0.29257425742574256
1,297.4,308.8,1325,62.4,204,1,Tool Wear Failure,11.400000000000034,82680.0,0.304390243902439
0,297.5,308.9,1443,43.5,0,0,No Failure,11.399999999999977,62770.5,43.5
1,297.5,308.9,1436,44.8,2,0,No Failure,11.399999999999977,64332.799999999996,14.933333333333332
0,297.5,308.9,1596,30.7,5,0,No Failure,11.399999999999977,48997.2,5.116666666666666
0,297.6,309.0,1491,43.2,7,0,No Failure,11.399999999999977,64411.200000000004,5.4
1,297.7,308.9,1573,35.1,9,0,No Failure,11.199999999999989,55212.3,3.5100000000000002
0,297.7,308.9,1575,39.9,12,0,No Failure,11.199999999999989,62842.5,3.069230769230769
0,297.7,308.9,1458,41.1,14,0,No Failure,11.199999999999989,59923.8,2.74
1,297.7,309.0,1433,41.8,16,0,No Failure,11.300000000000011,59899.399999999994,2.4588235294117644
0,297.7,308.9,1662,28.1,19,0,No Failure,11.199999999999989,46702.200000000004,1.405
1,297.7,308.9,1327,63.7,21,0,No Failure,11.199999999999989,84529.90000000001,2.8954545454545455
0,297.7,308.9,1742,26.3,24,0,No Failure,11.199999999999989,45814.6,1.052
0,297.8,308.9,1506,33.5,26,0,No Failure,11.099999999999966,50451.0,1.2407407407407407
0,297.9,309.1,1457,44.4,28,0,No Failure,11.200000000000045,64690.799999999996,1.5310344827586206
1,297.9,309.1,1488,37.3,30,0,No Failure,11.200000000000045,55502.399999999994,1.2032258064516128
0,297.9,309.1,1619,34.7,33,0,No Failure,11.200000000000045,56179.3,1.0205882352941178
1,298.0,309.2,1558,41.7,35,0,No Failure,11.199999999999989,64968.600000000006,1.1583333333333334
0,298.0,309.2,1731,28.7,38,0,No Failure,11.199999999999989,49679.7,0.7358974358974358
1,298.0,309.1,1574,34.8,40,0,No Failure,11.100000000000023,54775.2,0.848780487804878
0,297.9,309.0,1290,49.8,43,0,No Failure,11.100000000000023,64241.99999999999,1.1318181818181818
2,297.9,308.9,1416,39.6,45,0,No Failure,11.0,56073.6,0.8608695652173913
0,297.9,308.9,1566,41.9,50,0,No Failure,11.0,65615.4,0.8215686274509804
0,297.9,309.0,1456,46.5,52,0,No Failure,11.100000000000023,67704.0,0.8773584905660378
0,297.9,309.0,1528,37.5,54,0,No Failure,11.100000000000023,57300.0,0.6818181818181818
1,297.9,309.1,1338,49.6,56,0,No Failure,11.200000000000045,66364.8,0.8701754385964913
1,297.9,309.1,1558,39.2,59,0,No Failure,11.200000000000045,61073.600000000006,0.6533333333333334
1,297.9,309.1,1614,38.1,62,0,No Failure,11.200000000000045,61493.4,0.6047619047619048
2,298.0,309.1,1557,36.4,65,0,No Failure,11.100000000000023,56674.799999999996,0.5515151515151515
0,298.1,309.3,1443,45.3,70,0,No Failure,11.199999999999989,65367.899999999994,0.6380281690140844
2,298.1,309.3,1332,51.0,72,0,No Failure,11.199999999999989,67932.0,0.6986301369863014
1,298.1,309.3,1752,25.2,77,0,No Failure,11.199999999999989,44150.4,0.3230769230769231
1,298.1,309.2,1460,45.8,80,0,No Failure,11.099999999999966,66868.0,0.5654320987654321
0,298.1,309.2,1802,26.9,83,0,No Failure,11.099999999999966,48473.799999999996,0.3202380952380952
0,298.0,309.2,1527,39.5,85,0,No Failure,11.199999999999989,60316.5,0.45930232558139533
0,298.0,309.2,1458,39.8,87,0,No Failure,11.199999999999989,58028.399999999994,0.4522727272727272
2,298.0,309.2,1520,37.9,89,0,No Failure,11.199999999999989,57608.0,0.4211111111111111
0,298.0,309.2,1378,49.7,94,0,No Failure,11.199999999999989,68486.6,0.5231578947368422
1,297.9,309.2,1529,38.1,96,0,No Failure,11.300000000000011,58254.9,0.39278350515463917
0,298.0,309.2,1527,32.4,99,0,No Failure,11.199999999999989,49474.799999999996,0.324
1,298.0,309.2,1438,42.9,101,0,No Failure,11.199999999999989,61690.2,0.42058823529411765
0,297.9,309.0,1583,36.7,104,0,No Failure,11.100000000000023,58096.100000000006,0.34952380952380957
0,297.8,308.9,1530,37.6,106,0,No Failure,11.099999999999966,57528.0,0.3514018691588785
1,297.7,308.9,1530,39.1,108,0,No Failure,11.199999999999989,59823.0,0.3587155963302752
1,297.7,308.8,2089,19.1,111,0,No Failure,11.100000000000023,39899.9,0.1705357142857143
0,297.7,308.8,1616,34.2,114,0,No Failure,11.100000000000023,55267.200000000004,0.2973913043478261
1,297.7,308.9,1681,28.3,116,0,No Failure,11.199999999999989,47572.3,0.24188034188034188
0,297.6,308.8,1475,43.0,119,0,No Failure,11.199999999999989,63425.0,0.35833333333333334
0,297.5,308.7,1371,46.5,121,0,No Failure,11.199999999999989,63751.5,0.38114754098360654
1,297.5,308.7,1546,38.0,123,0,No Failure,11.199999999999989,58748.0,0.3064516129032258
2,297.4,308.6,1461,40.1,126,0,No Failure,11.200000000000045,58586.1,0.315748031496063
0,297.4,308.7,1638,31.9,131,0,No Failure,11.300000000000011,52252.2,0.24166666666666667
1,297.3,308.7,1577,35.6,133,0,No Failure,11.399999999999977,56141.200000000004,0.2656716417910448
0,297.4,308.6,1532,38.7,136,0,No Failure,11.200000000000045,59288.4,0.28248175182481755
1,297.3,308.5,1710,27.7,138,0,No Failure,11.199999999999989,47367.0,0.19928057553956835
1,297.3,308.6,1584,29.4,141,0,No Failure,11.300000000000011,46569.6,0.20704225352112676
0,297.3,308.6,1446,50.1,144,0,No Failure,11.300000000000011,72444.6,0.34551724137931034
2,297.4,308.7,1522,46.3,146,0,No Failure,11.300000000000011,70468.59999999999,0.3149659863945578
1,297.4,308.7,1382,49.9,151,0,No Failure,11.300000000000011,68961.8,0.3282894736842105
0,297.4,308.7,1584,38.2,154,0,No Failure,11.300000000000011,60508.8,0.24645161290322581
0,297.3,308.6,1385,55.2,156,0,No Failure,11.300000000000011,76452.0,0.3515923566878981
0,297.3,308.7,1592,34.4,158,0,No Failure,11.399999999999977,54764.799999999996,0.21635220125786161
1,297.2,308.6,1404,43.7,160,0,No Failure,11.400000000000034,61354.8,0.27142857142857146
0,297.2,308.5,1518,44.3,163,0,No Failure,11.300000000000011,67247.4,0.27012195121951216
0,297.1,308.4,1529,40.4,165,0,No Failure,11.299999999999955,61771.6,0.2433734939759036
0,297.1,308.4,1550,37.0,167,0,No Failure,11.299999999999955,57350.0,0.22023809523809523
0,297.1,308.3,1773,23.8,169,0,No Failure,11.199999999999989,42197.4,0.14
0,297.2,308.5,1446,43.7,171,0,No Failure,11.300000000000011,63190.200000000004,0.2540697674418605
1,297.2,308.5,1487,46.9,173,0,No Failure,11.300000000000011,69740.3,0.26954022988505744
1,297.3,308.5,1524,49.3,176,0,No Failure,11.199999999999989,75133.2,0.27853107344632766
0,297.1,308.3,1403,54.1,179,0,No Failure,11.199999999999989,75902.3,0.3005555555555556
0,297.1,308.2,2267,15.7,181,0,No Failure,11.099999999999966,35591.9,0.08626373626373626
1,297.1,308.2,1529,37.9,183,0,No Failure,11.099999999999966,57949.1,0.20597826086956522
0,297.1,308.2,1402,51.2,186,0,No Failure,11.099999999999966,71782.40000000001,0.2737967914438503
0,297.2,308.3,1693,28.0,188,0,No Failure,11.100000000000023,47404.0,0.14814814814814814
0,297.1,308.3,1496,45.8,190,0,No Failure,11.199999999999989,68516.8,0.23979057591623035
0,297.1,308.1,1633,33.3,192,0,No Failure,11.0,54378.899999999994,0.17253886010362693
0,297.1,308.2,1399,42.6,194,0,No Failure,11.099999999999966,59597.4,0.21846153846153846
1,297.0,308.1,1363,45.3,196,0,No Failure,11.100000000000023,61743.899999999994,0.2299492385786802
2,297.1,308.2,1527,42.2,199,0,No Failure,11.099999999999966,64439.4,0.21100000000000002
1,297.2,308.2,1405,42.5,204,0,No Failure,11.0,59712.5,0.2073170731707317
1,297.3,308.3,1459,59.6,207,1,Power Failure,11.0,86956.40000000001,0.2865384615384615
1,297.4,308.4,1789,25.0,210,0,No Failure,11.0,44725.0,0.11848341232227488
0,297.4,308.4,1531,41.5,213,0,No Failure,11.0,63536.5,0.1939252336448598
1,297.4,308.4,1620,35.8,215,0,No Failure,11.0,57995.99999999999,0.16574074074074072
0,297.4,308.4,1571,39.4,0,0,No Failure,11.0,61897.399999999994,39.4
0,297.4,308.4,1434,39.9,2,0,No Failure,11.0,57216.6,13.299999999999999
0,297.4,308.4,1474,43.6,4,0,No Failure,11.0,64266.4,8.72
1,297.3,308.3,1544,41.7,6,0,No Failure,11.0,64384.8,5.957142857142857
0,297.3,308.2,1601,35.7,9,0,No Failure,10.899999999999977,57155.700000000004,3.5700000000000003
0,297.4,308.3,1801,26.9,11,0,No Failure,10.900000000000034,48446.899999999994,2.2416666666666667
0,297.4,308.3,1465,42.0,13,0,No Failure,10.900000000000034,61530.0,3.0
1,297.4,308.4,1340,52.6,15,0,No Failure,11.0,70484.0,3.2875
1,297.4,308.4,1517,41.0,18,0,No Failure,11.0,62197.0,2.1578947368421053
1,297.3,308.4,1434,44.8,21,0,No Failure,11.099999999999966,64243.2,2.036363636363636
2,297.3,308.3,1935,19.3,24,0,No Failure,11.0,37345.5,0.772
1,297.3,308.3,1595,32.2,29,0,No Failure,11.0,51359.00000000001,1.0733333333333335
0,297.3,308.3,2188,17.0,32,0,No Failure,11.0,37196.0,0.5151515151515151
1,297.3,308.4,1449,44.4,34,0,No Failure,11.099999999999966,64335.6,1.2685714285714285
0,297.3,308.3,1471,38.2,37,0,No Failure,11.0,56192.200000000004,1.0052631578947369
0,297.4,308.2,1639,33.8,39,0,No Failure,10.800000000000011,55398.2,0.845
1,297.3,308.2,1846,24.5,41,0,No Failure,10.899999999999977,45227.0,0.5833333333333334
1,297.3,308.2,1452,38.2,44,0,No Failure,10.899999999999977,55466.4,0.8488888888888889
1,297.4,308.3,1483,41.9,47,0,No Failure,10.900000000000034,62137.7,0.8729166666666667
0,297.4,308.3,1284,60.3,50,0,No Failure,10.900000000000034,77425.2,1.1823529411764706
0,297.4,308.2,1419,50.0,52,0,No Failure,10.800000000000011,70950.0,0.9433962264150944
0,297.3,308.1,1763,28.4,54,0,No Failure,10.800000000000011,50069.2,0.5163636363636364
1,297.2,308.0,1478,42.5,56,0,No Failure,10.800000000000011,62815.0,0.7456140350877193
0,297.3,308.0,1518,36.0,59,0,No Failure,10.699999999999989,54648.0,0.6
0,297.3,308.0,1447,49.0,61,0,No Failure,10.699999999999989,70903.0,0.7903225806451613
1,297.4,308.0,1355,55.1,63,0,No Failure,10.600000000000023,74660.5,0.8609375
0,297.4,308.1,1348,57.4,66,0,No Failure,10.700000000000045,77375.2,0.8567164179104477
0,297.4,308.1,1348,53.7,68,0,No Failure,10.700000000000045,72387.6,0.7782608695652175
1,297.4,308.1,1734,27.7,70,0,No Failure,10.700000000000045,48031.799999999996,0.3901408450704225
0,297.3,308.0,1420,46.5,73,0,No Failure,10.699999999999989,66030.0,0.6283783783783784
0,297.3,307.9,1797,24.7,75,0,No Failure,10.599999999999966,44385.9,0.325
1,297.3,308.0,1403,45.0,77,0,No Failure,10.699999999999989,63135.0,0.5769230769230769
0,297.3,307.9,1628,30.2,80,0,No Failure,10.599999999999966,49165.6,0.3728395061728395
1,297.2,307.9,1687,30.4,82,0,No Failure,10.699999999999989,51284.799999999996,0.36626506024096384
1,297.2,307.9,1456,44.9,85,0,No Failure,10.699999999999989,65374.4,0.522093023255814
0,297.1,307.9,1496,44.7,88,0,No Failure,10.799999999999955,66871.2,0.5022471910112359
0,297.1,307.8,1636,30.3,90,0,No Failure,10.699999999999989,49570.8,0.33296703296703295
0,297.1,307.8,1536,40.4,92,0,No Failure,10.699999999999989,62054.399999999994,0.4344086021505376
0,297.1,307.8,1454,50.6,94,0,No Failure,10.699999999999989,73572.40000000001,0.5326315789473685
0,297.0,307.8,1396,50.0,96,0,No Failure,10.800000000000011,69800.0,0.5154639175257731
0,297.0,307.6,1575,37.4,98,0,No Failure,10.600000000000023,58905.0,0.37777777777777777
0,296.9,307.6,1514,35.7,100,0,No Failure,10.700000000000045,54049.8,0.3534653465346535
1,296.8,307.4,1455,49.9,102,0,No Failure,10.599999999999966,72604.5,0.4844660194174757
0,296.8,307.4,1549,48.3,105,0,No Failure,10.599999999999966,74816.7,0.4556603773584905
0,296.8,307.5,1474,42.4,107,0,No Failure,10.699999999999989,62497.6,0.3925925925925926
2,296.7,307.4,1661,34.2,109,0,No Failure,10.699999999999989,56806.200000000004,0.3109090909090909
0,296.7,307.4,1535,34.6,114,0,No Failure,10.699999999999989,53111.0,0.30086956521739133
1,296.9,307.5,1556,31.2,116,0,No Failure,10.600000000000023,48547.2,0.26666666666666666
0,296.9,307.6,1435,45.0,119,0,No Failure,10.700000000000045,64575.0,0.375
1,296.9,307.5,1332,51.1,121,0,No Failure,10.600000000000023,68065.2,0.41885245901639345
0,297.0,307.6,1513,42.4,124,0,No Failure,10.600000000000023,64151.2,0.3392
0,297.0,307.7,1502,39.4,126,0,No Failure,10.699999999999989,59178.799999999996,0.3102362204724409
0,297.0,307.7,1315,60.1,128,0,No Failure,10.699999999999989,79031.5,0.4658914728682171
1,297.0,307.7,1261,51.1,130,0,No Failure,10.699999999999989,64437.1,0.3900763358778626
0,297.1,307.8,1406,60.4,133,0,No Failure,10.699999999999989,84922.4,0.4507462686567164
0,297.1,307.8,1584,42.3,135,0,No Failure,10.699999999999989,67003.2,0.3110294117647059
1,297.1,307.8,1443,43.9,137,0,No Failure,10.699999999999989,63347.7,0.3181159420289855
0,297.2,307.9,1580,35.8,140,0,No Failure,10.699999999999989,56563.99999999999,0.25390070921985813
0,297.2,307.9,1825,24.6,142,0,No Failure,10.699999999999989,44895.0,0.17202797202797204
0,297.2,307.9,1469,48.2,144,0,No Failure,10.699999999999989,70805.8,0.3324137931034483
0,297.2,307.9,1493,38.4,146,0,No Failure,10.699999999999989,57331.2,0.26122448979591834
1,297.3,308.0,1598,29.4,148,0,No Failure,10.699999999999989,46981.2,0.19731543624161074
2,297.2,307.9,1450,37.2,151,0,No Failure,10.699999999999989,53940.00000000001,0.24473684210526317
1,297.2,307.9,1632,37.5,156,0,No Failure,10.699999999999989,61200.0,0.23885350318471338
1,297.1,307.9,1980,20.3,159,0,No Failure,10.799999999999955,40194.0,0.12687500000000002
0,297.2,308.0,1474,43.7,162,0,No Failure,10.800000000000011,64413.8,0.26809815950920246
0,297.2,307.9,1540,37.1,164,0,No Failure,10.699999999999989,57134.0,0.22484848484848485
1,297.1,307.9,1609,38.9,166,0,No Failure,10.799999999999955,62590.1,0.23293413173652694
0,297.1,308.0,1467,42.8,169,0,No Failure,10.899999999999977,62787.6,0.25176470588235295
0,297.1,307.9,1492,39.4,171,0,No Failure,10.799999999999955,58784.799999999996,0.22906976744186044
0,297.0,307.9,1493,46.1,173,0,No Failure,10.899999999999977,68827.3,0.2649425287356322
0,297.0,307.8,1500,39.9,175,0,No Failure,10.800000000000011,59850.0,0.22670454545454544
0,297.1,307.8,1477,36.6,177,0,No Failure,10.699999999999989,54058.200000000004,0.20561797752808988
0,297.1,307.9,1342,49.1,179,0,No Failure,10.799999999999955,65892.2,0.2727777777777778
1,297.1,307.8,1538,34.3,181,0,No Failure,10.699999999999989,52753.399999999994,0.18846153846153846
0,297.2,307.9,1337,58.1,184,0,No Failure,10.699999999999989,77679.7,0.31405405405405407
0,297.3,307.9,1417,41.8,186,0,No Failure,10.599999999999966,59230.6,0.22352941176470587
0,297.4,308.0,1383,46.2,188,0,No Failure,10.600000000000023,63894.600000000006,0.24444444444444446
1,297.4,308.0,1440,42.4,190,0,No Failure,10.600000000000023,61056.0,0.22198952879581152
0,297.3,307.9,1579,34.4,193,0,No Failure,10.599999999999966,54317.6,0.17731958762886596
0,297.2,307.9,1441,40.0,195,0,No Failure,10.699999999999989,57640.0,0.20408163265306123
1,297.2,307.9,1530,35.9,197,0,No Failure,10.699999999999989,54927.0,0.18131313131313131
0,297.2,308.0,1705,26.0,200,0,No Failure,10.800000000000011,44330.0,0.12935323383084577
2,297.2,308.0,1435,43.0,202,0,No Failure,10.800000000000011,61705.0,0.21182266009852216
1,297.2,308.1,1340,61.3,207,1,Overstrain Failure,10.900000000000034,82142.0,0.29471153846153847
0,297.2,308.1,1431,49.7,210,1,Unknown Failure,10.900000000000034,71120.7,0.23554502369668248
0,297.3,308.2,1396,52.7,212,1,Overstrain Failure,10.899999999999977,73569.2,0.24741784037558687
1,297.3,308.1,1369,52.0,214,0,No Failure,10.800000000000011,71188.0,0.24186046511627907
0,297.3,308.1,1615,35.4,217,1,Tool Wear Failure,10.800000000000011,57171.0,0.1623853211009174
0,297.2,308.1,1662,31.3,0,0,No Failure,10.900000000000034,52020.6,31.3
0,297.3,308.2,1553,33.5,2,0,No Failure,10.899999999999977,52025.5,11.166666666666666
1,297.4,308.2,1536,34.6,4,0,No Failure,10.800000000000011,53145.600000000006,6.92
0,297.4,308.3,1548,46.6,7,0,No Failure,10.900000000000034,72136.8,5.825
0,297.4,308.3,1706,30.9,9,0,No Failure,10.900000000000034,52715.399999999994,3.09
0,297.4,308.3,1366,45.5,11,0,No Failure,10.900000000000034,62153.0,3.7916666666666665
0,297.5,308.4,1440,35.9,13,0,No Failure,10.899999999999977,51696.0,2.564285714285714
1,297.5,308.4,1685,28.1,15,0,No Failure,10.899999999999977,47348.5,1.75625
1,297.4,308.3,1444,44.0,18,0,No Failure,10.900000000000034,63536.0,2.3157894736842106
0,297.4,308.3,1395,48.7,21,0,No Failure,10.900000000000034,67936.5,2.213636363636364
0,297.4,308.3,1483,38.8,23,0,No Failure,10.900000000000034,57540.399999999994,1.6166666666666665
1,297.5,308.4,1403,44.3,25,0,No Failure,10.899999999999977,62152.899999999994,1.7038461538461538
2,297.5,308.4,1793,23.9,28,0,No Failure,10.899999999999977,42852.7,0.8241379310344827
0,297.4,308.3,1723,28.8,33,0,No Failure,10.900000000000034,49622.4,0.8470588235294118
0,297.4,308.2,1386,41.0,35,0,No Failure,10.800000000000011,56826.0,1.1388888888888888
2,297.4,308.2,1585,46.2,37,0,No Failure,10.800000000000011,73227.0,1.2157894736842105
1,297.3,308.1,1731,27.7,42,0,No Failure,10.800000000000011,47948.7,0.6441860465116279
0,297.3,308.3,1519,37.7,45,0,No Failure,11.0,57266.3,0.8195652173913044
0,297.3,308.2,1896,24.4,47,0,No Failure,10.899999999999977,46262.399999999994,0.5083333333333333
0,297.3,308.3,2358,14.9,49,0,No Failure,11.0,35134.200000000004,0.298
1,297.3,308.3,1341,51.9,51,0,No Failure,11.0,69597.9,0.9980769230769231
0,297.3,308.3,1550,37.0,54,0,No Failure,11.0,57350.0,0.6727272727272727
0,297.3,308.3,1309,61.5,56,0,No Failure,11.0,80503.5,1.0789473684210527
1,297.3,308.4,1599,32.9,58,0,No Failure,11.099999999999966,52607.1,0.5576271186440678
0,297.4,308.4,1343,40.0,61,0,No Failure,11.0,53720.0,0.6451612903225806
0,297.4,308.4,1378,39.9,63,0,No Failure,11.0,54982.2,0.6234375
0,297.4,308.4,1603,34.6,65,0,No Failure,11.0,55463.8,0.5242424242424243
0,297.4,308.4,1664,28.1,67,0,No Failure,11.0,46758.4,0.4132352941176471
0,297.3,308.4,1488,37.4,69,0,No Failure,11.099999999999966,55651.2,0.5342857142857143
1,297.3,308.4,1370,50.5,71,0,No Failure,11.099999999999966,69185.0,0.7013888888888888
0,297.3,308.5,1545,34.3,74,0,No Failure,11.199999999999989,52993.49999999999,0.4573333333333333
1,297.4,308.5,1566,31.4,76,0,No Failure,11.100000000000023,49172.399999999994,0.40779220779220776
0,297.4,308.6,1820,24.6,79,0,No Failure,11.200000000000045,44772.0,0.3075
1,297.4,308.6,1901,22.1,81,0,No Failure,11.200000000000045,42012.100000000006,0.26951219512195124
1,297.4,308.5,1638,32.2,84,0,No Failure,11.100000000000023,52743.600000000006,0.3788235294117647
1,297.3,308.4,1521,38.2,87,0,No Failure,11.099999999999966,58102.200000000004,0.43409090909090914
2,297.3,308.4,1864,23.1,90,0,No Failure,11.099999999999966,43058.4,0.2538461538461539
0,297.3,308.3,1430,41.9,95,0,No Failure,11.0,59917.0,0.43645833333333334
1,297.3,308.4,1686,34.5,97,0,No Failure,11.099999999999966,58167.0,0.3520408163265306
1,297.2,308.3,1326,57.2,100,0,No Failure,11.100000000000023,75847.2,0.5663366336633664
0,297.2,308.3,1805,25.6,103,0,No Failure,11.100000000000023,46208.0,0.24615384615384617
2,297.2,308.3,1453,45.8,105,0,No Failure,11.100000000000023,66547.4,0.43207547169811317
1,297.2,308.4,1863,26.0,110,0,No Failure,11.199999999999989,48438.0,0.23423423423423423
0,297.2,308.3,1576,35.3,113,0,No Failure,11.100000000000023,55632.799999999996,0.3096491228070175
0,297.2,308.3,1419,39.7,115,0,No Failure,11.100000000000023,56334.3,0.3422413793103449
0,297.2,308.4,1833,25.2,117,0,No Failure,11.199999999999989,46191.6,0.2135593220338983
2,297.2,308.4,2182,17.3,119,0,No Failure,11.199999999999989,37748.6,0.14416666666666667
0,297.2,308.3,1656,30.3,124,0,No Failure,11.100000000000023,50176.8,0.2424
0,297.1,308.2,1351,56.6,126,0,No Failure,11.099999999999966,76466.6,0.4456692913385827
2,297.1,308.2,1790,30.3,128,0,No Failure,11.099999999999966,54237.0,0.23488372093023258
1,297.2,308.2,1678,28.1,133,0,No Failure,11.0,47151.8,0.20970149253731343
0,297.1,308.2,1427,45.2,136,0,No Failure,11.099999999999966,64500.4,0.3299270072992701
0,297.0,308.1,1429,54.0,138,0,No Failure,11.100000000000023,77166.0,0.38848920863309355
2,297.2,308.1,1770,27.2,140,0,No Failure,10.900000000000034,48144.0,0.19290780141843972
0,297.2,308.1,1689,31.2,145,0,No Failure,10.900000000000034,52696.799999999996,0.21369863013698628
1,297.2,308.1,1554,41.3,147,0,No Failure,10.900000000000034,64180.2,0.27905405405405403
0,297.3,308.1,1506,36.0,150,0,No Failure,10.800000000000011,54216.0,0.23841059602649006
0,297.2,308.1,1474,44.3,152,0,No Failure,10.900000000000034,65298.2,0.2895424836601307
0,297.3,308.1,1762,26.1,154,0,No Failure,10.800000000000011,45988.200000000004,0.16838709677419356
0,297.3,308.1,1566,35.7,156,0,No Failure,10.800000000000011,55906.200000000004,0.22738853503184714
2,297.3,308.1,1554,42.4,158,0,No Failure,10.800000000000011,65889.59999999999,0.26666666666666666
0,297.2,308.0,1869,25.4,163,0,No Failure,10.800000000000011,47472.6,0.1548780487804878
0,297.3,308.0,1527,35.1,165,0,No Failure,10.699999999999989,53597.700000000004,0.21144578313253012
0,297.2,307.9,1309,49.6,167,0,No Failure,10.699999999999989,64926.4,0.29523809523809524
1,297.2,307.9,1541,35.7,169,0,No Failure,10.699999999999989,55013.700000000004,0.21000000000000002
0,297.2,307.9,1326,75.4,172,1,Power Failure,10.699999999999989,99980.40000000001,0.4358381502890174
2,297.1,307.9,1365,54.0,174,0,No Failure,10.799999999999955,73710.0,0.30857142857142855
0,297.1,307.8,1428,43.7,179,0,No Failure,10.699999999999989,62403.600000000006,0.2427777777777778
0,297.1,307.8,1681,27.6,181,0,No Failure,10.699999999999989,46395.600000000006,0.15164835164835166
1,297.1,307.9,1662,26.9,183,0,No Failure,10.799999999999955,44707.799999999996,0.14619565217391303
0,297.2,307.9,1989,20.3,186,0,No Failure,10.699999999999989,40376.700000000004,0.10855614973262033
1,297.2,307.9,1747,29.0,188,0,No Failure,10.699999999999989,50663.0,0.15343915343915343
1,297.2,308.0,1765,31.1,191,0,No Failure,10.800000000000011,54891.5,0.16197916666666667
0,297.3,308.1,1568,34.4,194,0,No Failure,10.800000000000011,53939.2,0.1764102564102564
1,297.3,308.1,1709,30.6,196,0,No Failure,10.800000000000011,52295.4,0.15532994923857868
1,297.3,308.1,1370,58.8,199,0,No Failure,10.800000000000011,80556.0,0.294
0,297.3,308.1,1458,45.7,202,0,No Failure,10.800000000000011,66630.6,0.22512315270935962
0,297.2,308.1,1712,30.9,204,0,No Failure,10.900000000000034,52900.799999999996,0.15073170731707317
0,297.3,308.1,1642,36.9,206,0,No Failure,10.800000000000011,60589.799999999996,0.1782608695652174
0,297.3,308.1,1468,49.8,0,0,No Failure,10.800000000000011,73106.4,49.8
2,297.3,308.1,1477,52.3,2,0,No Failure,10.800000000000011,77247.09999999999,17.433333333333334
0,297.3,308.2,1446,53.5,7,0,No Failure,10.899999999999977,77361.0,6.6875
2,297.3,308.2,1653,31.4,9,0,No Failure,10.899999999999977,51904.2,3.1399999999999997
0,297.3,308.3,1494,38.2,14,0,No Failure,11.0,57070.8,2.546666666666667
0,297.3,308.2,1490,41.0,16,0,No Failure,10.899999999999977,61090.0,2.411764705882353
1,297.4,308.3,1550,47.8,18,0,No Failure,10.900000000000034,74090.0,2.5157894736842104
1,297.3,308.2,1677,34.9,21,0,No Failure,10.899999999999977,58527.299999999996,1.5863636363636362
0,297.4,308.3,1854,21.8,24,0,No Failure,10.900000000000034,40417.200000000004,0.872
1,297.5,308.5,1662,30.3,26,0,No Failure,11.0,50358.6,1.1222222222222222
1,297.5,308.6,1440,38.8,29,0,No Failure,11.100000000000023,55871.99999999999,1.2933333333333332
0,297.5,308.6,1513,39.7,32,0,No Failure,11.100000000000023,60066.100000000006,1.2030303030303031
1,297.6,308.6,1389,49.0,34,0,No Failure,11.0,68061.0,1.4
0,297.6,308.6,1351,51.0,37,0,No Failure,11.0,68901.0,1.3421052631578947
1,297.6,308.6,1482,38.3,39,0,No Failure,11.0,56760.6,0.9574999999999999
0,297.6,308.6,1744,28.5,42,0,No Failure,11.0,49704.0,0.6627906976744186
0,297.6,308.7,1476,39.0,44,0,No Failure,11.099999999999966,57564.0,0.8666666666666667
1,297.6,308.6,1444,48.2,46,0,No Failure,11.0,69600.8,1.025531914893617
2,297.6,308.7,1659,32.1,49,0,No Failure,11.099999999999966,53253.9,0.642
1,297.6,308.7,1475,46.6,54,0,No Failure,11.099999999999966,68735.0,0.8472727272727273
0,297.6,308.6,1526,42.1,57,0,No Failure,11.0,64244.6,0.7258620689655173
1,297.4,308.4,1675,29.5,59,0,No Failure,11.0,49412.5,0.49166666666666664
0,297.4,308.4,1525,38.7,62,0,No Failure,11.0,59017.50000000001,0.6142857142857143
0,297.3,308.3,1396,45.9,64,0,No Failure,11.0,64076.4,0.7061538461538461
0,297.4,308.4,1580,41.2,66,0,No Failure,11.0,65096.00000000001,0.6149253731343284
0,297.4,308.5,1462,42.8,68,0,No Failure,11.100000000000023,62573.6,0.6202898550724637
0,297.4,308.4,1426,50.4,70,0,No Failure,11.0,71870.4,0.7098591549295774
0,297.4,308.5,1569,34.2,72,0,No Failure,11.100000000000023,53659.8,0.4684931506849315
0,297.4,308.5,1477,40.7,74,0,No Failure,11.100000000000023,60113.9,0.5426666666666667
0,297.4,308.5,1761,27.2,76,0,No Failure,11.100000000000023,47899.2,0.35324675324675325
1,297.5,308.6,1486,45.9,78,0,No Failure,11.100000000000023,68207.4,0.5810126582278481
0,297.6,308.6,1664,30.1,81,0,No Failure,11.0,50086.4,0.3670731707317073
0,297.6,308.6,1576,32.7,83,0,No Failure,11.0,51535.200000000004,0.38928571428571435
2,297.6,308.6,1463,46.7,85,0,No Failure,11.0,68322.1,0.5430232558139535
1,297.6,308.6,1585,42.0,90,0,No Failure,11.0,66570.0,0.46153846153846156
0,297.7,308.7,1479,45.7,93,0,No Failure,11.0,67590.3,0.48617021276595745
0,297.7,308.7,1449,40.2,95,0,No Failure,11.0,58249.8,0.41875
2,297.7,308.8,1404,50.3,97,0,No Failure,11.100000000000023,70621.2,0.5132653061224489
0,297.7,308.7,1694,29.1,102,0,No Failure,11.0,49295.4,0.2825242718446602
0,297.7,308.7,1731,28.4,104,0,No Failure,11.0,49160.399999999994,0.2704761904761905
0,297.6,308.6,1522,37.0,106,0,No Failure,11.0,56314.0,0.34579439252336447
0,297.5,308.5,1536,36.9,108,0,No Failure,11.0,56678.399999999994,0.3385321100917431
0,297.5,308.5,1373,39.9,110,0,No Failure,11.0,54782.7,0.35945945945945945
0,297.5,308.5,1597,36.4,112,0,No Failure,11.0,58130.799999999996,0.3221238938053097
0,297.6,308.5,1678,34.2,114,0,No Failure,10.899999999999977,57387.600000000006,0.2973913043478261
0,297.6,308.5,1452,42.6,116,0,No Failure,10.899999999999977,61855.200000000004,0.36410256410256414
1,297.5,308.5,1447,41.6,118,0,No Failure,11.0,60195.200000000004,0.34957983193277314
0,297.6,308.5,1574,37.1,121,0,No Failure,10.899999999999977,58395.4,0.3040983606557377
0,297.6,308.6,1528,40.0,123,0,No Failure,11.0,61120.0,0.3225806451612903
0,297.7,308.7,1688,27.2,125,0,No Failure,11.0,45913.6,0.21587301587301586
0,297.6,308.6,1393,40.4,127,0,No Failure,11.0,56277.2,0.315625
1,297.5,308.6,1429,50.5,129,0,No Failure,11.100000000000023,72164.5,0.38846153846153847
1,297.5,308.6,1347,57.0,132,0,No Failure,11.100000000000023,76779.0,0.42857142857142855
0,297.6,308.6,1553,40.5,135,0,No Failure,11.0,62896.5,0.2977941176470588
0,297.5,308.6,1260,53.6,137,0,No Failure,11.100000000000023,67536.0,0.3884057971014493
0,297.5,308.6,1546,33.8,139,0,No Failure,11.100000000000023,52254.799999999996,0.2414285714285714
0,297.5,308.6,1596,36.0,141,0,No Failure,11.100000000000023,57456.0,0.2535211267605634
0,297.5,308.5,1340,57.4,143,0,No Failure,11.0,76916.0,0.3986111111111111
1,297.5,308.4,1369,54.8,145,0,No Failure,10.899999999999977,75021.2,0.3753424657534246
0,297.5,308.5,1462,52.3,148,0,No Failure,11.0,76462.59999999999,0.35100671140939593
2,297.4,308.4,1487,46.2,150,0,No Failure,11.0,68699.40000000001,0.30596026490066225
1,297.5,308.6,1510,35.5,155,0,No Failure,11.100000000000023,53605.0,0.22756410256410256
2,297.5,308.5,1671,28.0,158,0,No Failure,11.0,46788.0,0.1761006289308176
1,297.5,308.5,1612,30.0,163,0,No Failure,11.0,48360.0,0.18292682926829268
1,297.6,308.6,1509,39.7,166,0,No Failure,11.0,59907.3,0.2377245508982036
0,297.6,308.6,1415,47.3,169,0,No Failure,11.0,66929.5,0.278235294117647
0,297.6,308.6,2384,14.4,171,0,No Failure,11.0,34329.6,0.08372093023255814
0,297.6,308.6,1326,62.4,173,0,No Failure,11.0,82742.4,0.3586206896551724
1,297.6,308.6,1390,53.4,175,0,No Failure,11.0,74226.0,0.3034090909090909
1,297.6,308.7,1392,41.2,178,0,No Failure,11.099999999999966,57350.4,0.23016759776536314
2,297.6,308.8,1385,44.4,181,0,No Failure,11.199999999999989,61494.0,0.24395604395604395
0,297.7,308.8,1896,24.5,186,0,No Failure,11.100000000000023,46452.0,0.13101604278074866
0,297.7,308.7,1474,46.8,188,0,No Failure,11.0,68983.2,0.2476190476190476
1,297.7,308.8,1388,45.6,190,0,No Failure,11.100000000000023,63292.8,0.2387434554973822
0,297.7,308.9,1715,27.2,193,0,No Failure,11.199999999999989,46648.0,0.1402061855670103
2,297.8,308.9,1650,32.2,195,0,No Failure,11.099999999999966,53130.00000000001,0.1642857142857143
0,297.8,308.9,1871,25.6,200,1,Tool Wear Failure,11.099999999999966,47897.600000000006,0.127363184079602
0,297.8,309.0,1403,64.2,0,1,Power Failure,11.199999999999989,90072.6,64.2
0,297.8,308.9,1518,40.4,2,0,No Failure,11.099999999999966,61327.2,13.466666666666667
0,297.9,309.1,1504,43.0,4,0,No Failure,11.200000000000045,64672.0,8.6
0,297.8,309.0,1340,56.9,6,0,No Failure,11.199999999999989,76246.0,8.128571428571428
2,297.9,309.1,1435,44.7,8,0,No Failure,11.200000000000045,64144.50000000001,4.966666666666667
0,297.9,309.1,1507,36.9,13,0,No Failure,11.200000000000045,55608.299999999996,2.6357142857142857
0,297.9,309.1,1521,36.1,15,0,No Failure,11.200000000000045,54908.1,2.25625
1,297.8,309.0,1576,45.0,17,0,No Failure,11.199999999999989,70920.0,2.5
0,297.9,309.1,1543,36.6,20,0,No Failure,11.200000000000045,56473.8,1.7428571428571429
0,298.0,309.2,1665,36.6,22,0,No Failure,11.199999999999989,60939.0,1.591304347826087
0,297.9,309.1,1442,50.3,24,0,No Failure,11.200000000000045,72532.59999999999,2.012
0,297.9,309.0,1629,29.0,26,0,No Failure,11.100000000000023,47241.0,1.0740740740740742
0,297.9,309.0,1379,47.3,28,0,No Failure,11.100000000000023,65226.7,1.6310344827586205
0,297.9,309.0,1502,40.2,30,0,No Failure,11.100000000000023,60380.4,1.2967741935483872
0,297.9,309.1,1595,32.0,32,0,No Failure,11.200000000000045,51040.0,0.9696969696969697
1,298.0,309.0,1439,38.5,34,0,No Failure,11.0,55401.5,1.1
1,297.9,309.0,1970,21.6,37,0,No Failure,11.100000000000023,42552.0,0.5684210526315789
0,297.9,309.0,1562,35.8,40,0,No Failure,11.100000000000023,55919.6,0.873170731707317
1,297.9,309.0,1530,40.9,42,0,No Failure,11.100000000000023,62577.0,0.9511627906976744
0,297.9,308.9,1393,40.6,45,0,No Failure,11.0,56555.8,0.8826086956521739
0,297.9,309.0,1532,37.6,47,0,No Failure,11.100000000000023,57603.200000000004,0.7833333333333333
0,298.0,308.9,1607,37.7,49,0,No Failure,10.899999999999977,60583.9,0.754
1,297.9,308.8,1469,49.0,51,0,No Failure,10.900000000000034,71981.0,0.9423076923076923
1,297.9,308.8,1538,37.6,54,0,No Failure,10.900000000000034,57828.8,0.6836363636363637
0,297.9,308.8,1613,31.4,57,0,No Failure,10.900000000000034,50648.2,0.5413793103448276
1,297.9,308.8,1602,32.1,59,0,No Failure,10.900000000000034,51424.200000000004,0.535
0,297.8,308.7,1404,44.2,62,0,No Failure,10.899999999999977,62056.8,0.7015873015873016
0,297.8,308.8,1548,36.9,64,0,No Failure,11.0,57121.2,0.5676923076923077
0,297.8,308.8,1559,35.2,66,0,No Failure,11.0,54876.8,0.5253731343283583
0,297.8,308.8,1621,36.1,68,0,No Failure,11.0,58518.100000000006,0.5231884057971015
0,297.8,308.8,1579,32.9,70,0,No Failure,11.0,51949.1,0.46338028169014084
1,297.9,308.9,1547,44.0,72,0,No Failure,11.0,68068.0,0.6027397260273972
0,297.9,308.8,1386,48.6,75,0,No Failure,10.900000000000034,67359.6,0.6394736842105263
0,298.0,308.9,1406,40.9,77,0,No Failure,10.899999999999977,57505.4,0.5243589743589744
1,298.0,309.0,1393,55.9,79,0,No Failure,11.0,77868.7,0.69875
1,297.9,309.0,2456,13.9,82,0,No Failure,11.100000000000023,34138.4,0.1674698795180723
1,298.0,309.0,1409,49.1,85,0,No Failure,11.0,69181.90000000001,0.5709302325581396
0,298.0,308.9,1390,53.9,88,0,No Failure,10.899999999999977,74921.0,0.6056179775280899
0,298.0,309.0,1679,32.4,90,0,No Failure,11.0,54399.6,0.35604395604395606
0,298.0,308.9,1508,37.1,92,0,No Failure,10.899999999999977,55946.8,0.3989247311827957
0,297.9,308.8,1681,31.7,94,0,No Failure,10.900000000000034,53287.7,0.3336842105263158
2,297.7,308.8,1469,43.7,96,0,No Failure,11.100000000000023,64195.3,0.4505154639175258
0,297.8,308.8,1421,49.6,101,0,No Failure,11.0,70481.6,0.48627450980392156
0,297.7,308.8,1354,50.2,103,0,No Failure,11.100000000000023,67970.8,0.4826923076923077
1,297.7,308.8,1350,57.0,105,0,No Failure,11.100000000000023,76950.0,0.5377358490566038
0,297.8,308.9,1282,58.1,108,0,No Failure,11.099999999999966,74484.2,0.5330275229357798
1,297.8,309.0,1675,30.0,110,0,No Failure,11.199999999999989,50250.0,0.2702702702702703
1,297.9,309.0,1525,38.5,113,0,No Failure,11.100000000000023,58712.5,0.33771929824561403
0,297.9,309.0,1382,43.9,116,0,No Failure,11.100000000000023,60669.799999999996,0.3752136752136752
0,297.9,309.0,1450,46.8,118,0,No Failure,11.100000000000023,67860.0,0.39327731092436974
0,298.0,309.1,1820,23.6,120,0,No Failure,11.100000000000023,42952.0,0.1950413223140496
0,298.0,309.1,1822,23.5,122,0,No Failure,11.100000000000023,42817.0,0.1910569105691057
0,298.0,309.1,1473,44.3,124,0,No Failure,11.100000000000023,65253.899999999994,0.3544
1,298.1,309.1,1572,37.5,126,0,No Failure,11.0,58950.0,0.2952755905511811
1,298.1,309.0,2042,17.8,129,0,No Failure,10.899999999999977,36347.6,0.13692307692307693
0,298.2,309.2,1922,22.6,132,0,No Failure,11.0,43437.200000000004,0.1699248120300752
0,298.2,309.1,1539,36.5,134,0,No Failure,10.900000000000034,56173.5,0.27037037037037037
0,298.2,309.1,1350,52.0,136,0,No Failure,10.900000000000034,70200.0,0.3795620437956204
0,298.3,309.1,1403,45.1,138,0,No Failure,10.800000000000011,63275.3,0.32446043165467625
0,298.3,309.1,1904,20.3,140,0,No Failure,10.800000000000011,38651.200000000004,0.14397163120567377
1,298.2,308.9,1592,35.2,142,0,No Failure,10.699999999999989,56038.4,0.24615384615384617
0,298.1,308.7,1556,31.6,145,0,No Failure,10.599999999999966,49169.600000000006,0.21643835616438356
1,298.1,308.8,1811,25.4,147,0,No Failure,10.699999999999989,45999.399999999994,0.17162162162162162
1,298.2,308.8,1456,41.2,150,0,No Failure,10.600000000000023,59987.200000000004,0.2728476821192053
2,298.2,308.8,1436,51.9,153,0,No Failure,10.600000000000023,74528.4,0.337012987012987
1,298.1,308.7,1362,49.6,158,0,No Failure,10.599999999999966,67555.2,0.3119496855345912
0,298.1,308.7,1683,29.1,161,0,No Failure,10.599999999999966,48975.3,0.17962962962962964
1,298.2,308.7,1269,60.9,163,0,No Failure,10.5,77282.09999999999,0.37134146341463414
0,298.3,308.8,1454,49.0,166,0,No Failure,10.5,71246.0,0.2934131736526946
0,298.3,308.8,1767,27.3,168,0,No Failure,10.5,48239.1,0.16153846153846155
0,298.3,308.9,1708,27.3,170,0,No Failure,10.599999999999966,46628.4,0.15964912280701754
0,298.3,308.9,1862,27.0,172,0,No Failure,10.599999999999966,50274.0,0.15606936416184972
0,298.3,308.9,1695,30.7,174,0,No Failure,10.599999999999966,52036.5,0.17542857142857143
1,298.3,309.1,1488,40.6,176,0,No Failure,10.800000000000011,60412.8,0.22937853107344633
0,298.3,309.0,1657,32.2,179,0,No Failure,10.699999999999989,53355.4,0.1788888888888889
2,298.3,309.0,1823,25.9,181,0,No Failure,10.699999999999989,47215.7,0.1423076923076923
1,298.2,309.1,1651,28.8,186,0,No Failure,10.900000000000034,47548.8,0.15401069518716579
1,298.1,309.0,1533,36.1,189,0,No Failure,10.899999999999977,55341.3,0.19
1,298.2,309.0,1508,40.5,192,0,No Failure,10.800000000000011,61074.0,0.20984455958549222
0,298.3,309.1,1616,31.1,195,0,No Failure,10.800000000000011,50257.600000000006,0.15867346938775512
0,298.2,309.0,1651,31.5,197,0,No Failure,10.800000000000011,52006.5,0.1590909090909091
0,298.2,309.1,1569,35.2,199,0,No Failure,10.900000000000034,55228.8,0.17600000000000002
1,298.3,309.1,1296,58.7,201,0,No Failure,10.800000000000011,76075.2,0.29059405940594063
2,298.3,309.0,1379,43.2,0,0,No Failure,10.699999999999989,59572.8,43.2
1,298.2,309.0,1694,28.0,5,0,No Failure,10.800000000000011,47432.0,4.666666666666667
0,298.2,309.0,1377,57.8,8,0,No Failure,10.800000000000011,79590.59999999999,6.422222222222222
2,298.3,309.0,1470,38.4,10,0,No Failure,10.699999999999989,56448.0,3.4909090909090907
1,298.3,309.1,1404,47.0,15,0,No Failure,10.800000000000011,65988.0,2.9375
0,298.3,309.1,1593,40.1,18,0,No Failure,10.800000000000011,63879.3,2.110526315789474
1,298.3,309.0,1526,36.9,20,0,No Failure,10.699999999999989,56309.4,1.7571428571428571
1,298.3,308.9,1390,49.7,23,0,No Failure,10.599999999999966,69083.0,2.0708333333333333
0,298.2,308.9,1737,25.5,26,0,No Failure,10.699999999999989,44293.5,0.9444444444444444
0,298.2,308.8,1362,57.3,28,0,No Failure,10.600000000000023,78042.59999999999,1.975862068965517
0,298.2,308.8,1666,31.5,30,0,No Failure,10.600000000000023,52479.0,1.0161290322580645
0,298.2,308.8,1354,60.9,32,0,No Failure,10.600000000000023,82458.59999999999,1.8454545454545455
0,298.2,308.8,1302,60.4,34,0,No Failure,10.600000000000023,78640.8,1.7257142857142858
0,298.2,308.7,1991,20.5,36,0,No Failure,10.5,40815.5,0.5540540540540541
0,298.2,308.6,1353,54.1,38,0,No Failure,10.400000000000034,73197.3,1.3871794871794871
2,298.2,308.7,1520,35.7,40,0,No Failure,10.5,54264.00000000001,0.8707317073170733
0,298.2,308.7,1428,54.9,45,0,No Failure,10.5,78397.2,1.193478260869565
0,298.2,308.7,1605,29.4,47,0,No Failure,10.5,47187.0,0.6124999999999999
0,298.1,308.7,1691,30.3,49,0,No Failure,10.599999999999966,51237.3,0.606
0,298.2,308.7,1447,48.4,51,0,No Failure,10.5,70034.8,0.9307692307692308
2,298.2,308.8,1606,39.9,53,0,No Failure,10.600000000000023,64079.399999999994,0.7388888888888888
1,298.2,308.8,1645,28.2,58,0,No Failure,10.600000000000023,46389.0,0.47796610169491527
2,298.2,308.8,1470,43.3,61,0,No Failure,10.600000000000023,63650.99999999999,0.6983870967741935
0,298.2,308.9,1336,45.0,66,0,No Failure,10.699999999999989,60120.0,0.6716417910447762
1,298.2,308.9,1414,44.3,68,0,No Failure,10.699999999999989,62640.2,0.6420289855072463
1,298.3,309.0,1802,27.5,71,0,No Failure,10.699999999999989,49555.0,0.3819444444444444
0,298.2,308.9,1683,31.7,74,0,No Failure,10.699999999999989,53351.1,0.42266666666666663
1,298.2,309.0,1410,47.6,76,0,No Failure,10.800000000000011,67116.0,0.6181818181818182
0,298.2,308.9,1605,32.0,79,0,No Failure,10.699999999999989,51360.0,0.4
0,298.2,308.9,1709,28.1,81,0,No Failure,10.699999999999989,48022.9,0.3426829268292683
0,298.2,308.9,1444,53.1,83,0,No Failure,10.699999999999989,76676.40000000001,0.6321428571428571
0,298.2,308.9,1367,45.0,85,0,No Failure,10.699999999999989,61515.0,0.5232558139534884
0,298.2,309.0,1418,44.2,87,0,No Failure,10.800000000000011,62675.600000000006,0.5022727272727273
0,298.2,309.0,1353,57.8,89,0,No Failure,10.800000000000011,78203.4,0.6422222222222221
0,298.2,309.0,1643,34.1,91,0,No Failure,10.800000000000011,56026.3,0.3706521739130435
0,298.3,309.1,1437,38.0,93,0,No Failure,10.800000000000011,54606.0,0.40425531914893614
0,298.1,309.0,1437,36.2,95,0,No Failure,10.899999999999977,52019.4,0.3770833333333334
1,298.2,309.0,1413,47.9,97,0,No Failure,10.800000000000011,67682.7,0.4887755102040816
2,298.2,309.0,1524,39.1,100,0,No Failure,10.800000000000011,59588.4,0.38712871287128714
1,298.1,308.9,1479,43.4,105,0,No Failure,10.799999999999955,64188.6,0.4094339622641509
0,298.1,308.9,1313,50.6,108,0,No Failure,10.799999999999955,66437.8,0.46422018348623856
1,298.1,308.9,1335,50.4,110,0,No Failure,10.799999999999955,67284.0,0.454054054054054
0,298.1,308.9,1367,41.9,113,0,No Failure,10.799999999999955,57277.299999999996,0.3675438596491228
1,298.1,308.9,1459,50.3,115,0,No Failure,10.799999999999955,73387.7,0.43362068965517236
1,298.1,308.9,1804,25.1,118,0,No Failure,10.799999999999955,45280.4,0.21092436974789916
0,298.2,309.0,1491,38.3,121,0,No Failure,10.800000000000011,57105.299999999996,0.3139344262295082
0,298.3,309.1,1537,43.0,123,0,No Failure,10.800000000000011,66091.0,0.3467741935483871
2,298.3,309.1,1646,30.2,125,0,No Failure,10.800000000000011,49709.2,0.23968253968253966
1,298.3,309.2,1783,28.3,130,0,No Failure,10.899999999999977,50458.9,0.21603053435114505
0,298.3,309.1,1395,49.8,133,0,No Failure,10.800000000000011,69471.0,0.37164179104477607
0,298.4,309.1,1423,48.0,135,0,No Failure,10.700000000000045,68304.0,0.35294117647058826
0,298.3,309.2,1562,37.6,137,0,No Failure,10.899999999999977,58731.200000000004,0.27246376811594203
0,298.4,309.3,1549,40.8,139,0,No Failure,10.900000000000034,63199.2,0.2914285714285714
0,298.4,309.4,1540,43.2,141,0,No Failure,11.0,66528.0,0.3042253521126761
2,298.5,309.4,1573,33.6,143,0,No Failure,10.899999999999977,52852.8,0.23333333333333334
0,298.5,309.4,1418,45.1,148,0,No Failure,10.899999999999977,63951.8,0.30268456375838926
1,298.5,309.4,1565,33.7,150,0,No Failure,10.899999999999977,52740.50000000001,0.22317880794701989
0,298.5,309.5,1569,41.0,153,0,No Failure,11.0,64329.0,0.2662337662337662
2,298.5,309.4,1417,41.2,155,0,No Failure,10.899999999999977,58380.4,0.2641025641025641
0,298.5,309.5,1480,38.1,160,0,No Failure,11.0,56388.0,0.23664596273291927
0,298.5,309.4,1364,44.5,162,0,No Failure,10.899999999999977,60698.0,0.27300613496932513
0,298.5,309.4,1911,21.5,164,0,No Failure,10.899999999999977,41086.5,0.1303030303030303
0,298.4,309.3,1409,43.1,166,0,No Failure,10.900000000000034,60727.9,0.25808383233532933
0,298.4,309.2,1335,53.5,168,0,No Failure,10.800000000000011,71422.5,0.3165680473372781
1,298.5,309.3,1512,38.1,170,0,No Failure,10.800000000000011,57607.200000000004,0.22280701754385965
0,298.6,309.4,1447,40.2,173,0,No Failure,10.799999999999955,58169.4,0.2310344827586207
0,298.6,309.3,1537,37.6,175,0,No Failure,10.699999999999989,57791.200000000004,0.21363636363636365
1,298.6,309.3,1510,40.8,177,0,No Failure,10.699999999999989,61607.99999999999,0.2292134831460674
0,298.6,309.3,1677,31.2,180,0,No Failure,10.699999999999989,52322.4,0.1723756906077348
0,298.5,309.2,1504,33.7,182,0,No Failure,10.699999999999989,50684.8,0.18415300546448088
2,298.5,309.1,2051,19.0,184,0,No Failure,10.600000000000023,38969.0,0.10270270270270271
0,298.5,309.1,1474,41.3,189,0,No Failure,10.600000000000023,60876.2,0.21736842105263157
1,298.4,309.0,1507,36.1,191,0,No Failure,10.600000000000023,54402.700000000004,0.18802083333333333
0,298.4,308.9,1496,37.9,194,0,No Failure,10.5,56698.4,0.19435897435897434
1,298.5,309.0,1921,22.0,196,0,No Failure,10.5,42262.0,0.1116751269035533
0,298.5,309.0,1450,40.5,199,0,No Failure,10.5,58725.0,0.2025
0,298.4,308.9,1402,44.8,201,0,No Failure,10.5,62809.6,0.22178217821782176
0,298.4,308.9,1501,50.0,203,0,No Failure,10.5,75050.0,0.24509803921568626
0,298.5,308.9,1725,31.9,205,0,No Failure,10.399999999999977,55027.5,0.15485436893203883
2,298.5,308.9,1500,40.3,207,0,No Failure,10.399999999999977,60449.99999999999,0.19374999999999998
2,298.5,309.0,1531,30.8,212,0,No Failure,10.5,47154.8,0.14460093896713616
0,298.5,309.0,1458,44.8,217,0,No Failure,10.5,65318.399999999994,0.2055045871559633
2,298.4,308.9,1577,37.1,0,0,No Failure,10.5,58506.700000000004,37.1
1,298.3,308.9,1363,46.1,5,0,No Failure,10.599999999999966,62834.3,7.683333333333334
2,298.3,308.9,1706,31.8,8,0,No Failure,10.599999999999966,54250.8,3.533333333333333
1,298.3,308.8,1391,50.4,13,0,No Failure,10.5,70106.4,3.6
0,298.2,308.8,1616,33.7,16,0,No Failure,10.600000000000023,54459.200000000004,1.9823529411764707
0,298.2,308.8,1442,47.0,18,0,No Failure,10.600000000000023,67774.0,2.473684210526316
1,298.2,308.8,1626,40.4,20,0,No Failure,10.600000000000023,65690.4,1.9238095238095236
1,298.2,308.7,1426,42.6,23,0,No Failure,10.5,60747.6,1.7750000000000001
0,298.2,308.7,1436,49.1,26,0,No Failure,10.5,70507.6,1.8185185185185186
1,298.2,308.7,1599,36.2,28,0,No Failure,10.5,57883.8,1.2482758620689656
0,298.2,308.7,2186,17.8,31,0,No Failure,10.5,38910.8,0.55625
0,298.3,308.8,1645,30.4,33,0,No Failure,10.5,50008.0,0.8941176470588235
0,298.2,308.7,1780,27.9,35,0,No Failure,10.5,49662.0,0.7749999999999999
0,298.2,308.8,1345,44.3,37,0,No Failure,10.600000000000023,59583.49999999999,1.1657894736842105
1,298.2,308.8,1607,31.9,39,0,No Failure,10.600000000000023,51263.299999999996,0.7975
0,298.3,308.9,1708,28.0,42,0,No Failure,10.599999999999966,47824.0,0.6511627906976745
0,298.3,308.9,1270,52.7,44,0,No Failure,10.599999999999966,66929.0,1.1711111111111112
1,298.3,308.9,1646,25.4,46,0,No Failure,10.599999999999966,41808.399999999994,0.5404255319148936
0,298.2,308.7,1407,45.1,49,0,No Failure,10.5,63455.700000000004,0.902
1,298.1,308.7,1581,47.4,51,0,No Failure,10.599999999999966,74939.4,0.9115384615384615
0,298.0,308.6,1532,42.6,54,0,No Failure,10.600000000000023,65263.200000000004,0.7745454545454545
0,298.0,308.6,1610,33.1,56,0,No Failure,10.600000000000023,53291.0,0.5807017543859649
1,298.0,308.5,1682,33.0,58,0,No Failure,10.5,55506.0,0.559322033898305
0,297.9,308.5,1519,34.3,61,0,No Failure,10.600000000000023,52101.7,0.5532258064516129
0,297.9,308.5,1683,28.5,63,0,No Failure,10.600000000000023,47965.5,0.4453125
1,298.0,308.6,1254,55.8,65,0,No Failure,10.600000000000023,69973.2,0.8454545454545455
0,298.0,308.5,1461,48.0,68,0,No Failure,10.5,70128.0,0.6956521739130435
0,297.9,308.5,1472,45.1,70,0,No Failure,10.600000000000023,66387.2,0.6352112676056338
0,297.7,308.4,1510,38.6,72,0,No Failure,10.699999999999989,58286.0,0.5287671232876713
1,297.7,308.3,1547,36.8,74,0,No Failure,10.600000000000023,56929.6,0.49066666666666664
2,297.7,308.4,1418,51.9,77,0,No Failure,10.699999999999989,73594.2,0.6653846153846154
0,297.7,308.4,1289,51.3,82,0,No Failure,10.699999999999989,66125.7,0.6180722891566265
0,297.7,308.4,1487,41.4,84,0,No Failure,10.699999999999989,61561.799999999996,0.48705882352941177
0,297.7,308.5,1453,45.5,86,0,No Failure,10.800000000000011,66111.5,0.5229885057471264
1,297.8,308.5,1466,44.7,88,0,No Failure,10.699999999999989,65530.200000000004,0.5022471910112359
2,297.7,308.4,1288,49.5,91,0,No Failure,10.699999999999989,63756.0,0.5380434782608695
2,297.7,308.4,1738,27.7,96,0,No Failure,10.699999999999989,48142.6,0.28556701030927834
2,297.7,308.3,1488,41.0,101,0,No Failure,10.600000000000023,61008.0,0.4019607843137255
0,297.6,308.3,1816,28.8,106,0,No Failure,10.699999999999989,52300.8,0.2691588785046729
0,297.5,308.2,1419,48.5,108,0,No Failure,10.699999999999989,68821.5,0.44495412844036697
0,297.4,308.1,1435,45.7,110,0,No Failure,10.700000000000045,65579.5,0.4117117117117117
1,297.5,308.1,1480,42.4,112,0,No Failure,10.600000000000023,62752.0,0.3752212389380531
0,297.5,308.2,1610,33.6,115,0,No Failure,10.699999999999989,54096.0,0.2896551724137931
2,297.5,308.1,1548,38.2,117,0,No Failure,10.600000000000023,59133.600000000006,0.32372881355932204
1,297.6,308.1,1379,57.4,122,0,No Failure,10.5,79154.59999999999,0.4666666666666667
1,297.5,308.1,1907,23.5,125,0,No Failure,10.600000000000023,44814.5,0.1865079365079365
1,297.5,308.0,2033,16.7,128,0,No Failure,10.5,33951.1,0.12945736434108526
2,297.4,307.9,1390,52.0,131,0,No Failure,10.5,72280.0,0.3939393939393939
1,297.5,307.9,1544,37.9,136,0,No Failure,10.399999999999977,58517.6,0.27664233576642333
0,297.6,308.0,1258,57.4,139,0,No Failure,10.399999999999977,72209.2,0.41
1,297.5,308.0,1560,39.0,141,0,No Failure,10.5,60840.0,0.2746478873239437
2,297.6,308.2,2071,18.5,144,0,No Failure,10.599999999999966,38313.5,0.12758620689655173
0,297.6,308.1,1437,46.3,149,0,No Failure,10.5,66533.09999999999,0.30866666666666664
2,297.7,308.2,1489,43.0,151,0,No Failure,10.5,64027.0,0.28289473684210525
0,297.7,308.2,1334,53.0,156,0,No Failure,10.5,70702.0,0.3375796178343949
0,297.7,308.2,1500,39.9,158,0,No Failure,10.5,59850.0,0.2509433962264151
0,297.8,308.3,1498,47.3,160,0,No Failure,10.5,70855.4,0.2937888198757764
1,297.7,308.2,1370,53.4,162,0,No Failure,10.5,73158.0,0.3276073619631902
2,297.7,308.2,1526,40.1,165,0,No Failure,10.5,61192.6,0.24156626506024098
0,297.8,308.3,1477,44.8,170,0,No Failure,10.5,66169.59999999999,0.2619883040935672
0,297.7,308.2,1446,43.9,172,0,No Failure,10.5,63479.4,0.253757225433526
1,297.7,308.2,1720,25.6,174,0,No Failure,10.5,44032.0,0.1462857142857143
0,297.7,308.1,1734,30.7,177,0,No Failure,10.400000000000034,53233.799999999996,0.17247191011235954
0,297.7,308.1,1697,29.1,179,0,No Failure,10.400000000000034,49382.700000000004,0.16166666666666668
0,297.7,308.2,2007,19.3,181,0,No Failure,10.5,38735.1,0.10604395604395604
1,297.7,308.1,1469,48.8,183,0,No Failure,10.400000000000034,71687.2,0.2652173913043478
1,297.7,308.1,2189,15.6,186,0,No Failure,10.400000000000034,34148.4,0.08342245989304813
0,297.8,308.3,1435,50.1,189,0,No Failure,10.5,71893.5,0.2636842105263158
2,297.9,308.4,1637,34.5,191,0,No Failure,10.5,56476.5,0.1796875
0,298.0,308.5,1664,28.3,196,0,No Failure,10.5,47091.200000000004,0.14365482233502538
1,298.0,308.5,1666,31.0,198,0,No Failure,10.5,51646.0,0.15577889447236182
0,298.0,308.5,1404,46.6,201,0,No Failure,10.5,65426.4,0.2306930693069307
0,298.0,308.5,1702,26.7,203,0,No Failure,10.5,45443.4,0.13088235294117648
0,298.1,308.6,1439,44.9,205,0,No Failure,10.5,64611.1,0.21796116504854368
0,298.1,308.6,1354,53.9,207,1,Overstrain Failure,10.5,72980.59999999999,0.25913461538461535
1,298.2,308.7,1361,44.2,0,0,No Failure,10.5,60156.200000000004,44.2
1,298.1,308.5,1463,45.9,3,0,No Failure,10.399999999999977,67151.7,11.475
2,298.1,308.4,1515,43.8,6,0,No Failure,10.299999999999955,66357.0,6.257142857142857
0,298.0,308.4,1432,46.2,11,0,No Failure,10.399999999999977,66158.40000000001,3.85
0,298.0,308.4,1911,22.0,13,0,No Failure,10.399999999999977,42042.0,1.5714285714285714
0,298.0,308.4,1472,42.0,15,0,No Failure,10.399999999999977,61824.0,2.625
1,298.1,308.5,1382,54.5,17,0,No Failure,10.399999999999977,75319.0,3.0277777777777777
0,298.1,308.5,1665,29.6,20,0,No Failure,10.399999999999977,49284.0,1.4095238095238096
0,298.1,308.5,1676,30.5,22,0,No Failure,10.399999999999977,51118.0,1.326086956521739
1,298.0,308.5,1585,33.0,24,0,No Failure,10.5,52305.0,1.32
1,298.1,308.6,1415,46.3,27,0,No Failure,10.5,65514.49999999999,1.6535714285714285
0,298.1,308.7,1341,55.7,30,0,No Failure,10.599999999999966,74693.7,1.7967741935483872
0,298.2,308.8,1540,34.8,32,0,No Failure,10.600000000000023,53591.99999999999,1.0545454545454545
2,298.2,308.8,1837,28.4,34,0,No Failure,10.600000000000023,52170.799999999996,0.8114285714285714
0,298.2,308.8,1498,36.0,39,0,No Failure,10.600000000000023,53928.0,0.9
0,298.1,308.7,1671,28.8,41,0,No Failure,10.599999999999966,48124.8,0.6857142857142857
0,298.0,308.6,1430,57.0,43,0,No Failure,10.600000000000023,81510.0,1.2954545454545454
0,298.0,308.7,1619,40.1,45,0,No Failure,10.699999999999989,64921.9,0.8717391304347827
1,298.0,308.7,1430,51.9,47,0,No Failure,10.699999999999989,74217.0,1.08125
0,298.0,308.6,1626,33.3,50,0,No Failure,10.600000000000023,54145.799999999996,0.6529411764705881
0,298.0,308.7,1443,49.3,52,0,No Failure,10.699999999999989,71139.9,0.9301886792452829
0,298.0,308.6,1481,42.5,54,0,No Failure,10.600000000000023,62942.5,0.7727272727272727
1,298.1,308.7,1527,43.0,56,0,No Failure,10.599999999999966,65661.0,0.7543859649122807
1,298.1,308.7,1315,56.8,59,0,No Failure,10.599999999999966,74692.0,0.9466666666666667
1,298.1,308.8,1433,48.2,62,0,No Failure,10.699999999999989,69070.6,0.7650793650793651
1,298.1,308.8,1378,53.5,65,0,No Failure,10.699999999999989,73723.0,0.8106060606060606
0,298.1,308.8,1432,43.4,68,0,No Failure,10.699999999999989,62148.799999999996,0.6289855072463768
1,298.1,308.8,1394,47.9,70,0,No Failure,10.699999999999989,66772.59999999999,0.6746478873239437
2,298.0,308.8,1411,53.8,73,0,No Failure,10.800000000000011,75911.8,0.727027027027027
0,298.1,308.9,2136,15.9,78,0,No Failure,10.799999999999955,33962.4,0.20126582278481014
1,298.2,309.0,1446,45.8,80,0,No Failure,10.800000000000011,66226.8,0.5654320987654321
2,298.1,308.9,1388,53.5,83,0,No Failure,10.799999999999955,74258.0,0.6369047619047619
1,298.1,308.9,1323,51.7,88,0,No Failure,10.799999999999955,68399.1,0.5808988764044944
0,298.2,309.0,1780,29.3,91,0,No Failure,10.800000000000011,52154.0,0.3184782608695652
1,298.1,308.8,1434,41.8,93,0,No Failure,10.699999999999989,59941.2,0.44468085106382976
1,298.0,308.7,1494,42.6,96,0,No Failure,10.699999999999989,63644.4,0.43917525773195876
2,298.0,308.7,1536,39.6,99,0,No Failure,10.699999999999989,60825.600000000006,0.396
1,298.0,308.7,1392,53.4,104,0,No Failure,10.699999999999989,74332.8,0.5085714285714286
2,298.2,309.0,1360,56.8,107,0,No Failure,10.800000000000011,77248.0,0.5259259259259259
0,298.4,309.2,1583,35.4,112,0,No Failure,10.800000000000011,56038.2,0.31327433628318585
0,298.5,309.2,1983,20.2,114,0,No Failure,10.699999999999989,40056.6,0.17565217391304347
0,298.5,309.3,1630,33.3,116,0,No Failure,10.800000000000011,54278.99999999999,0.2846153846153846
1,298.5,309.3,1692,26.7,118,0,No Failure,10.800000000000011,45176.4,0.22436974789915967
0,298.4,309.1,1417,40.6,121,0,No Failure,10.700000000000045,57530.200000000004,0.33278688524590166
0,298.4,309.1,1579,36.1,123,0,No Failure,10.700000000000045,57001.9,0.2911290322580645
1,298.4,309.2,1399,45.2,125,0,No Failure,10.800000000000011,63234.8,0.35873015873015873
1,298.4,309.2,1414,46.4,128,0,No Failure,10.800000000000011,65609.59999999999,0.35968992248062015
0,298.5,309.3,1570,40.1,131,0,No Failure,10.800000000000011,62957.0,0.3037878787878788
1,298.5,309.3,1552,36.8,133,0,No Failure,10.800000000000011,57113.6,0.2746268656716418
0,298.6,309.4,1440,48.2,136,0,No Failure,10.799999999999955,69408.0,0.3518248175182482
1,298.6,309.4,1460,43.8,138,0,No Failure,10.799999999999955,63947.99999999999,0.3151079136690647
0,298.6,309.4,1471,48.0,141,0,No Failure,10.799999999999955,70608.0,0.3380281690140845
0,298.6,309.3,1702,27.6,143,0,No Failure,10.699999999999989,46975.200000000004,0.19166666666666668
0,298.6,309.4,1375,55.4,145,0,No Failure,10.799999999999955,76175.0,0.37945205479452054
0,298.6,309.4,1698,33.2,147,0,No Failure,10.799999999999955,56373.600000000006,0.22432432432432434
2,298.6,309.4,1439,47.1,149,0,No Failure,10.799999999999955,67776.90000000001,0.314
1,298.6,309.4,1774,27.5,154,0,No Failure,10.799999999999955,48785.0,0.1774193548387097
1,298.7,309.4,1375,48.3,157,0,No Failure,10.699999999999989,66412.5,0.30569620253164553
0,298.7,309.5,1446,40.0,160,0,No Failure,10.800000000000011,57840.0,0.2484472049689441
1,298.7,309.6,1455,46.8,162,0,No Failure,10.900000000000034,68094.0,0.2871165644171779
0,298.8,309.6,1523,41.9,165,0,No Failure,10.800000000000011,63813.7,0.2524096385542169
1,298.8,309.6,1692,31.9,167,0,No Failure,10.800000000000011,53974.799999999996,0.18988095238095237
1,298.8,309.6,1693,33.3,170,0,No Failure,10.800000000000011,56376.899999999994,0.19473684210526315
0,298.8,309.6,1890,24.0,173,0,No Failure,10.800000000000011,45360.0,0.13793103448275862
2,298.9,309.6,1600,33.5,175,0,No Failure,10.700000000000045,53600.0,0.1903409090909091
1,298.9,309.6,1434,43.8,180,0,No Failure,10.700000000000045,62809.2,0.24198895027624306
0,298.9,309.6,1365,50.9,183,0,No Failure,10.700000000000045,69478.5,0.2766304347826087
2,298.8,309.6,1309,57.4,185,0,No Failure,10.800000000000011,75136.59999999999,0.3086021505376344
2,298.9,309.6,1546,35.3,190,0,No Failure,10.700000000000045,54573.799999999996,0.18481675392670155
0,298.9,309.6,1663,33.7,195,0,No Failure,10.700000000000045,56043.100000000006,0.1719387755102041
0,298.9,309.6,1589,34.2,197,0,No Failure,10.700000000000045,54343.8,0.17272727272727273
1,298.9,309.6,1472,46.0,199,0,No Failure,10.700000000000045,67712.0,0.23
0,298.9,309.6,1583,39.8,202,0,No Failure,10.700000000000045,63003.399999999994,0.1960591133004926
1,298.9,309.6,1567,34.5,204,0,No Failure,10.700000000000045,54061.5,0.16829268292682928
0,298.9,309.7,1407,41.9,207,0,No Failure,10.800000000000011,58953.299999999996,0.2014423076923077
1,299.0,309.7,1418,44.7,209,0,No Failure,10.699999999999989,63384.600000000006,0.21285714285714288
1,299.0,309.7,1489,40.7,212,0,No Failure,10.699999999999989,60602.3,0.19107981220657277
0,299.1,309.9,1586,36.6,215,0,No Failure,10.799999999999955,58047.600000000006,0.16944444444444445
0,299.1,309.8,1398,55.4,217,1,Overstrain Failure,10.699999999999989,77449.2,0.25412844036697246
0,299.2,309.9,1516,41.4,219,0,No Failure,10.699999999999989,62762.4,0.18818181818181817
2,299.3,310.0,1373,44.8,221,0,No Failure,10.699999999999989,61510.399999999994,0.2018018018018018
1,299.2,310.0,1349,50.4,226,0,No Failure,10.800000000000011,67989.59999999999,0.22202643171806166
2,299.1,309.9,1443,40.3,0,0,No Failure,10.799999999999955,58152.899999999994,40.3
2,299.2,310.1,1542,36.1,5,0,No Failure,10.900000000000034,55666.200000000004,6.016666666666667
0,299.2,310.1,1534,37.7,10,0,No Failure,10.900000000000034,57831.8,3.4272727272727277
0,299.2,310.2,1697,30.6,12,0,No Failure,11.0,51928.200000000004,2.353846153846154
0,299.3,310.3,1396,47.4,14,0,No Failure,11.0,66170.4,3.1599999999999997
0,299.3,310.2,1495,49.2,16,0,No Failure,10.899999999999977,73554.0,2.894117647058824
1,299.2,310.3,1551,44.8,18,0,No Failure,11.100000000000023,69484.79999999999,2.357894736842105
0,299.2,310.3,1440,47.0,21,0,No Failure,11.100000000000023,67680.0,2.1363636363636362
0,299.2,310.3,1429,40.1,23,0,No Failure,11.100000000000023,57302.9,1.6708333333333334
2,299.3,310.4,1548,41.6,25,0,No Failure,11.099999999999966,64396.8,1.6
0,299.3,310.5,1505,38.8,30,0,No Failure,11.199999999999989,58393.99999999999,1.2516129032258063
0,299.2,310.4,1611,36.4,32,0,No Failure,11.199999999999989,58640.399999999994,1.103030303030303
1,299.2,310.4,1502,39.8,34,0,No Failure,11.199999999999989,59779.6,1.137142857142857
1,299.2,310.4,1504,43.3,37,0,No Failure,11.199999999999989,65123.2,1.1394736842105262
0,299.1,310.3,1449,40.7,40,0,No Failure,11.199999999999989,58974.3,0.9926829268292684
0,299.0,310.2,1575,37.8,42,0,No Failure,11.199999999999989,59534.99999999999,0.8790697674418604
1,299.0,310.2,1598,33.4,44,0,No Failure,11.199999999999989,53373.2,0.7422222222222222
0,299.0,310.1,1416,45.9,47,0,No Failure,11.100000000000023,64994.4,0.9562499999999999
0,299.0,310.2,1682,28.8,49,0,No Failure,11.199999999999989,48441.6,0.5760000000000001
0,298.9,310.1,1341,54.5,51,0,No Failure,11.200000000000045,73084.5,1.0480769230769231
0,298.9,310.1,1523,39.1,53,0,No Failure,11.200000000000045,59549.3,0.7240740740740741
0,299.0,310.1,1580,41.9,55,0,No Failure,11.100000000000023,66202.0,0.7482142857142857
0,299.0,310.1,1531,36.0,57,0,No Failure,11.100000000000023,55116.0,0.6206896551724138
0,299.0,310.1,1375,48.9,59,0,No Failure,11.100000000000023,67237.5,0.815
1,298.9,310.1,1484,40.4,61,0,No Failure,11.200000000000045,59953.6,0.6516129032258065
1,299.0,310.2,1657,32.3,64,0,No Failure,11.199999999999989,53521.1,0.49692307692307686
0,299.0,310.2,1494,40.6,67,0,No Failure,11.199999999999989,60656.4,0.5970588235294118
2,299.0,310.3,1658,27.6,69,0,No Failure,11.300000000000011,45760.8,0.3942857142857143
0,299.1,310.3,1411,42.1,74,0,No Failure,11.199999999999989,59403.1,0.5613333333333334
1,299.2,310.4,1395,55.4,76,0,No Failure,11.199999999999989,77283.0,0.7194805194805195
0,299.1,310.4,1550,43.9,79,0,No Failure,11.299999999999955,68045.0,0.54875
1,299.1,310.3,1233,59.0,81,0,No Failure,11.199999999999989,72747.0,0.7195121951219512
0,299.1,310.3,1459,46.7,84,0,No Failure,11.199999999999989,68135.3,0.5494117647058824
2,299.1,310.4,1405,53.6,86,0,No Failure,11.299999999999955,75308.0,0.6160919540229886
0,299.2,310.5,1458,44.1,91,0,No Failure,11.300000000000011,64297.8,0.47934782608695653
0,299.2,310.5,1384,48.7,93,0,No Failure,11.300000000000011,67400.8,0.5180851063829788
0,299.2,310.5,1705,29.5,95,0,No Failure,11.300000000000011,50297.5,0.3072916666666667
0,299.3,310.6,1443,45.7,97,0,No Failure,11.300000000000011,65945.1,0.46632653061224494
1,299.3,310.6,1609,31.4,99,0,No Failure,11.300000000000011,50522.6,0.314
0,299.3,310.5,1818,26.0,102,0,No Failure,11.199999999999989,47268.0,0.2524271844660194
1,299.3,310.6,1457,42.1,104,0,No Failure,11.300000000000011,61339.700000000004,0.40095238095238095
0,299.3,310.6,1480,45.1,107,0,No Failure,11.300000000000011,66748.0,0.4175925925925926
0,299.4,310.8,1424,47.7,109,0,No Failure,11.400000000000034,67924.8,0.43363636363636365
1,299.4,310.8,1628,40.2,111,0,No Failure,11.400000000000034,65445.600000000006,0.35892857142857143
1,299.5,310.8,1754,31.3,114,0,No Failure,11.300000000000011,54900.200000000004,0.27217391304347827
0,299.6,310.9,1716,28.5,117,0,No Failure,11.299999999999955,48906.0,0.24152542372881355
1,299.5,310.9,1378,48.7,119,0,No Failure,11.399999999999977,67108.6,0.4058333333333334
0,299.6,311.0,1708,31.0,122,0,No Failure,11.399999999999977,52948.0,0.25203252032520324
0,299.6,311.0,1430,38.3,124,0,No Failure,11.399999999999977,54768.99999999999,0.30639999999999995
1,299.7,311.2,1560,43.9,126,0,No Failure,11.5,68484.0,0.34566929133858265
0,299.6,311.1,1679,30.7,129,0,No Failure,11.5,51545.299999999996,0.23615384615384616
0,299.6,311.1,1521,37.2,131,0,No Failure,11.5,56581.200000000004,0.28181818181818186
1,299.6,311.1,1649,33.8,133,0,No Failure,11.5,55736.2,0.25223880597014925
1,299.5,311.0,1451,43.3,136,0,No Failure,11.5,62828.299999999996,0.3160583941605839
0,299.4,310.8,1391,48.9,139,0,No Failure,11.400000000000034,68019.9,0.34928571428571425
1,299.3,310.8,1523,40.9,141,0,No Failure,11.5,62290.7,0.2880281690140845
0,299.3,310.7,1495,39.2,144,0,No Failure,11.399999999999977,58604.00000000001,0.2703448275862069
1,299.3,310.7,1440,45.5,146,0,No Failure,11.399999999999977,65520.0,0.30952380952380953
2,299.4,310.8,1585,31.4,149,0,No Failure,11.400000000000034,49769.0,0.20933333333333332
0,299.5,310.8,1374,48.3,154,0,No Failure,11.300000000000011,66364.2,0.3116129032258064
1,299.5,310.8,1507,40.2,156,0,No Failure,11.300000000000011,60581.4,0.25605095541401274
1,299.5,310.9,1577,34.6,159,0,No Failure,11.399999999999977,54564.200000000004,0.21625
0,299.5,310.9,1496,38.5,162,0,No Failure,11.399999999999977,57596.0,0.2361963190184049
0,299.6,310.9,1487,42.5,164,0,No Failure,11.299999999999955,63197.5,0.25757575757575757
0,299.6,310.9,1853,26.3,166,0,No Failure,11.299999999999955,48733.9,0.15748502994011976
1,299.7,311.0,1435,50.1,168,0,No Failure,11.300000000000011,71893.5,0.2964497041420118
1,299.8,311.1,1763,25.5,171,0,No Failure,11.300000000000011,44956.5,0.14825581395348839
0,299.8,311.1,1820,24.9,174,0,No Failure,11.300000000000011,45318.0,0.14228571428571427
1,299.8,311.1,1498,38.1,176,0,No Failure,11.300000000000011,57073.8,0.2152542372881356
0,299.8,311.1,1603,35.1,179,0,No Failure,11.300000000000011,56265.3,0.195
0,299.8,311.1,1412,42.5,181,0,No Failure,11.300000000000011,60010.0,0.23351648351648352
0,299.8,311.1,1588,38.0,183,0,No Failure,11.300000000000011,60344.0,0.20652173913043478
1,299.8,311.0,1948,20.0,185,0,No Failure,11.199999999999989,38960.0,0.10752688172043011
0,299.7,310.9,1384,48.2,188,0,No Failure,11.199999999999989,66708.8,0.25502645502645505
0,299.7,310.8,1589,36.0,190,0,No Failure,11.100000000000023,57204.0,0.18848167539267016
1,299.7,310.8,1405,47.6,192,0,No Failure,11.100000000000023,66878.0,0.24663212435233162
0,299.7,310.9,1491,40.1,195,0,No Failure,11.199999999999989,59789.1,0.2045918367346939
2,299.7,310.8,1418,46.6,197,0,No Failure,11.100000000000023,66078.8,0.23535353535353537
1,299.6,310.8,1603,35.4,202,0,No Failure,11.199999999999989,56746.2,0.17438423645320197
0,299.6,310.7,1922,23.3,205,1,Tool Wear Failure,11.099999999999966,44782.6,0.11310679611650486
1,299.5,310.7,1364,49.5,0,0,No Failure,11.199999999999989,67518.0,49.5
0,299.4,310.7,1551,41.2,3,0,No Failure,11.300000000000011,63901.200000000004,10.3
0,299.5,310.7,1589,33.5,5,0,No Failure,11.199999999999989,53231.5,5.583333333333333
1,299.5,310.7,1423,56.5,7,0,No Failure,11.199999999999989,80399.5,7.0625
0,299.4,310.6,1418,53.1,10,0,No Failure,11.200000000000045,75295.8,4.827272727272727
1,299.3,310.5,1404,47.5,12,0,No Failure,11.199999999999989,66690.0,3.6538461538461537
0,299.3,310.5,1281,59.8,15,0,No Failure,11.199999999999989,76603.8,3.7375
0,299.3,310.5,1529,41.3,17,0,No Failure,11.199999999999989,63147.7,2.2944444444444443
1,299.3,310.5,1563,42.1,19,0,No Failure,11.199999999999989,65802.3,2.105
0,299.4,310.6,1348,54.5,22,0,No Failure,11.200000000000045,73466.0,2.369565217391304
1,299.3,310.5,1462,40.5,24,0,No Failure,11.199999999999989,59211.0,1.62
2,299.3,310.4,1510,45.5,27,0,No Failure,11.099999999999966,68705.0,1.625
0,299.2,310.4,1472,43.3,32,0,No Failure,11.199999999999989,63737.6,1.312121212121212
1,299.2,310.4,1325,52.0,34,0,No Failure,11.199999999999989,68900.0,1.4857142857142858
0,299.2,310.4,1570,37.3,37,0,No Failure,11.199999999999989,58560.99999999999,0.981578947368421
0,299.2,310.4,1379,46.8,39,0,No Failure,11.199999999999989,64537.2,1.17
0,299.1,310.2,1352,52.8,41,0,No Failure,11.099999999999966,71385.59999999999,1.2571428571428571
0,299.1,310.3,1727,28.7,43,0,No Failure,11.199999999999989,49564.9,0.6522727272727272
2,299.0,310.1,1432,50.0,45,0,No Failure,11.100000000000023,71600.0,1.0869565217391304
0,298.9,310.1,1466,43.4,50,0,No Failure,11.200000000000045,63624.4,0.8509803921568627
0,298.9,310.1,1510,38.0,52,0,No Failure,11.200000000000045,57380.0,0.7169811320754716
0,299.0,310.2,1490,41.1,54,0,No Failure,11.199999999999989,61239.0,0.7472727272727273
0,299.0,310.1,1463,37.4,56,0,No Failure,11.100000000000023,54716.2,0.6561403508771929
1,298.9,310.0,1561,45.3,58,0,No Failure,11.100000000000023,70713.29999999999,0.7677966101694915
0,298.9,310.1,2109,18.0,61,0,No Failure,11.200000000000045,37962.0,0.2903225806451613
0,298.9,310.2,1705,32.5,63,0,No Failure,11.300000000000011,55412.5,0.5078125
1,298.9,310.1,1549,40.2,65,0,No Failure,11.200000000000045,62269.8,0.6090909090909091
2,299.0,310.2,1637,38.0,68,0,No Failure,11.199999999999989,62206.0,0.5507246376811594
1,298.9,310.1,1484,37.9,73,0,No Failure,11.200000000000045,56243.6,0.5121621621621621
0,298.9,310.1,1401,44.4,76,0,No Failure,11.200000000000045,62204.4,0.5766233766233766
0,298.9,310.1,1571,36.8,78,0,No Failure,11.200000000000045,57812.799999999996,0.46582278481012657
1,298.9,310.1,1513,41.5,80,0,No Failure,11.200000000000045,62789.5,0.5123456790123457
0,299.0,310.1,1470,40.3,83,0,No Failure,11.100000000000023,59240.99999999999,0.4797619047619047
0,299.0,310.1,1505,41.3,85,0,No Failure,11.100000000000023,62156.49999999999,0.48023255813953486
0,299.0,310.2,1432,42.2,87,0,No Failure,11.199999999999989,60430.4,0.47954545454545455
1,299.0,310.2,1625,31.8,89,0,No Failure,11.199999999999989,51675.0,0.35333333333333333
0,299.0,310.2,1377,62.5,92,1,Power Failure,11.199999999999989,86062.5,0.6720430107526881
1,299.1,310.3,1441,43.9,94,0,No Failure,11.199999999999989,63259.9,0.46210526315789474
1,299.0,310.2,1564,39.9,97,0,No Failure,11.199999999999989,62403.6,0.40714285714285714
0,298.9,310.1,1580,37.3,100,0,No Failure,11.200000000000045,58933.99999999999,0.3693069306930693
0,299.0,310.2,1516,35.3,102,0,No Failure,11.199999999999989,53514.799999999996,0.34271844660194173
0,299.0,310.1,1447,42.8,104,0,No Failure,11.100000000000023,61931.6,0.4076190476190476
1,298.9,310.0,1323,52.9,106,0,No Failure,11.100000000000023,69986.7,0.49439252336448597
0,298.9,310.0,1470,45.9,109,0,No Failure,11.100000000000023,67473.0,0.41727272727272724
1,299.0,310.0,2049,19.5,111,0,No Failure,11.0,39955.5,0.17410714285714285
0,298.9,310.0,1794,27.2,114,0,No Failure,11.100000000000023,48796.799999999996,0.23652173913043478
0,298.9,310.1,1356,47.8,116,0,No Failure,11.200000000000045,64816.799999999996,0.40854700854700854
2,299.0,310.1,1555,38.6,118,0,No Failure,11.100000000000023,60023.0,0.3243697478991597
1,299.0,310.1,1487,47.5,123,0,No Failure,11.100000000000023,70632.5,0.38306451612903225
1,299.0,310.0,1341,58.9,126,0,No Failure,11.0,78984.9,0.4637795275590551
1,298.9,310.0,1487,36.6,129,0,No Failure,11.100000000000023,54424.200000000004,0.28153846153846157
2,299.0,310.0,1569,34.3,132,0,No Failure,11.0,53816.7,0.25789473684210523
2,299.0,310.1,2053,19.7,137,0,No Failure,11.100000000000023,40444.1,0.1427536231884058
0,299.0,310.1,1583,35.8,142,0,No Failure,11.100000000000023,56671.399999999994,0.25034965034965034
0,299.0,310.0,1672,33.2,144,0,No Failure,11.0,55510.4,0.22896551724137934
1,299.0,310.0,1337,57.4,146,0,No Failure,11.0,76743.8,0.3904761904761905
2,299.1,310.1,1421,41.2,149,0,No Failure,11.0,58545.200000000004,0.27466666666666667
0,299.1,310.2,1425,52.7,154,0,No Failure,11.099999999999966,75097.5,0.34
0,299.2,310.2,1609,33.2,156,0,No Failure,11.0,53418.8,0.21146496815286625
0,299.2,310.3,1507,41.3,158,0,No Failure,11.100000000000023,62239.1,0.259748427672956
0,299.2,310.3,1463,38.9,160,0,No Failure,11.100000000000023,56910.7,0.24161490683229814
2,299.3,310.4,1393,44.9,162,0,No Failure,11.099999999999966,62545.7,0.27546012269938647
0,299.3,310.4,1725,26.8,167,0,No Failure,11.099999999999966,46230.0,0.15952380952380954
0,299.4,310.5,1514,36.1,169,0,No Failure,11.100000000000023,54655.4,0.2123529411764706
0,299.3,310.4,1365,53.9,171,0,No Failure,11.099999999999966,73573.5,0.3133720930232558
0,299.4,310.5,1372,46.3,173,0,No Failure,11.100000000000023,63523.6,0.26609195402298846
0,299.4,310.4,1509,40.6,175,0,No Failure,11.0,61265.4,0.23068181818181818
0,299.3,310.4,1629,32.6,177,0,No Failure,11.099999999999966,53105.4,0.18314606741573033
0,299.4,310.5,1749,28.1,179,0,No Failure,11.100000000000023,49146.9,0.15611111111111112
0,299.4,310.4,1582,31.7,181,0,No Failure,11.0,50149.4,0.17417582417582417
0,299.2,310.2,1458,47.0,183,0,No Failure,11.0,68526.0,0.2554347826086957
0,299.1,310.1,1416,41.2,185,0,No Failure,11.0,58339.200000000004,0.22150537634408604
2,299.1,310.0,1657,33.1,187,0,No Failure,10.899999999999977,54846.700000000004,0.17606382978723406
1,299.1,310.0,1437,41.1,192,0,No Failure,10.899999999999977,59060.700000000004,0.21295336787564767
1,299.1,310.0,1580,36.0,195,0,No Failure,10.899999999999977,56880.0,0.1836734693877551
1,299.0,310.0,1488,46.3,198,0,No Failure,11.0,68894.4,0.23266331658291456
0,299.0,309.9,1373,55.7,201,1,Overstrain Failure,10.899999999999977,76476.1,0.27574257425742577
0,299.1,310.0,1367,56.3,203,1,Overstrain Failure,10.899999999999977,76962.09999999999,0.2759803921568627
2,299.1,310.0,1431,49.5,205,0,No Failure,10.899999999999977,70834.5,0.24029126213592233
0,299.0,310.1,1623,33.0,210,0,No Failure,11.100000000000023,53559.0,0.15639810426540285
0,299.0,310.0,1484,39.6,212,0,No Failure,11.0,58766.4,0.18591549295774648
0,299.0,309.9,1548,34.5,214,0,No Failure,10.899999999999977,53406.0,0.16046511627906976
0,298.9,309.8,1287,61.9,216,1,Overstrain Failure,10.900000000000034,79665.3,0.28525345622119813
1,298.9,309.8,1392,43.1,218,0,No Failure,10.900000000000034,59995.200000000004,0.19680365296803654
2,299.0,310.0,1458,44.9,221,0,No Failure,11.0,65464.2,0.20225225225225224
1,299.1,310.1,1570,30.9,226,0,No Failure,11.0,48513.0,0.13612334801762113
0,299.1,310.1,1435,48.8,229,1,Overstrain Failure,11.0,70028.0,0.21217391304347824
0,299.1,310.2,1317,54.8,231,1,Overstrain Failure,11.099999999999966,72171.59999999999,0.23620689655172414
0,299.2,310.3,1610,33.3,233,0,No Failure,11.100000000000023,53612.99999999999,0.1423076923076923
1,299.1,310.3,1838,24.0,235,0,No Failure,11.199999999999989,44112.0,0.1016949152542373
0,299.2,310.3,1352,48.9,238,1,Overstrain Failure,11.100000000000023,66112.8,0.20460251046025105
0,299.1,310.3,1619,35.2,240,0,No Failure,11.199999999999989,56988.8,0.14605809128630706
0,299.1,310.3,1619,31.1,242,0,No Failure,11.199999999999989,50350.9,0.1279835390946502
0,299.0,310.2,1690,30.7,244,0,No Failure,11.199999999999989,51883.0,0.1253061224489796
0,299.0,310.2,1412,44.1,246,0,No Failure,11.199999999999989,62269.200000000004,0.1785425101214575
2,299.0,310.2,1744,31.5,0,0,No Failure,11.199999999999989,54936.0,31.5
1,299.0,310.1,1593,35.4,5,0,No Failure,11.100000000000023,56392.2,5.8999999999999995
0,299.1,310.2,1695,29.6,8,0,No Failure,11.099999999999966,50172.0,3.288888888888889
1,299.0,310.2,1298,57.2,10,0,No Failure,11.199999999999989,74245.6,5.2
0,299.0,310.1,1886,21.2,13,0,No Failure,11.100000000000023,39983.2,1.5142857142857142
0,299.0,310.1,2033,19.3,15,0,No Failure,11.100000000000023,39236.9,1.20625
1,299.1,310.2,1711,28.1,17,0,No Failure,11.099999999999966,48079.100000000006,1.5611111111111111
0,299.1,310.2,1598,33.4,20,0,No Failure,11.099999999999966,53373.2,1.5904761904761904
0,299.1,310.1,1894,24.2,22,0,No Failure,11.0,45834.799999999996,1.0521739130434782
1,299.1,310.1,1412,44.4,24,0,No Failure,11.0,62692.799999999996,1.776
0,299.1,310.0,1394,46.6,27,0,No Failure,10.899999999999977,64960.4,1.6642857142857144
1,299.0,310.0,1338,56.4,29,0,No Failure,11.0,75463.2,1.88
2,298.9,309.9,1376,51.0,32,0,No Failure,11.0,70176.0,1.5454545454545454
0,299.0,310.0,1360,48.1,37,0,No Failure,11.0,65416.0,1.2657894736842106
0,299.1,310.1,1486,40.7,39,0,No Failure,11.0,60480.200000000004,1.0175
1,299.1,310.1,1649,31.6,41,0,No Failure,11.0,52108.4,0.7523809523809524
0,299.1,310.1,1367,45.6,44,0,No Failure,11.0,62335.200000000004,1.0133333333333334
0,299.0,310.1,1362,59.5,46,0,No Failure,11.100000000000023,81039.0,1.2659574468085106
1,298.9,310.0,1520,35.6,48,0,No Failure,11.100000000000023,54112.0,0.726530612244898
0,299.0,310.0,1582,31.9,51,0,No Failure,11.0,50465.799999999996,0.6134615384615384
1,299.0,310.0,1667,30.0,53,0,No Failure,11.0,50010.0,0.5555555555555556
0,298.9,310.0,1693,28.8,56,0,No Failure,11.100000000000023,48758.4,0.5052631578947369
0,298.9,310.0,1559,33.4,58,0,No Failure,11.100000000000023,52070.6,0.5661016949152542
0,298.9,309.9,1592,32.0,60,0,No Failure,11.0,50944.0,0.5245901639344263
0,298.9,309.9,1404,39.8,62,0,No Failure,11.0,55879.2,0.6317460317460317
1,298.8,309.8,1413,45.5,64,0,No Failure,11.0,64291.5,0.7
0,298.8,309.8,1663,28.2,67,0,No Failure,11.0,46896.6,0.41470588235294115
0,298.8,309.8,1508,36.3,69,0,No Failure,11.0,54740.399999999994,0.5185714285714286
1,298.9,309.8,1353,53.7,71,0,No Failure,10.900000000000034,72656.1,0.7458333333333333
0,298.8,309.8,1485,42.4,74,0,No Failure,11.0,62964.0,0.5653333333333334
0,298.9,310.0,1633,31.2,76,0,No Failure,11.100000000000023,50949.6,0.40519480519480516
0,298.9,310.0,1422,43.6,78,0,No Failure,11.100000000000023,61999.200000000004,0.5518987341772152
0,298.9,310.1,1577,41.4,80,0,No Failure,11.200000000000045,65287.799999999996,0.5111111111111111
0,298.9,310.0,1482,41.1,82,0,No Failure,11.100000000000023,60910.200000000004,0.4951807228915663
1,299.0,310.1,1705,30.1,84,0,No Failure,11.100000000000023,51320.5,0.35411764705882354
0,299.0,310.1,1699,32.9,87,0,No Failure,11.100000000000023,55897.1,0.37386363636363634
0,299.0,310.1,1664,29.7,89,0,No Failure,11.100000000000023,49420.799999999996,0.33
1,299.0,310.0,1486,34.6,91,0,No Failure,11.0,51415.6,0.3760869565217391
0,299.1,310.1,1336,61.3,94,0,No Failure,11.0,81896.8,0.6452631578947368
2,299.1,310.1,1429,42.9,96,0,No Failure,11.0,61304.1,0.4422680412371134
1,299.1,310.2,1456,48.4,101,0,No Failure,11.099999999999966,70470.4,0.4745098039215686
0,299.1,310.2,1496,45.0,104,0,No Failure,11.099999999999966,67320.0,0.42857142857142855
0,299.1,310.1,1894,20.1,106,0,No Failure,11.0,38069.4,0.18785046728971963
0,299.1,310.1,1373,55.6,108,0,No Failure,11.0,76338.8,0.5100917431192661
2,299.0,310.0,1387,45.2,110,0,No Failure,11.0,62692.4,0.4072072072072072
0,298.9,309.9,1500,44.2,115,0,No Failure,11.0,66300.0,0.38103448275862073
0,298.9,309.9,1517,36.6,117,0,No Failure,11.0,55522.200000000004,0.3101694915254237
0,298.9,309.9,1309,56.2,119,0,No Failure,11.0,73565.8,0.4683333333333334
1,298.9,309.9,1357,54.5,121,0,No Failure,11.0,73956.5,0.44672131147540983
0,298.8,309.8,1490,40.6,124,0,No Failure,11.0,60494.0,0.32480000000000003
2,298.8,309.8,1911,21.6,126,0,No Failure,11.0,41277.600000000006,0.1700787401574803
0,298.8,309.8,1599,33.6,131,0,No Failure,11.0,53726.4,0.2545454545454546
1,298.8,309.7,2098,19.0,133,0,No Failure,10.899999999999977,39862.0,0.1417910447761194
1,298.7,309.7,1629,27.9,136,0,No Failure,11.0,45449.1,0.20364963503649633
0,298.8,309.8,1557,37.2,139,0,No Failure,11.0,57920.4,0.26571428571428574
0,298.8,309.8,1461,39.4,141,0,No Failure,11.0,57563.4,0.27746478873239433
0,298.8,309.8,1563,33.7,143,0,No Failure,11.0,52673.100000000006,0.2340277777777778
0,298.7,309.8,1695,29.0,145,0,No Failure,11.100000000000023,49155.0,0.19863013698630136
0,298.8,310.0,1528,36.7,147,0,No Failure,11.199999999999989,56077.600000000006,0.247972972972973
0,298.8,310.0,1389,49.6,149,0,No Failure,11.199999999999989,68894.40000000001,0.33066666666666666
0,298.9,310.0,2231,17.4,151,0,No Failure,11.100000000000023,38819.399999999994,0.11447368421052631
1,298.9,310.1,1442,42.9,153,0,No Failure,11.200000000000045,61861.799999999996,0.2785714285714286
2,298.9,310.1,1458,44.3,156,0,No Failure,11.200000000000045,64589.399999999994,0.2821656050955414
0,299.0,310.1,1444,47.7,161,0,No Failure,11.100000000000023,68878.8,0.29444444444444445
1,298.9,310.0,1348,58.2,163,0,No Failure,11.100000000000023,78453.6,0.35487804878048784
0,298.9,310.0,1791,27.6,166,0,No Failure,11.100000000000023,49431.600000000006,0.16526946107784432
0,299.0,310.0,1509,38.0,168,0,No Failure,11.0,57342.0,0.22485207100591717
0,298.9,310.0,1515,42.9,170,0,No Failure,11.100000000000023,64993.5,0.25087719298245614
1,298.9,310.1,1655,31.5,172,0,No Failure,11.200000000000045,52132.5,0.18208092485549132
0,298.9,310.1,1495,42.9,175,0,No Failure,11.200000000000045,64135.5,0.24375
0,298.9,310.2,1623,37.2,177,0,No Failure,11.300000000000011,60375.600000000006,0.20898876404494385
0,298.9,310.2,1562,42.5,179,0,No Failure,11.300000000000011,66385.0,0.2361111111111111
0,298.8,310.1,1574,36.2,181,0,No Failure,11.300000000000011,56978.8,0.19890109890109892
0,298.8,310.0,1611,32.4,183,0,No Failure,11.199999999999989,52196.399999999994,0.1760869565217391
0,298.8,310.0,1403,45.6,185,0,No Failure,11.199999999999989,63976.8,0.24516129032258066
0,298.8,310.1,1481,47.4,187,0,No Failure,11.300000000000011,70199.4,0.2521276595744681
1,298.9,310.1,1441,41.2,189,0,No Failure,11.200000000000045,59369.200000000004,0.21684210526315792
2,298.8,310.1,1483,45.4,192,0,No Failure,11.300000000000011,67328.2,0.23523316062176164
0,298.7,310.0,1555,32.6,197,0,No Failure,11.300000000000011,50693.0,0.16464646464646465
0,298.6,309.9,1615,28.8,199,0,No Failure,11.299999999999955,46512.0,0.14400000000000002
0,298.6,309.8,1561,32.6,201,0,No Failure,11.199999999999989,50888.600000000006,0.1613861386138614
0,298.5,309.8,1593,35.1,203,0,No Failure,11.300000000000011,55914.3,0.17205882352941176
1,298.5,309.7,1552,34.0,205,0,No Failure,11.199999999999989,52768.0,0.1650485436893204
2,298.5,309.7,1561,35.3,208,0,No Failure,11.199999999999989,55103.299999999996,0.16889952153110047
0,298.6,309.8,1597,35.9,213,0,No Failure,11.199999999999989,57332.299999999996,0.16775700934579438
1,298.6,309.9,1517,34.0,215,0,No Failure,11.299999999999955,51578.0,0.1574074074074074
0,298.6,309.8,2271,16.2,218,1,Tool Wear Failure,11.199999999999989,36790.2,0.07397260273972603
0,298.5,309.7,1613,36.7,0,0,No Failure,11.199999999999989,59197.100000000006,36.7
1,298.5,309.6,1509,47.3,2,0,No Failure,11.100000000000023,71375.7,15.766666666666666
0,298.6,309.7,1703,26.1,5,0,No Failure,11.099999999999966,44448.3,4.3500000000000005
0,298.6,309.7,1925,22.1,7,0,No Failure,11.099999999999966,42542.5,2.7625
1,298.6,309.6,1635,29.7,9,0,No Failure,11.0,48559.5,2.9699999999999998
0,298.5,309.5,1294,66.7,12,1,Power Failure,11.0,86309.8,5.130769230769231
0,298.6,309.6,1472,39.1,14,0,No Failure,11.0,57555.200000000004,2.606666666666667
2,298.6,309.6,1449,42.5,16,0,No Failure,11.0,61582.5,2.5
0,298.6,309.6,1563,35.0,21,0,No Failure,11.0,54705.0,1.5909090909090908
0,298.6,309.6,1611,35.7,23,0,No Failure,11.0,57512.700000000004,1.4875
0,298.6,309.6,1386,48.6,25,0,No Failure,11.0,67359.6,1.8692307692307693
2,298.6,309.5,1584,31.8,27,0,No Failure,10.899999999999977,50371.200000000004,1.1357142857142857
1,298.7,309.6,1424,50.4,32,0,No Failure,10.900000000000034,71769.59999999999,1.5272727272727273
0,298.5,309.5,1561,34.8,35,0,No Failure,11.0,54322.799999999996,0.9666666666666666
0,298.5,309.4,1560,37.9,37,0,No Failure,10.899999999999977,59124.0,0.9973684210526316
2,298.6,309.5,1375,41.0,39,0,No Failure,10.899999999999977,56375.0,1.025
1,298.6,309.5,1684,27.8,44,0,No Failure,10.899999999999977,46815.200000000004,0.6177777777777778
1,298.6,309.6,1397,54.1,47,0,No Failure,11.0,75577.7,1.1270833333333334
0,298.6,309.6,1387,57.6,50,0,No Failure,11.0,79891.2,1.1294117647058823
2,298.7,309.7,1311,54.5,52,0,No Failure,11.0,71449.5,1.028301886792453
0,298.8,309.8,1509,36.2,57,0,No Failure,11.0,54625.8,0.6241379310344828
1,298.8,309.8,1477,46.7,59,0,No Failure,11.0,68975.90000000001,0.7783333333333334
0,298.8,309.9,1441,41.6,62,0,No Failure,11.099999999999966,59945.6,0.6603174603174603
0,298.7,309.9,1404,47.1,64,0,No Failure,11.199999999999989,66128.40000000001,0.7246153846153847
2,298.8,309.9,1466,44.6,66,0,No Failure,11.099999999999966,65383.6,0.6656716417910448
1,298.7,309.8,1435,48.8,71,0,No Failure,11.100000000000023,70028.0,0.6777777777777777
2,298.7,309.7,1697,29.8,74,0,No Failure,11.0,50570.6,0.3973333333333333
1,298.7,309.6,1738,27.3,79,0,No Failure,10.900000000000034,47447.4,0.34125
2,298.6,309.5,1420,50.4,82,0,No Failure,10.899999999999977,71568.0,0.6072289156626506
1,298.5,309.5,1535,39.8,87,0,No Failure,11.0,61092.99999999999,0.4522727272727272
0,298.6,309.6,1715,28.4,90,0,No Failure,11.0,48706.0,0.3120879120879121
0,298.6,309.5,1483,43.2,92,0,No Failure,10.899999999999977,64065.600000000006,0.4645161290322581
1,298.5,309.4,1521,37.5,94,0,No Failure,10.899999999999977,57037.5,0.39473684210526316
2,298.5,309.4,1573,36.0,97,0,No Failure,10.899999999999977,56628.0,0.3673469387755102
2,298.5,309.4,1414,46.7,102,0,No Failure,10.899999999999977,66033.8,0.45339805825242724
0,298.5,309.3,1590,33.9,107,0,No Failure,10.800000000000011,53901.0,0.3138888888888889
0,298.5,309.3,1623,33.1,109,0,No Failure,10.800000000000011,53721.3,0.3009090909090909
2,298.4,309.3,1694,30.9,111,0,No Failure,10.900000000000034,52344.6,0.2758928571428571
1,298.4,309.2,1597,33.5,116,0,No Failure,10.800000000000011,53499.5,0.2863247863247863
0,298.5,309.3,1471,44.7,119,0,No Failure,10.800000000000011,65753.7,0.3725
1,298.5,309.3,1551,34.7,121,0,No Failure,10.800000000000011,53819.700000000004,0.28442622950819674
2,298.5,309.3,1421,50.3,124,0,No Failure,10.800000000000011,71476.3,0.4024
1,298.4,309.3,1496,45.6,129,0,No Failure,10.900000000000034,68217.6,0.3507692307692308
2,298.4,309.3,1984,19.2,132,0,No Failure,10.900000000000034,38092.799999999996,0.14436090225563908
0,298.4,309.2,1692,29.8,137,0,No Failure,10.800000000000011,50421.6,0.21594202898550724
0,298.4,309.1,1467,42.5,139,0,No Failure,10.700000000000045,62347.5,0.30357142857142855
0,298.4,309.2,1651,28.5,141,0,No Failure,10.800000000000011,47053.5,0.2007042253521127
0,298.3,309.1,1417,60.5,143,0,No Failure,10.800000000000011,85728.5,0.4201388888888889
0,298.2,309.0,1413,55.0,145,0,No Failure,10.800000000000011,77715.0,0.3767123287671233
1,298.2,309.0,1441,44.2,147,0,No Failure,10.800000000000011,63692.200000000004,0.29864864864864865
1,298.2,309.0,1353,50.3,150,0,No Failure,10.800000000000011,68055.9,0.33311258278145695
0,298.1,309.0,1502,40.9,153,0,No Failure,10.899999999999977,61431.799999999996,0.2655844155844156
0,298.2,309.0,1610,31.7,155,0,No Failure,10.800000000000011,51037.0,0.2032051282051282
1,298.2,309.1,1411,45.8,157,0,No Failure,10.900000000000034,64623.799999999996,0.289873417721519
0,298.3,309.1,1387,52.3,160,0,No Failure,10.800000000000011,72540.09999999999,0.3248447204968944
2,298.3,309.1,1430,40.9,162,0,No Failure,10.800000000000011,58487.0,0.250920245398773
1,298.4,309.1,1576,38.8,167,0,No Failure,10.700000000000045,61148.799999999996,0.23095238095238094
1,298.5,309.2,1721,29.4,170,0,No Failure,10.699999999999989,50597.399999999994,0.1719298245614035
1,298.5,309.3,1465,42.4,173,0,No Failure,10.800000000000011,62116.0,0.24367816091954023
1,298.6,309.4,1407,45.1,176,0,No Failure,10.799999999999955,63455.700000000004,0.25480225988700567
1,298.6,309.4,1464,36.9,179,0,No Failure,10.799999999999955,54021.6,0.205
1,298.6,309.5,1568,36.7,182,0,No Failure,10.899999999999977,57545.600000000006,0.20054644808743172
0,298.6,309.4,1667,35.6,185,0,No Failure,10.799999999999955,59345.200000000004,0.1913978494623656
0,298.5,309.4,1360,60.9,187,1,Overstrain Failure,10.899999999999977,82824.0,0.32393617021276594
1,298.5,309.3,1488,43.7,189,0,No Failure,10.800000000000011,65025.600000000006,0.23
0,298.4,309.3,1504,39.3,192,0,No Failure,10.900000000000034,59107.2,0.20362694300518133
0,298.4,309.2,1610,32.4,194,0,No Failure,10.800000000000011,52164.0,0.16615384615384615
0,298.4,309.2,1345,52.7,196,0,No Failure,10.800000000000011,70881.5,0.26751269035533
1,298.3,309.3,1376,57.0,198,0,No Failure,11.0,78432.0,0.2864321608040201
0,298.4,309.4,1385,50.0,201,0,No Failure,11.0,69250.0,0.24752475247524752
1,298.4,309.4,1429,41.8,203,0,No Failure,11.0,59732.2,0.20490196078431372
0,298.3,309.3,1337,56.1,206,1,Overstrain Failure,11.0,75005.7,0.2710144927536232
0,298.4,309.3,1542,35.4,208,0,No Failure,10.900000000000034,54586.799999999996,0.16937799043062202
0,298.4,309.2,2118,17.7,210,0,No Failure,10.800000000000011,37488.6,0.08388625592417061
0,298.3,309.1,1386,45.3,212,0,No Failure,10.800000000000011,62785.799999999996,0.21267605633802816
1,298.3,309.1,1632,32.7,0,0,No Failure,10.800000000000011,53366.4,32.7
0,298.4,309.3,1545,36.9,3,0,No Failure,10.900000000000034,57010.5,9.225
1,298.4,309.3,1390,53.6,5,0,No Failure,10.900000000000034,74504.0,8.933333333333334
1,298.4,309.3,1355,50.6,8,0,No Failure,10.900000000000034,68563.0,5.622222222222223
0,298.4,309.2,1425,45.5,11,0,No Failure,10.800000000000011,64837.5,3.7916666666666665
1,298.4,309.2,1491,51.2,13,0,No Failure,10.800000000000011,76339.2,3.6571428571428575
2,298.3,309.2,1486,42.4,16,0,No Failure,10.899999999999977,63006.4,2.4941176470588236
1,298.3,309.2,1359,51.4,21,0,No Failure,10.899999999999977,69852.59999999999,2.3363636363636364
0,298.4,309.3,1395,47.6,24,0,No Failure,10.900000000000034,66402.0,1.9040000000000001
0,298.3,309.2,1383,52.1,26,0,No Failure,10.899999999999977,72054.3,1.9296296296296296
2,298.3,309.1,1484,37.0,28,0,No Failure,10.800000000000011,54908.0,1.2758620689655173
0,298.3,309.1,1421,47.4,33,0,No Failure,10.800000000000011,67355.4,1.3941176470588235
0,298.3,309.0,1339,58.8,35,0,No Failure,10.699999999999989,78733.2,1.6333333333333333
0,298.4,309.1,1362,46.1,37,0,No Failure,10.700000000000045,62788.200000000004,1.2131578947368422
2,298.5,309.2,1568,40.6,39,0,No Failure,10.699999999999989,63660.8,1.0150000000000001
0,298.6,309.4,2312,15.5,44,0,No Failure,10.799999999999955,35836.0,0.34444444444444444
1,298.5,309.3,1498,34.6,46,0,No Failure,10.800000000000011,51830.8,0.7361702127659575
1,298.5,309.3,1761,27.2,49,0,No Failure,10.800000000000011,47899.2,0.544
0,298.6,309.4,1316,51.4,52,0,No Failure,10.799999999999955,67642.4,0.969811320754717
0,298.6,309.4,1525,37.8,54,0,No Failure,10.799999999999955,57644.99999999999,0.6872727272727273
2,298.6,309.4,1362,45.3,56,0,No Failure,10.799999999999955,61698.6,0.7947368421052631
0,298.7,309.6,1516,38.5,61,0,No Failure,10.900000000000034,58366.0,0.6209677419354839
0,298.6,309.5,1450,44.2,63,0,No Failure,10.899999999999977,64090.00000000001,0.690625
1,298.6,309.5,1366,55.0,65,0,No Failure,10.899999999999977,75130.0,0.8333333333333334
0,298.5,309.5,1547,33.1,68,0,No Failure,11.0,51205.700000000004,0.4797101449275363
1,298.6,309.5,1580,33.9,70,0,No Failure,10.899999999999977,53562.0,0.47746478873239434
2,298.7,309.6,1755,26.9,73,0,No Failure,10.900000000000034,47209.5,0.3635135135135135
1,298.7,309.6,1800,24.8,78,0,No Failure,10.900000000000034,44640.0,0.3139240506329114
1,298.8,309.7,1439,45.8,81,0,No Failure,10.899999999999977,65906.2,0.5585365853658536
0,298.9,309.8,1411,56.3,84,0,No Failure,10.900000000000034,79439.3,0.6623529411764706
1,298.9,309.9,1645,31.4,86,0,No Failure,11.0,51653.0,0.36091954022988504
1,298.9,309.8,2450,13.9,89,0,No Failure,10.900000000000034,34055.0,0.15444444444444444
0,299.0,309.9,1630,34.0,92,0,No Failure,10.899999999999977,55420.0,0.3655913978494624
0,299.0,309.9,1411,44.7,94,0,No Failure,10.899999999999977,63071.700000000004,0.47052631578947374
0,298.9,309.9,1526,35.4,96,0,No Failure,11.0,54020.4,0.3649484536082474
0,298.9,309.9,1590,31.3,98,0,No Failure,11.0,49767.0,0.31616161616161614
2,299.0,309.9,1884,25.6,100,0,No Failure,10.899999999999977,48230.4,0.25346534653465347
1,298.9,309.8,1947,21.7,105,0,No Failure,10.900000000000034,42249.9,0.20471698113207545
0,298.9,309.9,1373,52.1,108,0,No Failure,11.0,71533.3,0.4779816513761468
0,298.9,309.8,1616,36.5,110,0,No Failure,10.900000000000034,58984.0,0.32882882882882886
1,298.9,309.9,1449,44.1,112,0,No Failure,11.0,63900.9,0.39026548672566375
1,298.9,309.8,1363,50.6,115,0,No Failure,10.900000000000034,68967.8,0.4362068965517242
2,298.8,309.7,1461,55.1,118,0,No Failure,10.899999999999977,80501.1,0.46302521008403363
0,298.8,309.7,1374,58.6,123,0,No Failure,10.899999999999977,80516.40000000001,0.47258064516129034
0,298.7,309.7,1293,59.1,125,0,No Failure,11.0,76416.3,0.46904761904761905
1,298.8,309.8,1490,38.6,127,0,No Failure,11.0,57514.0,0.3015625
0,298.8,309.8,1753,27.5,130,0,No Failure,11.0,48207.5,0.2099236641221374
0,298.8,309.8,1493,38.5,132,0,No Failure,11.0,57480.5,0.2894736842105263
0,298.8,309.8,1895,22.0,134,0,No Failure,11.0,41690.0,0.16296296296296298
2,298.7,309.6,1654,34.3,136,0,No Failure,10.900000000000034,56732.2,0.2503649635036496
0,298.7,309.5,1673,30.8,141,0,No Failure,10.800000000000011,51528.4,0.21690140845070424
0,298.8,309.6,1613,27.7,143,0,No Failure,10.800000000000011,44680.1,0.1923611111111111
0,298.8,309.6,1903,22.3,145,0,No Failure,10.800000000000011,42436.9,0.15273972602739727
0,298.8,309.5,1368,44.7,147,0,No Failure,10.699999999999989,61149.600000000006,0.30202702702702705
1,298.8,309.6,1575,34.4,149,0,No Failure,10.800000000000011,54180.0,0.22933333333333333
2,298.8,309.6,1516,40.2,152,0,No Failure,10.800000000000011,60943.200000000004,0.2627450980392157
0,298.8,309.5,1645,32.8,157,0,No Failure,10.699999999999989,53955.99999999999,0.20759493670886073
0,298.8,309.5,1374,48.1,159,0,No Failure,10.699999999999989,66089.40000000001,0.30062500000000003
2,298.9,309.7,1407,48.6,161,0,No Failure,10.800000000000011,68380.2,0.3
1,298.9,309.6,1284,55.3,166,0,No Failure,10.700000000000045,71005.2,0.3311377245508982
0,298.9,309.5,1645,31.1,169,0,No Failure,10.600000000000023,51159.5,0.18294117647058825
0,298.8,309.4,1387,54.1,171,0,No Failure,10.599999999999966,75036.7,0.31453488372093025
1,298.8,309.3,1618,35.1,173,0,No Failure,10.5,56791.8,0.2017241379310345
0,298.8,309.3,1357,47.1,176,0,No Failure,10.5,63914.700000000004,0.26610169491525426
0,298.7,309.2,1396,44.8,178,0,No Failure,10.5,62540.799999999996,0.2502793296089385
0,298.7,309.2,1586,31.4,180,0,No Failure,10.5,49800.399999999994,0.1734806629834254
2,298.7,309.2,1449,42.3,182,0,No Failure,10.5,61292.7,0.23114754098360654
1,298.7,309.2,1423,48.9,187,0,No Failure,10.5,69584.7,0.2601063829787234
2,298.7,309.3,1402,45.3,190,0,No Failure,10.600000000000023,63510.6,0.23717277486910993
1,298.7,309.2,1437,45.7,195,0,No Failure,10.5,65670.90000000001,0.23316326530612247
0,298.6,309.1,1537,35.7,198,0,No Failure,10.5,54870.9,0.17939698492462314
1,298.7,309.1,1423,49.5,200,0,No Failure,10.400000000000034,70438.5,0.2462686567164179
1,298.6,309.1,1587,37.3,203,0,No Failure,10.5,59195.1,0.18284313725490195
1,298.6,309.1,1487,43.2,206,0,No Failure,10.5,64238.4,0.20869565217391306
0,298.6,309.0,1456,47.7,0,0,No Failure,10.399999999999977,69451.2,47.7
0,298.7,309.1,1607,32.7,2,0,No Failure,10.400000000000034,52548.9,10.9
0,298.6,309.0,1469,46.0,4,0,No Failure,10.399999999999977,67574.0,9.2
1,298.6,309.0,1481,40.8,6,0,No Failure,10.399999999999977,60424.799999999996,5.828571428571428
0,298.6,308.9,1327,58.8,9,0,No Failure,10.299999999999955,78027.59999999999,5.88
0,298.5,308.8,1589,30.6,11,0,No Failure,10.300000000000011,48623.4,2.5500000000000003
0,298.5,308.8,1670,29.6,13,0,No Failure,10.300000000000011,49432.0,2.1142857142857143
1,298.5,308.7,1662,28.3,15,0,No Failure,10.199999999999989,47034.6,1.76875
1,298.5,308.8,1553,34.9,18,0,No Failure,10.300000000000011,54199.7,1.8368421052631578
1,298.5,308.8,1557,36.0,21,0,No Failure,10.300000000000011,56052.0,1.6363636363636365
0,298.4,308.8,1352,56.7,24,0,No Failure,10.400000000000034,76658.40000000001,2.2680000000000002
0,298.5,308.8,1305,58.7,26,0,No Failure,10.300000000000011,76603.5,2.174074074074074
2,298.5,308.7,1450,43.9,28,0,No Failure,10.199999999999989,63655.0,1.513793103448276
1,298.5,308.7,1347,48.5,33,0,No Failure,10.199999999999989,65329.5,1.4264705882352942
2,298.6,308.8,1566,39.1,36,0,No Failure,10.199999999999989,61230.600000000006,1.0567567567567568
1,298.5,308.7,1615,33.3,41,0,No Failure,10.199999999999989,53779.49999999999,0.7928571428571428
1,298.5,308.6,1384,54.4,44,0,No Failure,10.100000000000023,75289.59999999999,1.208888888888889
1,298.5,308.7,1367,47.3,47,0,No Failure,10.199999999999989,64659.1,0.9854166666666666
1,298.5,308.6,1897,20.2,50,0,No Failure,10.100000000000023,38319.4,0.396078431372549
0,298.5,308.6,1522,36.9,53,0,No Failure,10.100000000000023,56161.799999999996,0.6833333333333333
1,298.4,308.5,1576,27.4,55,0,No Failure,10.100000000000023,43182.399999999994,0.48928571428571427
2,298.4,308.4,1479,39.2,58,0,No Failure,10.0,57976.8,0.664406779661017
0,298.3,308.3,1452,45.5,63,0,No Failure,10.0,66066.0,0.7109375
0,298.3,308.3,1432,46.9,65,0,No Failure,10.0,67160.8,0.7106060606060606
0,298.3,308.2,1663,28.4,67,0,No Failure,9.899999999999977,47229.2,0.41764705882352937
0,298.3,308.3,1597,32.4,69,0,No Failure,10.0,51742.799999999996,0.46285714285714286
0,298.3,308.2,1472,44.3,71,0,No Failure,9.899999999999977,65209.6,0.6152777777777777
0,298.4,308.3,1452,48.5,73,0,No Failure,9.900000000000034,70422.0,0.6554054054054054
2,298.3,308.2,1534,33.2,75,0,No Failure,9.899999999999977,50928.8,0.4368421052631579
0,298.3,308.1,1505,46.1,80,0,No Failure,9.800000000000011,69380.5,0.5691358024691359
0,298.3,308.1,1528,33.9,82,0,No Failure,9.800000000000011,51799.2,0.40843373493975904
2,298.3,308.1,2636,12.8,84,0,No Failure,9.800000000000011,33740.8,0.15058823529411766
1,298.3,308.1,1722,28.6,89,0,No Failure,9.800000000000011,49249.200000000004,0.31777777777777777
0,298.4,308.1,1395,44.0,92,0,No Failure,9.700000000000045,61380.0,0.4731182795698925
0,298.4,308.1,1375,50.8,94,0,No Failure,9.700000000000045,69850.0,0.5347368421052632
1,298.3,308.0,1766,26.0,96,0,No Failure,9.699999999999989,45916.0,0.26804123711340205
0,298.3,307.9,1399,47.8,99,0,No Failure,9.599999999999966,66872.2,0.478
0,298.3,308.0,1578,37.8,101,0,No Failure,9.699999999999989,59648.399999999994,0.3705882352941176
0,298.3,307.9,1502,42.0,103,0,No Failure,9.599999999999966,63084.0,0.40384615384615385
1,298.2,307.9,1529,36.6,105,0,No Failure,9.699999999999989,55961.4,0.34528301886792456
0,298.2,307.8,1804,25.1,108,0,No Failure,9.600000000000023,45280.4,0.23027522935779818
1,298.2,307.8,1411,53.4,110,0,No Failure,9.600000000000023,75347.4,0.48108108108108105
0,298.1,307.8,1413,54.1,113,0,No Failure,9.699999999999989,76443.3,0.47456140350877196
0,298.2,307.8,1355,59.4,115,0,No Failure,9.600000000000023,80487.0,0.5120689655172413
0,298.2,307.8,1429,46.9,117,0,No Failure,9.600000000000023,67020.09999999999,0.3974576271186441
0,298.1,307.8,1565,35.3,119,0,No Failure,9.699999999999989,55244.49999999999,0.29416666666666663
1,298.1,307.9,1446,42.8,121,0,No Failure,9.799999999999955,61888.799999999996,0.3508196721311475
1,298.2,307.9,1462,38.8,124,0,No Failure,9.699999999999989,56725.6,0.31039999999999995
1,298.2,307.8,1578,34.5,127,0,No Failure,9.600000000000023,54441.0,0.26953125
0,298.1,307.8,1606,33.0,130,0,No Failure,9.699999999999989,52998.0,0.25190839694656486
1,298.1,307.8,1525,35.9,132,0,No Failure,9.699999999999989,54747.5,0.2699248120300752
0,298.1,307.8,1379,49.1,135,0,No Failure,9.699999999999989,67708.90000000001,0.3610294117647059
0,298.2,307.8,1575,35.0,137,0,No Failure,9.600000000000023,55125.0,0.2536231884057971
0,298.2,307.9,1399,54.9,139,0,No Failure,9.699999999999989,76805.09999999999,0.3921428571428571
0,298.2,307.9,1429,49.4,141,0,No Failure,9.699999999999989,70592.59999999999,0.34788732394366195
0,298.3,307.9,1435,39.9,143,0,No Failure,9.599999999999966,57256.5,0.27708333333333335
0,298.3,307.9,1766,26.5,145,0,No Failure,9.599999999999966,46799.0,0.1815068493150685
0,298.3,307.9,1703,28.9,147,0,No Failure,9.599999999999966,49216.7,0.19527027027027027
0,298.3,307.9,1507,41.2,149,0,No Failure,9.599999999999966,62088.4,0.27466666666666667
1,298.3,307.9,1609,32.4,151,0,No Failure,9.599999999999966,52131.6,0.2131578947368421
0,298.4,308.0,1605,32.4,154,0,No Failure,9.600000000000023,52002.0,0.2090322580645161
0,298.4,308.1,1491,50.0,156,0,No Failure,9.700000000000045,74550.0,0.3184713375796178
2,298.4,308.1,1891,24.7,158,0,No Failure,9.700000000000045,46707.7,0.15534591194968553
2,298.5,308.2,1563,44.6,163,0,No Failure,9.699999999999989,69709.8,0.27195121951219514
0,298.6,308.2,1390,51.4,168,0,No Failure,9.599999999999966,71446.0,0.3041420118343195
0,298.5,308.2,1444,40.5,170,0,No Failure,9.699999999999989,58482.0,0.23684210526315788
0,298.6,308.2,1361,68.2,172,1,Power Failure,9.599999999999966,92820.2,0.3942196531791908
1,298.6,308.3,1589,34.1,174,0,No Failure,9.699999999999989,54184.9,0.19485714285714287
0,298.6,308.2,1705,26.3,177,0,No Failure,9.599999999999966,44841.5,0.14775280898876406
0,298.6,308.3,1422,40.4,179,0,No Failure,9.699999999999989,57448.799999999996,0.22444444444444445
2,298.6,308.3,1377,52.1,181,0,No Failure,9.699999999999989,71741.7,0.28626373626373625
0,298.5,308.3,1334,49.8,186,0,No Failure,9.800000000000011,66433.2,0.2663101604278075
0,298.6,308.4,1559,36.6,188,0,No Failure,9.799999999999955,57059.4,0.19365079365079366
0,298.7,308.5,1353,47.0,190,0,No Failure,9.800000000000011,63591.0,0.24607329842931938
1,298.7,308.4,1507,45.7,192,0,No Failure,9.699999999999989,68869.90000000001,0.2367875647668394
0,298.7,308.4,1694,28.7,195,0,No Failure,9.699999999999989,48617.799999999996,0.14642857142857144
2,298.7,308.4,1432,42.8,197,0,No Failure,9.699999999999989,61289.6,0.21616161616161614
2,298.7,308.5,1572,35.6,202,0,No Failure,9.800000000000011,55963.200000000004,0.17536945812807883
1,298.8,308.6,1507,42.3,207,0,No Failure,9.800000000000011,63746.1,0.20336538461538461
1,298.8,308.6,1500,37.1,210,0,No Failure,9.800000000000011,55650.0,0.17582938388625594
0,298.9,308.6,1771,24.1,213,0,No Failure,9.700000000000045,42681.100000000006,0.11261682242990655
1,298.8,308.5,1577,33.2,0,0,No Failure,9.699999999999989,52356.4,33.2
0,298.8,308.5,1527,36.2,3,0,No Failure,9.699999999999989,55277.4,9.05
1,298.9,308.4,1827,26.1,5,0,No Failure,9.5,47684.700000000004,4.3500000000000005
0,298.8,308.4,1484,39.2,8,0,No Failure,9.599999999999966,58172.8,4.355555555555556
0,298.8,308.4,1401,47.3,10,0,No Failure,9.599999999999966,66267.3,4.3
0,298.8,308.3,1634,27.9,12,0,No Failure,9.5,45588.6,2.146153846153846
1,298.8,308.4,1604,29.5,14,0,No Failure,9.599999999999966,47318.0,1.9666666666666666
2,298.9,308.4,1632,31.8,17,0,No Failure,9.5,51897.6,1.7666666666666666
1,299.0,308.6,1645,33.4,22,0,No Failure,9.600000000000023,54943.0,1.452173913043478
2,299.0,308.7,1408,48.5,25,0,No Failure,9.699999999999989,68288.0,1.8653846153846154
1,299.0,308.7,1500,40.2,30,0,No Failure,9.699999999999989,60300.00000000001,1.2967741935483872
